# Blender 5.2.0 LTS
# www.blender.org
mtllib mainbody.mtl
o 138508670368785
v 0.510425 -0.563312 0.085868
v 0.543973 -0.577854 -0.053652
v 0.543973 -0.577854 0.053652
v 0.510425 -0.563312 -0.085868
v 0.198540 -0.428126 -0.085868
v 0.198540 -0.428126 0.085868
v 0.166996 -0.414455 0.053608
v 0.166996 -0.414455 -0.053608
v 0.475973 0.232390 0.039433
v 0.770135 0.126763 -0.039450
v 0.475973 0.232390 -0.039433
v 0.442894 0.223590 0.046478
v 0.442894 0.223590 -0.046478
v 0.437299 0.105281 0.046477
v 0.437299 0.105281 -0.046477
v 0.419463 -0.008632 0.046471
v 0.419463 -0.008632 -0.046471
v 0.379676 -0.114663 0.046461
v 0.379676 -0.114663 -0.046461
v 0.317944 -0.212814 0.046446
v 0.317944 -0.212814 -0.046446
v 0.247168 -0.298642 0.046425
v 0.247168 -0.298642 -0.046425
v 0.192977 -0.320153 0.057618
v 0.192977 -0.320153 -0.057618
v 0.165874 -0.379809 -0.057622
v 0.165874 -0.379809 0.057622
v 0.166996 -0.414455 -0.053608
v 0.166996 -0.414455 0.053608
v 0.664667 -0.337312 -0.046481
v 0.664667 -0.337312 0.046481
v 0.587497 -0.438995 -0.046469
v 0.587497 -0.438995 0.046469
v 0.726399 -0.239162 0.046489
v 0.598181 -0.495786 -0.057667
v 0.726399 -0.239162 -0.046489
v 0.598181 -0.495786 0.057667
v 0.766183 -0.133130 0.046495
v 0.571079 -0.555443 0.057669
v 0.766183 -0.133130 -0.046495
v 0.571079 -0.555443 -0.057669
v 0.543973 -0.577854 0.053652
v 0.543973 -0.577854 -0.053652
v 0.784020 -0.019218 -0.046498
v 0.784020 -0.019218 0.046498
v 0.789616 0.099090 0.046499
v 0.789616 0.099090 -0.046499
v 0.770135 0.126763 0.039450
v 0.627827 -0.324085 0.076914
v 0.551261 -0.424051 0.076914
v 0.587497 -0.438995 0.046469
v 0.664667 -0.337312 0.046481
v 0.562105 -0.480149 0.092297
v 0.598181 -0.495786 0.057667
v 0.571079 -0.555443 0.057669
v 0.689441 -0.225892 0.076914
v 0.726399 -0.239162 0.046489
v 0.766183 -0.133130 0.046495
v 0.681464 -0.223027 0.076914
v 0.728988 -0.119775 0.076914
v 0.784020 -0.019218 0.046498
v 0.619479 -0.321087 0.076914
v 0.559483 -0.395130 0.076914
v 0.721248 -0.116996 0.076914
v 0.746598 -0.005780 0.076914
v 0.738833 -0.002991 0.076914
v 0.789616 0.099090 0.046499
v 0.742053 0.091437 0.076914
v 0.752100 0.112561 0.076914
v 0.789616 0.099090 -0.046499
v 0.746598 -0.005780 -0.076914
v 0.752100 0.112561 -0.076914
v 0.784020 -0.019218 -0.046498
v 0.770135 0.126763 -0.039450
v 0.728988 -0.119775 -0.076914
v 0.766183 -0.133130 -0.046495
v 0.742053 0.091437 -0.076914
v 0.738620 -0.009300 -0.076914
v 0.721248 -0.116996 -0.076914
v 0.682546 -0.221289 -0.076914
v 0.689441 -0.225892 -0.076914
v 0.726399 -0.239162 -0.046489
v 0.623488 -0.316142 -0.076914
v 0.664667 -0.337312 -0.046481
v 0.627827 -0.324085 -0.076914
v 0.559483 -0.395130 -0.076914
v 0.587497 -0.438995 -0.046469
v 0.551261 -0.424051 -0.076914
v 0.770135 0.126763 0.039450
v 0.711207 0.102512 0.076914
v 0.738305 0.138192 0.065255
v 0.475973 0.232390 0.039433
v 0.506916 0.221278 0.065255
v 0.479367 0.210492 0.076914
v 0.442894 0.223590 0.046478
v 0.628669 0.132149 0.076914
v 0.625451 0.037720 0.076914
v 0.707989 0.008083 0.076914
v 0.597824 0.143227 0.076914
v 0.607866 -0.076282 0.076914
v 0.690404 -0.105920 0.076914
v 0.568082 -0.182314 0.076914
v 0.650619 -0.211951 0.076914
v 0.588635 -0.310012 0.076914
v 0.506098 -0.280375 0.076914
v 0.528640 -0.384055 0.076914
v 0.446102 -0.354416 0.076914
v 0.415256 -0.343341 0.076914
v 0.281331 -0.312730 0.076914
v 0.332719 -0.313705 0.076914
v 0.392714 -0.239661 0.076914
v 0.475252 -0.269298 0.076914
v 0.454699 -0.141602 0.076914
v 0.537235 -0.171239 0.076914
v 0.577021 -0.065207 0.076914
v 0.494483 -0.035570 0.076914
v 0.594605 0.048796 0.076914
v 0.512068 0.078433 0.076914
v 0.515286 0.172863 0.076914
v 0.484442 0.183938 0.076914
v 0.473637 0.092233 0.076914
v 0.481222 0.089509 0.076914
v 0.437299 0.105281 0.046477
v 0.419463 -0.008632 0.046471
v 0.455447 -0.021552 0.076914
v 0.463638 -0.024494 0.076914
v 0.423852 -0.130526 0.076914
v 0.415221 -0.127426 0.076914
v 0.379676 -0.114663 0.046461
v 0.361869 -0.228586 0.076914
v 0.353078 -0.225430 0.076914
v 0.317944 -0.212814 0.046446
v 0.301873 -0.302627 0.076914
v 0.247168 -0.298642 0.046425
v 0.226810 -0.334817 0.092297
v 0.192977 -0.320153 0.057618
v 0.165874 -0.379809 0.057622
v 0.199779 -0.394505 0.092297
v 0.166996 -0.414455 0.053608
v 0.198540 -0.428126 0.085868
v 0.535018 -0.539810 0.092297
v 0.510425 -0.563312 0.085868
v 0.543973 -0.577854 0.053652
v 0.528640 -0.384055 -0.076914
v 0.446102 -0.354416 -0.076914
v 0.510104 -0.275428 -0.076914
v 0.592641 -0.305065 -0.076914
v 0.569165 -0.180575 -0.076914
v 0.651702 -0.210212 -0.076914
v 0.607542 -0.078295 -0.076914
v 0.690404 -0.105920 -0.076914
v 0.707773 0.001776 -0.076914
v 0.625235 0.031413 -0.076914
v 0.711207 0.102512 -0.076914
v 0.628669 0.132149 -0.076914
v 0.597824 0.143227 -0.076914
v 0.479367 0.210492 -0.076914
v 0.515286 0.172863 -0.076914
v 0.511853 0.072126 -0.076914
v 0.594392 0.042489 -0.076914
v 0.494159 -0.037582 -0.076914
v 0.576697 -0.067219 -0.076914
v 0.538319 -0.169500 -0.076914
v 0.455781 -0.139862 -0.076914
v 0.479258 -0.264354 -0.076914
v 0.396721 -0.234717 -0.076914
v 0.415256 -0.343341 -0.076914
v 0.332719 -0.313705 -0.076914
v 0.484442 0.183938 -0.076914
v 0.281331 -0.312730 -0.076914
v 0.301873 -0.302627 -0.076914
v 0.562105 -0.480149 -0.092297
v 0.598181 -0.495786 -0.057667
v 0.571079 -0.555443 -0.057669
v 0.535018 -0.539810 -0.092297
v 0.543973 -0.577854 -0.053652
v 0.510425 -0.563312 -0.085868
v 0.198540 -0.428126 -0.085868
v 0.199779 -0.394505 -0.092297
v 0.166996 -0.414455 -0.053608
v 0.165874 -0.379809 -0.057622
v 0.226810 -0.334817 -0.092297
v 0.192977 -0.320153 -0.057618
v 0.247168 -0.298642 -0.046425
v 0.317944 -0.212814 -0.046446
v 0.353078 -0.225430 -0.076914
v 0.379676 -0.114663 -0.046461
v 0.365875 -0.223641 -0.076914
v 0.415221 -0.127426 -0.076914
v 0.424936 -0.128787 -0.076914
v 0.419463 -0.008632 -0.046471
v 0.463313 -0.026505 -0.076914
v 0.455447 -0.021552 -0.076914
v 0.481009 0.083202 -0.076914
v 0.473637 0.092233 -0.076914
v 0.437299 0.105281 -0.046477
v 0.442894 0.223590 -0.046478
v 0.475973 0.232390 -0.039433
v 0.506916 0.221278 -0.065255
v 0.738305 0.138192 -0.065255
vn -0.3978 -0.9175 0.0005
vn -0.3977 -0.9175 -0.0000
vn -0.3978 -0.9175 0.0003
vn -0.3978 -0.9175 0.0006
vn 0.0163 0.9999 0.0005
vn 0.5390 0.8423 -0.0000
vn -0.6532 0.7571 0.0005
vn -0.6532 0.7572 0.0005
vn -0.9949 0.1011 -0.0000
vn -0.9667 0.2558 0.0005
vn -0.8942 0.4476 0.0005
vn -0.8095 0.5871 0.0005
vn -0.8096 0.5870 0.0005
vn -0.5187 0.8550 -0.0000
vn -0.5187 0.8550 0.0005
vn -0.6374 0.7705 0.0005
vn -0.9776 0.2104 0.0005
vn -0.9995 -0.0323 0.0003
vn 0.8219 -0.5696 0.0003
vn 0.8218 -0.5697 0.0005
vn 0.9727 -0.2322 0.0005
vn 0.8943 -0.4475 0.0005
vn 0.9894 -0.1449 0.0005
vn 0.9667 -0.2558 0.0005
vn 0.7829 -0.6222 0.0005
vn 0.6372 -0.7707 -0.0000
vn 0.6375 -0.7705 0.0006
vn 0.9949 -0.1010 0.0003
vn 0.9578 0.2875 0.0005
vn 0.5390 0.8423 0.0005
vn 0.1919 -0.1312 0.9726
vn 0.2746 0.1085 0.9554
vn 0.6524 -0.0256 0.7575
vn 0.5116 -0.3610 0.7797
vn 0.2452 0.0623 0.9675
vn 0.6712 -0.0490 0.7397
vn 0.4753 -0.5025 0.7222
vn 0.2012 -0.0966 0.9748
vn 0.5461 -0.2845 0.7879
vn 0.5879 -0.1670 0.7915
vn 0.0001 0.0005 1.0000
vn 0.2101 -0.0509 0.9764
vn 0.6143 -0.0692 0.7860
vn 0.2134 -0.0190 0.9768
vn 0.6625 0.2475 0.7070
vn 0.2469 0.1936 0.9495
vn 0.6625 0.2475 -0.7070
vn 0.2134 -0.0190 -0.9768
vn 0.2469 0.1936 -0.9495
vn 0.6143 -0.0692 -0.7860
vn 0.5192 0.8066 -0.2826
vn 0.2101 -0.0510 -0.9763
vn 0.5879 -0.1669 -0.7916
vn 0.0001 0.0005 -1.0000
vn 0.2012 -0.0966 -0.9748
vn 0.5461 -0.2845 -0.7879
vn 0.5116 -0.3609 -0.7798
vn 0.1919 -0.1312 -0.9726
vn 0.6524 -0.0256 -0.7575
vn 0.2746 0.1085 -0.9554
vn 0.5192 0.8066 0.2826
vn 0.3496 0.7480 0.5641
vn 0.0882 0.9492 0.3021
vn 0.1231 0.8663 0.4841
vn -0.1085 0.4145 0.9036
vn -0.2762 0.7180 0.6389
vn -0.0000 -0.0000 1.0000
vn -0.0966 0.3887 0.9163
vn -0.2099 0.0238 0.9774
vn -0.6288 0.0581 0.7754
vn -0.6067 0.1491 0.7809
vn -0.2027 0.0585 0.9775
vn -0.1939 0.1021 0.9757
vn -0.5672 0.2728 0.7771
vn -0.1874 0.1389 0.9724
vn -0.5254 0.3740 0.7643
vn -0.3647 0.6319 0.6839
vn -0.1240 0.3747 0.9188
vn -0.3210 0.7047 0.6328
vn -0.6799 0.1339 0.7210
vn -0.2387 -0.0095 0.9710
vn -0.7323 -0.1017 0.6734
vn -0.2213 -0.1755 0.9593
vn 0.1544 -0.2479 0.9564
vn 0.1988 -0.4462 0.8726
vn 0.3987 -0.6057 0.6886
vn -0.0000 -0.0000 -1.0000
vn -0.1085 0.4145 -0.9036
vn -0.0966 0.3887 -0.9163
vn 0.2452 0.0623 -0.9675
vn 0.6712 -0.0490 -0.7397
vn 0.4753 -0.5025 -0.7222
vn 0.1544 -0.2479 -0.9564
vn 0.3987 -0.6057 -0.6886
vn 0.1988 -0.4462 -0.8726
vn -0.2213 -0.1755 -0.9593
vn -0.2387 -0.0095 -0.9710
vn -0.7323 -0.1017 -0.6734
vn -0.6796 0.1338 -0.7213
vn -0.1240 0.3748 -0.9188
vn -0.3209 0.7047 -0.6328
vn -0.3647 0.6319 -0.6839
vn -0.5254 0.3740 -0.7643
vn -0.1874 0.1389 -0.9724
vn -0.5672 0.2728 -0.7771
vn -0.1939 0.1021 -0.9757
vn -0.6067 0.1491 -0.7809
vn -0.2026 0.0585 -0.9775
vn -0.2099 0.0237 -0.9774
vn -0.6288 0.0581 -0.7754
vn -0.2762 0.7180 -0.6389
vn 0.0882 0.9492 -0.3021
vn 0.1231 0.8663 -0.4840
vn 0.3496 0.7480 -0.5641
vt 0.000000 0.000000
s 1
f 1/1/1 2/1/2 3/1/1
f 2/1/2 1/1/1 4/1/3
f 1/1/1 5/1/3 4/1/3
f 6/1/4 5/1/3 1/1/1
f 5/1/3 6/1/4 7/1/1
f 5/1/3 7/1/1 8/1/1
f 9/1/5 10/1/6 11/1/5
f 11/1/5 12/1/7 9/1/5
f 12/1/7 11/1/5 13/1/8
f 13/1/8 14/1/9 12/1/7
f 13/1/8 15/1/9 14/1/9
f 15/1/9 16/1/10 14/1/9
f 15/1/9 17/1/10 16/1/10
f 17/1/10 18/1/11 16/1/10
f 17/1/10 19/1/11 18/1/11
f 19/1/11 20/1/12 18/1/11
f 19/1/11 21/1/13 20/1/12
f 21/1/13 22/1/14 20/1/12
f 21/1/13 23/1/15 22/1/14
f 23/1/15 24/1/16 22/1/14
f 24/1/16 23/1/15 25/1/16
f 26/1/17 24/1/16 25/1/16
f 24/1/16 26/1/17 27/1/17
f 28/1/18 27/1/17 26/1/17
f 27/1/17 28/1/18 29/1/18
f 30/1/19 31/1/20 32/1/21
f 32/1/21 31/1/20 33/1/21
f 30/1/19 34/1/22 31/1/20
f 33/1/21 35/1/23 32/1/21
f 36/1/22 34/1/22 30/1/19
f 35/1/23 33/1/21 37/1/23
f 36/1/22 38/1/24 34/1/22
f 35/1/23 37/1/23 39/1/25
f 40/1/24 38/1/24 36/1/22
f 39/1/25 41/1/25 35/1/23
f 41/1/25 39/1/25 42/1/26
f 42/1/26 43/1/27 41/1/25
f 44/1/28 38/1/24 40/1/24
f 38/1/24 44/1/28 45/1/28
f 44/1/28 46/1/29 45/1/28
f 47/1/29 46/1/29 44/1/28
f 10/1/6 46/1/29 47/1/29
f 46/1/29 10/1/6 48/1/30
f 10/1/6 9/1/5 48/1/30
f 49/1/31 50/1/32 51/1/33
f 49/1/31 51/1/33 52/1/34
f 53/1/35 51/1/33 50/1/32
f 51/1/33 53/1/35 54/1/36
f 53/1/35 55/1/37 54/1/36
f 52/1/34 56/1/38 49/1/31
f 56/1/38 52/1/34 57/1/39
f 58/1/40 56/1/38 57/1/39
f 59/1/41 49/1/31 56/1/38
f 56/1/38 58/1/40 60/1/42
f 56/1/38 60/1/42 59/1/41
f 61/1/43 60/1/42 58/1/40
f 49/1/31 59/1/41 62/1/41
f 62/1/41 63/1/41 49/1/31
f 50/1/32 49/1/31 63/1/41
f 64/1/41 59/1/41 60/1/42
f 60/1/42 61/1/43 65/1/44
f 60/1/42 65/1/44 64/1/41
f 66/1/41 64/1/41 65/1/44
f 67/1/45 65/1/44 61/1/43
f 65/1/44 68/1/41 66/1/41
f 65/1/44 67/1/45 69/1/46
f 65/1/44 69/1/46 68/1/41
f 70/1/47 71/1/48 72/1/49
f 71/1/48 70/1/47 73/1/50
f 72/1/49 74/1/51 70/1/47
f 73/1/50 75/1/52 71/1/48
f 75/1/52 73/1/50 76/1/53
f 72/1/49 71/1/48 77/1/54
f 78/1/54 77/1/54 71/1/48
f 75/1/52 78/1/54 71/1/48
f 78/1/54 75/1/52 79/1/54
f 75/1/52 80/1/54 79/1/54
f 76/1/53 81/1/55 75/1/52
f 80/1/54 75/1/52 81/1/55
f 81/1/55 76/1/53 82/1/56
f 81/1/55 83/1/54 80/1/54
f 84/1/57 81/1/55 82/1/56
f 81/1/55 85/1/58 83/1/54
f 81/1/55 84/1/57 85/1/58
f 86/1/54 83/1/54 85/1/58
f 87/1/59 85/1/58 84/1/57
f 85/1/58 88/1/60 86/1/54
f 85/1/58 87/1/59 88/1/60
f 69/1/46 67/1/45 89/1/61
f 69/1/46 90/1/41 68/1/41
f 69/1/46 89/1/61 91/1/62
f 89/1/61 92/1/63 91/1/62
f 91/1/62 92/1/63 93/1/64
f 93/1/64 69/1/46 91/1/62
f 92/1/63 94/1/65 93/1/64
f 69/1/46 93/1/64 94/1/65
f 94/1/65 92/1/63 95/1/66
f 90/1/41 69/1/46 96/1/41
f 96/1/41 97/1/41 90/1/41
f 98/1/41 90/1/41 97/1/41
f 96/1/41 69/1/46 99/1/67
f 100/1/41 98/1/41 97/1/41
f 69/1/46 94/1/65 99/1/67
f 101/1/41 98/1/41 100/1/41
f 102/1/41 101/1/41 100/1/41
f 103/1/41 101/1/41 102/1/41
f 102/1/41 104/1/41 103/1/41
f 104/1/41 102/1/41 105/1/41
f 105/1/41 106/1/41 104/1/41
f 106/1/41 105/1/41 107/1/41
f 107/1/41 50/1/32 106/1/41
f 106/1/41 50/1/32 63/1/41
f 50/1/32 107/1/41 108/1/67
f 109/1/68 50/1/32 108/1/67
f 109/1/68 53/1/35 50/1/32
f 109/1/68 108/1/67 110/1/41
f 108/1/67 111/1/41 110/1/41
f 111/1/41 108/1/67 112/1/41
f 112/1/41 113/1/41 111/1/41
f 113/1/41 112/1/41 114/1/41
f 114/1/41 115/1/41 113/1/41
f 113/1/41 115/1/41 116/1/41
f 115/1/41 117/1/41 116/1/41
f 116/1/41 117/1/41 118/1/41
f 117/1/41 99/1/67 118/1/41
f 119/1/41 118/1/41 99/1/67
f 99/1/67 94/1/65 119/1/41
f 94/1/65 120/1/41 119/1/41
f 121/1/69 120/1/41 94/1/65
f 122/1/41 120/1/41 121/1/69
f 94/1/65 123/1/70 121/1/69
f 123/1/70 94/1/65 95/1/66
f 124/1/71 121/1/69 123/1/70
f 125/1/72 122/1/41 121/1/69
f 121/1/69 124/1/71 125/1/72
f 122/1/41 125/1/72 126/1/41
f 125/1/72 127/1/41 126/1/41
f 124/1/71 128/1/73 125/1/72
f 127/1/41 125/1/72 128/1/73
f 128/1/73 124/1/71 129/1/74
f 128/1/73 130/1/41 127/1/41
f 129/1/74 131/1/75 128/1/73
f 130/1/41 128/1/73 131/1/75
f 131/1/75 129/1/74 132/1/76
f 133/1/41 130/1/41 131/1/75
f 132/1/76 109/1/68 131/1/75
f 131/1/75 109/1/68 133/1/41
f 109/1/68 110/1/41 133/1/41
f 132/1/76 134/1/77 109/1/68
f 135/1/78 109/1/68 134/1/77
f 136/1/79 135/1/78 134/1/77
f 53/1/35 109/1/68 135/1/78
f 137/1/80 135/1/78 136/1/79
f 135/1/78 137/1/80 138/1/81
f 138/1/81 53/1/35 135/1/78
f 139/1/82 138/1/81 137/1/80
f 138/1/81 139/1/82 140/1/83
f 53/1/35 138/1/81 141/1/84
f 140/1/83 141/1/84 138/1/81
f 55/1/37 53/1/35 141/1/84
f 141/1/84 140/1/83 142/1/85
f 141/1/84 143/1/86 55/1/37
f 143/1/86 141/1/84 142/1/85
f 88/1/60 144/1/54 86/1/54
f 88/1/60 145/1/54 144/1/54
f 145/1/54 146/1/54 144/1/54
f 147/1/54 144/1/54 146/1/54
f 147/1/54 146/1/54 148/1/54
f 149/1/54 147/1/54 148/1/54
f 150/1/54 149/1/54 148/1/54
f 149/1/54 150/1/54 151/1/54
f 150/1/54 152/1/54 151/1/54
f 152/1/54 150/1/54 153/1/54
f 153/1/54 154/1/54 152/1/54
f 154/1/54 153/1/54 155/1/54
f 155/1/54 72/1/49 154/1/54
f 154/1/54 72/1/49 77/1/54
f 156/1/87 72/1/49 155/1/54
f 72/1/49 156/1/87 157/1/88
f 157/1/88 156/1/87 158/1/54
f 156/1/87 159/1/54 158/1/54
f 159/1/54 156/1/87 160/1/54
f 160/1/54 161/1/54 159/1/54
f 161/1/54 160/1/54 162/1/54
f 163/1/54 161/1/54 162/1/54
f 161/1/54 163/1/54 164/1/54
f 165/1/54 164/1/54 163/1/54
f 164/1/54 165/1/54 166/1/54
f 165/1/54 167/1/87 166/1/54
f 166/1/54 167/1/87 168/1/54
f 157/1/88 158/1/54 169/1/54
f 170/1/89 168/1/54 167/1/87
f 170/1/89 171/1/54 168/1/54
f 88/1/60 167/1/87 145/1/54
f 167/1/87 88/1/60 170/1/89
f 172/1/90 170/1/89 88/1/60
f 87/1/59 172/1/90 88/1/60
f 172/1/90 87/1/59 173/1/91
f 174/1/92 172/1/90 173/1/91
f 172/1/90 174/1/92 175/1/93
f 176/1/94 175/1/93 174/1/92
f 175/1/93 176/1/94 177/1/95
f 178/1/96 175/1/93 177/1/95
f 175/1/93 178/1/96 179/1/97
f 179/1/97 172/1/90 175/1/93
f 180/1/98 179/1/97 178/1/96
f 179/1/97 180/1/98 181/1/99
f 172/1/90 179/1/97 182/1/100
f 182/1/100 179/1/97 181/1/99
f 172/1/90 182/1/100 170/1/89
f 182/1/100 181/1/99 183/1/101
f 184/1/102 182/1/100 183/1/101
f 182/1/100 184/1/102 170/1/89
f 185/1/103 170/1/89 184/1/102
f 170/1/89 185/1/103 186/1/104
f 170/1/89 186/1/104 171/1/54
f 187/1/105 186/1/104 185/1/103
f 188/1/54 171/1/54 186/1/104
f 186/1/104 187/1/105 189/1/106
f 186/1/104 189/1/106 188/1/54
f 190/1/54 188/1/54 189/1/106
f 191/1/107 189/1/106 187/1/105
f 189/1/106 192/1/54 190/1/54
f 192/1/54 189/1/106 193/1/108
f 189/1/106 191/1/107 193/1/108
f 193/1/108 194/1/54 192/1/54
f 195/1/109 193/1/108 191/1/107
f 194/1/54 193/1/108 195/1/109
f 169/1/54 194/1/54 195/1/109
f 191/1/107 196/1/110 195/1/109
f 195/1/109 157/1/88 169/1/54
f 157/1/88 195/1/109 196/1/110
f 196/1/110 197/1/111 157/1/88
f 157/1/88 197/1/111 198/1/112
f 198/1/112 199/1/113 157/1/88
f 72/1/49 157/1/88 199/1/113
f 198/1/112 200/1/114 199/1/113
f 72/1/49 199/1/113 200/1/114
f 200/1/114 198/1/112 74/1/51
f 74/1/51 72/1/49 200/1/114
o RenderMesh_115705145155429
v -0.405946 0.294812 -0.138839
v -0.426797 0.350676 -0.166439
v -0.394158 0.289741 -0.155997
v -0.440843 0.356673 -0.149777
v -0.428008 0.360382 -0.168237
v -0.439321 0.374287 -0.156563
v -0.347989 0.278099 -0.181515
v -0.442557 0.240570 -0.144723
v -0.446441 0.231611 -0.142839
v -0.456793 0.245246 -0.127799
v -0.405946 0.294812 -0.138839
v -0.460452 0.226668 -0.127448
v 0.936605 0.142492 -0.148140
v 0.921841 0.199566 -0.135465
v 0.949974 0.139993 -0.132479
v 0.910464 0.200992 -0.151439
v 0.937114 0.133397 -0.147592
v 0.947319 0.122936 -0.134483
v 0.867558 0.208557 -0.175100
v 0.957887 0.244114 -0.154234
v 0.921841 0.199566 -0.135465
v 0.962004 0.252246 -0.154720
v 0.971510 0.242834 -0.138646
v 0.975850 0.259179 -0.142654
v 0.984427 0.214020 0.155109
v 0.936341 0.182969 0.136147
v 0.996777 0.209198 0.139156
v 0.926184 0.187243 0.152433
v 0.990808 0.220520 0.155694
v 1.005899 0.223350 0.143460
v 0.887944 0.206600 0.177347
v 0.933450 0.123728 0.147016
v 0.936341 0.182969 0.136147
v 0.931190 0.114920 0.146229
v 0.945187 0.117821 0.130966
v 0.937553 0.102294 0.132610
v -0.386100 0.389268 0.166491
v -0.392359 0.405780 0.154417
v -0.401830 0.389983 0.150020
v -0.389191 0.379842 0.165778
v -0.396907 0.318613 0.143225
v -0.345224 0.282248 0.181515
v -0.385861 0.310286 0.159588
v -0.451085 0.285126 0.159367
v -0.396907 0.318613 0.143225
v -0.458488 0.278495 0.158993
v -0.464468 0.294129 0.143532
v -0.475341 0.278795 0.145822
v 0.908399 0.309673 0.163161
v 0.922382 0.312700 0.147908
v 0.911428 0.325551 0.152020
v 0.912634 0.301616 0.162483
v 0.928807 0.247353 0.141743
v 0.887944 0.206600 0.177347
v 0.920227 0.238157 0.156859
v 0.983096 0.225387 0.156098
v 0.928807 0.247353 0.141743
v 0.990808 0.220520 0.155694
v 0.993692 0.235554 0.141447
v 1.005899 0.223350 0.143460
v -0.379345 0.184947 0.148746
v -0.393344 0.248073 0.137061
v -0.391046 0.176474 0.131363
v -0.383042 0.254505 0.154712
v -0.375323 0.175898 0.147845
v -0.380004 0.161181 0.133043
v -0.345224 0.282248 0.181515
v -0.450456 0.272673 0.158278
v -0.393344 0.248073 0.137061
v -0.458488 0.278495 0.158993
v -0.463010 0.265253 0.141009
v -0.475341 0.278795 0.145822
v 0.854860 0.328389 -0.146442
v 0.869267 0.319332 -0.142917
v 0.856460 0.312619 -0.158024
v 0.862935 0.306195 -0.157669
v 0.895176 0.258816 -0.138913
v 0.867558 0.208557 -0.175100
v 0.889378 0.247845 -0.154166
v 0.953179 0.254573 -0.154844
v 0.895176 0.258816 -0.138913
v 0.962004 0.252246 -0.154720
v 0.960595 0.267090 -0.140058
v 0.975850 0.259179 -0.142654
v -0.367858 0.240922 -0.147732
v -0.436686 0.229672 -0.142878
v -0.347989 0.278099 -0.181515
v -0.372688 0.233077 -0.128389
v -0.443178 0.219973 -0.123522
v -0.446441 0.231611 -0.142839
v -0.460452 0.226668 -0.127448
v -0.334911 0.180107 -0.137563
v -0.372688 0.233077 -0.128389
v -0.327411 0.173643 -0.136625
v -0.340181 0.169812 -0.118144
v -0.324001 0.160216 -0.120324
v -0.307842 0.395732 -0.162702
v -0.297587 0.381999 -0.177719
v -0.306593 0.377936 -0.176582
v -0.289812 0.399068 -0.167433
v -0.356735 0.344531 -0.150371
v -0.347989 0.278099 -0.181515
v -0.355243 0.329058 -0.165116
v -0.418110 0.359453 -0.168475
v -0.356735 0.344531 -0.150371
v -0.428008 0.360382 -0.168237
v -0.420698 0.377025 -0.154498
v -0.439321 0.374287 -0.156563
v 0.872343 0.166501 -0.149287
v 0.824697 0.123610 -0.146718
v 0.867558 0.208557 -0.175100
v 0.816187 0.120317 -0.146490
v 0.825601 0.110822 -0.130412
v 0.808694 0.107942 -0.133220
v 0.873634 0.155952 -0.132744
v 0.928094 0.134793 -0.147659
v 0.873634 0.155952 -0.132744
v 0.937114 0.133397 -0.147592
v 0.930240 0.122139 -0.131365
v 0.947319 0.122936 -0.134483
v 0.879422 0.165881 0.150380
v 0.923010 0.118958 0.146558
v 0.887944 0.206600 0.177347
v 0.931190 0.114920 0.146229
v 0.920979 0.106762 0.129904
v 0.937553 0.102294 0.132610
v 0.877205 0.155956 0.133552
v 0.821041 0.139385 0.147941
v 0.877205 0.155956 0.133552
v 0.811932 0.138809 0.147846
v 0.817786 0.127433 0.131304
v 0.800843 0.129679 0.134465
v -0.374725 0.400354 0.150154
v -0.386100 0.389268 0.166491
v -0.377501 0.384315 0.165835
v -0.392359 0.405780 0.154417
v -0.330691 0.343948 0.143551
v -0.345224 0.282248 0.181515
v -0.333498 0.330322 0.159845
v -0.268137 0.355127 0.160264
v -0.330691 0.343948 0.143551
v -0.258197 0.355133 0.159977
v -0.264047 0.370817 0.144517
v -0.245736 0.366650 0.146950
v 0.908399 0.309673 0.163161
v 0.911428 0.325551 0.152020
v 0.896266 0.317930 0.148263
v 0.901372 0.303872 0.162634
v 0.865015 0.260132 0.142609
v 0.887944 0.206600 0.177347
v 0.869782 0.248262 0.157542
v 0.806845 0.260692 0.158487
v 0.865015 0.260132 0.142609
v 0.797848 0.259172 0.158311
v 0.800606 0.274232 0.144065
v 0.784697 0.267659 0.146459
v -0.328938 0.240065 0.151957
v -0.261425 0.222224 0.148650
v -0.345224 0.282248 0.181515
v -0.324926 0.229813 0.133576
v -0.255923 0.209984 0.130462
v -0.251536 0.223263 0.148454
v -0.238099 0.215479 0.133740
v -0.367268 0.181724 0.148131
v -0.324926 0.229813 0.133576
v -0.375323 0.175898 0.147845
v -0.363037 0.168999 0.129937
v -0.380004 0.161181 0.133043
v 0.842788 0.316468 -0.142676
v 0.856460 0.312619 -0.158024
v 0.851515 0.304961 -0.157565
v 0.854860 0.328389 -0.146442
v 0.830491 0.251821 -0.138324
v 0.867558 0.208557 -0.175100
v 0.838225 0.242313 -0.153700
v 0.774460 0.235244 -0.153215
v 0.830491 0.251821 -0.138324
v 0.766341 0.231083 -0.152938
v 0.764805 0.245913 -0.138275
v 0.751551 0.234919 -0.140611
v -0.245736 0.366650 0.146950
v -0.249167 0.358207 0.128103
v -0.246717 0.367879 0.128321
v -0.256654 0.367445 0.129107
v -0.245836 0.348350 0.142075
v -0.264047 0.370817 0.144517
v -0.292971 0.289926 0.123853
v -0.332745 0.338993 0.129184
v -0.286204 0.289067 0.137588
v -0.330691 0.343948 0.143551
v -0.240073 0.234241 0.132105
v -0.384239 0.401495 0.135605
v -0.242523 0.226667 0.116609
v -0.374725 0.400354 0.150154
v -0.238099 0.215479 0.133740
v -0.392359 0.405780 0.154417
v -0.239117 0.217400 0.115171
v -0.392668 0.406830 0.135754
v -0.249040 0.216694 0.115934
v -0.395383 0.397230 0.135550
v -0.255923 0.209984 0.130462
v -0.401830 0.389983 0.150020
v -0.327591 0.236949 0.120267
v -0.391945 0.316341 0.128893
v -0.324926 0.229813 0.133576
v -0.396907 0.318613 0.143225
v -0.372519 0.169447 0.115327
v -0.467590 0.286733 0.128071
v -0.363037 0.168999 0.129937
v -0.464468 0.294129 0.143532
v -0.380004 0.161181 0.133043
v -0.475341 0.278795 0.145822
v -0.380370 0.163351 0.114478
v -0.475271 0.280425 0.127198
v -0.384032 0.172520 0.115913
v -0.463010 0.265253 0.141009
v -0.391046 0.176474 0.131363
v -0.466990 0.274862 0.127034
v -0.388760 0.253275 0.123382
v -0.393344 0.248073 0.137061
v -0.302925 0.244640 -0.133461
v -0.322596 0.182148 -0.138459
v -0.312690 0.250066 -0.151744
v -0.311621 0.174546 -0.120221
v -0.327411 0.173643 -0.136625
v -0.324001 0.160216 -0.120324
v -0.347989 0.278099 -0.181515
v -0.243933 0.261621 -0.156890
v -0.302925 0.244640 -0.133461
v -0.235415 0.266589 -0.158181
v -0.232015 0.254973 -0.138874
v -0.218539 0.266766 -0.145036
v 0.758174 0.228949 -0.123594
v 0.751551 0.234919 -0.140611
v 0.759356 0.219889 -0.136714
v 0.817178 0.188247 -0.134512
v 0.752129 0.235826 -0.123487
v 0.822561 0.191403 -0.121897
v 0.760416 0.239649 -0.124235
v 0.802489 0.124042 -0.131135
v 0.764805 0.245913 -0.138275
v 0.807898 0.118459 -0.117163
v 0.830491 0.251821 -0.138324
v 0.808694 0.107942 -0.133220
v 0.834464 0.248242 -0.125306
v 0.809010 0.109430 -0.116131
v 0.850308 0.320983 -0.129310
v 0.817398 0.113024 -0.116866
v 0.842788 0.316468 -0.142676
v 0.825601 0.110822 -0.130412
v 0.854860 0.328389 -0.146442
v 0.873634 0.155952 -0.132744
v 0.854963 0.328866 -0.129291
v 0.873035 0.162529 -0.120317
v 0.861195 0.322159 -0.129409
v 0.930240 0.122139 -0.131365
v 0.869267 0.319332 -0.142917
v 0.938024 0.126071 -0.117965
v 0.895176 0.258816 -0.138913
v 0.947319 0.122936 -0.134483
v 0.892296 0.254497 -0.125832
v 0.946999 0.124354 -0.117387
v 0.960595 0.267090 -0.140058
v 0.946137 0.133412 -0.118423
v 0.966476 0.261936 -0.126113
v 0.949974 0.139993 -0.132479
v 0.975850 0.259179 -0.142654
v 0.916135 0.201525 -0.122750
v 0.975401 0.259974 -0.125520
v 0.921841 0.199566 -0.135465
v 0.970964 0.251964 -0.125533
v 0.971510 0.242834 -0.138646
v 1.005899 0.223350 0.143460
v 0.998785 0.218476 0.126292
v 1.005427 0.224780 0.126370
v 0.997518 0.229313 0.127234
v 0.996777 0.209198 0.139156
v 0.993692 0.235554 0.141447
v 0.936341 0.182969 0.136147
v 0.928807 0.247353 0.141743
v 0.931281 0.186947 0.123631
v 0.924543 0.244511 0.128636
v 0.945187 0.117821 0.130966
v 0.915314 0.318242 0.134682
v 0.939315 0.113140 0.116851
v 0.922382 0.312700 0.147908
v 0.937553 0.102294 0.132610
v 0.911428 0.325551 0.152020
v 0.937396 0.104279 0.115568
v 0.911388 0.326513 0.134889
v 0.929363 0.108593 0.116414
v 0.904577 0.320394 0.134827
v 0.920979 0.106762 0.129904
v 0.896266 0.317930 0.148263
v 0.877205 0.155956 0.133552
v 0.865015 0.260132 0.142609
v 0.878410 0.162796 0.121312
v 0.867511 0.255936 0.129409
v 0.817786 0.127433 0.131304
v 0.800606 0.274232 0.144065
v 0.810404 0.132422 0.118028
v 0.794303 0.270019 0.129991
v 0.800843 0.129679 0.134465
v 0.784697 0.267659 0.146459
v 0.801311 0.131539 0.117414
v 0.785238 0.268887 0.129354
v 0.802986 0.140448 0.118699
v 0.788934 0.260512 0.129138
v 0.799739 0.146955 0.132939
v 0.787551 0.251107 0.141993
v 0.838997 0.205433 0.124883
v 0.833124 0.203645 0.137546
v -0.289812 0.399068 -0.167433
v -0.281778 0.383038 -0.161341
v -0.297587 0.381999 -0.177719
v -0.295353 0.372463 -0.175995
v -0.293065 0.313522 -0.147047
v -0.347989 0.278099 -0.181515
v -0.304892 0.304537 -0.162487
v -0.242193 0.273781 -0.159290
v -0.293065 0.313522 -0.147047
v -0.235415 0.266589 -0.158181
v -0.227979 0.283171 -0.144434
v -0.218539 0.266766 -0.145036
v -0.436572 0.367616 -0.136911
v -0.439321 0.374287 -0.156563
v -0.440843 0.356673 -0.149777
v -0.438144 0.377389 -0.138164
v -0.399064 0.296509 -0.125242
v -0.428290 0.375984 -0.138853
v -0.405946 0.294812 -0.138839
v -0.420698 0.377025 -0.154498
v -0.454958 0.239166 -0.111578
v -0.355066 0.340960 -0.135550
v -0.456793 0.245246 -0.127799
v -0.356735 0.344531 -0.150371
v -0.460452 0.226668 -0.127448
v -0.298194 0.397547 -0.148310
v -0.459177 0.230447 -0.109182
v -0.307842 0.395732 -0.162702
v -0.449361 0.228776 -0.109819
v -0.289812 0.399068 -0.167433
v -0.443178 0.219973 -0.123522
v -0.289320 0.402057 -0.148984
v -0.369329 0.241315 -0.115898
v -0.287478 0.392330 -0.147750
v -0.372688 0.233077 -0.128389
v -0.281778 0.383038 -0.161341
v -0.330629 0.170952 -0.103620
v -0.298141 0.313237 -0.132579
v -0.340181 0.169812 -0.118144
v -0.293065 0.313522 -0.147047
v -0.324001 0.160216 -0.120324
v -0.225461 0.277204 -0.128263
v -0.323352 0.164299 -0.102091
v -0.227979 0.283171 -0.144434
v -0.318888 0.172898 -0.104473
v -0.218539 0.266766 -0.145036
v -0.311621 0.174546 -0.120221
v -0.218374 0.270360 -0.126690
v -0.306956 0.251653 -0.120433
v -0.232015 0.254973 -0.138874
v -0.302925 0.244640 -0.133461
v -0.227120 0.265612 -0.125976
v 0.817178 0.188247 -0.134512
v 0.772109 0.224020 -0.152543
v 0.827698 0.192039 -0.150685
v 0.759356 0.219889 -0.136714
v 0.766341 0.231083 -0.152938
v 0.751551 0.234919 -0.140611
v 0.867558 0.208557 -0.175100
v 0.814731 0.129311 -0.147030
v 0.817178 0.188247 -0.134512
v 0.816187 0.120317 -0.146490
v 0.802489 0.124042 -0.131135
v 0.808694 0.107942 -0.133220
v 0.813260 0.147803 0.148647
v 0.833124 0.203645 0.137546
v 0.799739 0.146955 0.132939
v 0.844561 0.203593 0.153539
v 0.811932 0.138809 0.147846
v 0.800843 0.129679 0.134465
v 0.887944 0.206600 0.177347
v 0.801216 0.250720 0.157595
v 0.833124 0.203645 0.137546
v 0.797848 0.259172 0.158311
v 0.787551 0.251107 0.141993
v 0.784697 0.267659 0.146459
v -0.260284 0.345439 0.159212
v -0.286204 0.289067 0.137588
v -0.245836 0.348350 0.142075
v -0.258197 0.355133 0.159977
v -0.245736 0.366650 0.146950
v -0.345224 0.282248 0.181515
v -0.298318 0.286923 0.155128
v -0.254589 0.232684 0.149358
v -0.251536 0.223263 0.148454
v -0.240073 0.234241 0.132105
v -0.286204 0.289067 0.137588
v -0.238099 0.215479 0.133740
vn -0.7618 -0.4925 -0.4208
vn -0.6505 -0.3417 -0.6783
vn -0.6197 -0.0699 -0.7817
vn -0.7919 -0.3033 -0.5301
vn -0.7236 -0.1872 -0.6644
vn -0.7918 -0.1754 -0.5851
vn -0.4869 -0.0962 -0.8681
vn -0.5709 0.2125 -0.7930
vn -0.6743 0.1107 -0.7301
vn -0.7027 0.3018 -0.6443
vn -0.6217 0.4861 -0.6142
vn -0.7449 0.1517 -0.6497
vn 0.6291 0.1129 -0.7691
vn 0.7647 0.3219 -0.5583
vn 0.7783 0.1216 -0.6160
vn 0.5784 -0.1704 -0.7978
vn 0.6920 -0.0304 -0.7213
vn 0.7669 -0.0270 -0.6412
vn 0.4450 -0.1441 -0.8839
vn 0.5125 -0.4461 -0.7337
vn 0.5583 -0.6626 -0.4992
vn 0.6309 -0.3325 -0.7010
vn 0.6519 -0.4873 -0.5810
vn 0.6989 -0.3550 -0.6209
vn 0.3663 -0.6025 0.7091
vn 0.3411 -0.8152 0.4682
vn 0.4847 -0.6783 0.5522
vn 0.5139 -0.3614 0.7780
vn 0.5140 -0.5288 0.6754
vn 0.5694 -0.5682 0.5941
vn 0.3954 -0.2988 0.8686
vn 0.6463 -0.1067 0.7556
vn 0.8351 0.0600 0.5468
vn 0.6627 -0.2595 0.7025
vn 0.7892 -0.1364 0.5988
vn 0.7339 -0.2764 0.6205
vn -0.6308 0.1766 0.7556
vn -0.7019 0.2117 0.6801
vn -0.7646 0.0868 0.6386
vn -0.6258 0.0117 0.7799
vn -0.8271 -0.0992 0.5533
vn -0.3569 0.1730 0.9180
vn -0.4745 0.2509 0.8437
vn -0.3136 0.4896 0.8136
vn -0.2770 0.7427 0.6096
vn -0.4611 0.4330 0.7745
vn -0.4244 0.6067 0.6722
vn -0.5187 0.4930 0.6985
vn 0.6000 0.2808 0.7491
vn 0.7458 0.2150 0.6306
vn 0.6629 0.3273 0.6733
vn 0.6224 0.1180 0.7738
vn 0.8374 0.0415 0.5450
vn 0.3312 0.2317 0.9147
vn 0.4333 0.3279 0.8395
vn 0.2347 0.5364 0.8107
vn 0.1547 0.7796 0.6069
vn 0.3891 0.5060 0.7698
vn 0.3231 0.6709 0.6675
vn 0.4358 0.5737 0.6935
vn -0.6124 -0.2135 0.7612
vn -0.8283 -0.0808 0.5544
vn -0.7497 -0.2665 0.6057
vn -0.4378 -0.4430 0.7823
vn -0.6031 -0.3670 0.7082
vn -0.6711 -0.3958 0.6269
vn -0.3325 -0.3607 0.8714
vn -0.2539 -0.6558 0.7110
vn -0.1963 -0.8605 0.4700
vn -0.4115 -0.6079 0.6790
vn -0.3598 -0.7498 0.5553
vn -0.4610 -0.6550 0.5987
vn 0.5171 0.5286 -0.6732
vn 0.6315 0.4440 -0.6356
vn 0.4689 0.4669 -0.7498
vn 0.5376 0.3193 -0.7804
vn 0.7724 0.3050 -0.5572
vn 0.2240 0.3431 -0.9122
vn 0.2933 0.4648 -0.8354
vn 0.0411 0.6030 -0.7967
vn -0.1017 0.8048 -0.5848
vn 0.2006 0.6192 -0.7592
vn 0.0905 0.7529 -0.6519
vn 0.2253 0.6953 -0.6825
vn -0.2926 -0.6753 -0.6770
vn -0.0302 -0.7832 -0.6211
vn -0.2382 -0.5680 -0.7878
vn 0.1343 -0.9167 -0.3764
vn -0.0671 -0.8932 -0.4447
vn -0.1878 -0.8017 -0.5675
vn -0.2038 -0.8535 -0.4796
vn -0.5421 -0.5346 -0.6484
vn -0.7705 -0.4764 -0.4235
vn -0.4655 -0.6648 -0.5843
vn -0.6271 -0.6188 -0.4731
vn -0.5052 -0.7066 -0.4954
vn -0.4562 0.5442 -0.7040
vn -0.2980 0.4928 -0.8175
vn -0.4145 0.3759 -0.8288
vn -0.3211 0.5789 -0.7495
vn -0.6347 0.4729 -0.6112
vn -0.1141 0.2752 -0.9546
vn -0.1375 0.4206 -0.8968
vn 0.1464 0.4678 -0.8716
vn 0.3565 0.6375 -0.6830
vn 0.0054 0.5412 -0.8409
vn 0.1574 0.6458 -0.7471
vn 0.0096 0.6341 -0.7732
vn 0.0616 -0.6373 -0.7682
vn 0.3452 -0.5956 -0.7253
vn 0.0473 -0.5060 -0.8613
vn 0.2252 -0.6992 -0.6785
vn 0.3877 -0.7284 -0.5649
vn 0.2466 -0.7644 -0.5957
vn 0.5725 -0.6497 -0.5002
vn -0.2230 -0.6573 -0.7198
vn -0.4289 -0.7581 -0.4913
vn -0.0821 -0.7332 -0.6751
vn -0.2321 -0.7960 -0.5590
vn -0.0881 -0.8005 -0.5928
vn -0.1201 -0.6510 0.7495
vn -0.3977 -0.5824 0.7090
vn -0.0940 -0.5237 0.8467
vn -0.2877 -0.6950 0.6589
vn -0.4528 -0.7059 0.5447
vn -0.3146 -0.7556 0.5746
vn -0.6291 -0.6094 0.4825
vn 0.1617 -0.6950 0.7006
vn 0.3580 -0.8073 0.4692
vn 0.0156 -0.7562 0.6541
vn 0.1586 -0.8285 0.5370
vn 0.0145 -0.8217 0.5697
vn 0.5066 0.5727 0.6445
vn 0.3457 0.5498 0.7604
vn 0.4512 0.4239 0.7853
vn 0.3753 0.6242 0.6852
vn 0.6775 0.4768 0.5601
vn 0.1426 0.3633 0.9207
vn 0.1779 0.5002 0.8474
vn -0.1007 0.5710 0.8147
vn -0.2948 0.7358 0.6096
vn 0.0471 0.6281 0.7767
vn -0.0944 0.7324 0.6743
vn 0.0518 0.7106 0.7017
vn -0.4252 0.4860 0.7635
vn -0.4681 0.5542 0.6883
vn -0.5895 0.4814 0.6487
vn -0.5080 0.3444 0.7895
vn -0.7423 0.3577 0.5666
vn -0.1927 0.3359 0.9220
vn -0.2508 0.4656 0.8487
vn 0.0121 0.5813 0.8136
vn 0.1729 0.7758 0.6068
vn -0.1444 0.6127 0.7770
vn -0.0234 0.7398 0.6724
vn -0.1630 0.6939 0.7014
vn 0.2338 -0.6220 0.7473
vn -0.0366 -0.7119 0.7013
vn 0.1878 -0.5014 0.8446
vn -0.2135 -0.8559 0.4710
vn -0.0135 -0.8436 0.5368
vn 0.1176 -0.7481 0.6531
vn 0.1283 -0.8124 0.5688
vn 0.4965 -0.5087 0.7034
vn 0.7268 -0.4960 0.4752
vn 0.4063 -0.6381 0.6540
vn 0.5688 -0.6213 0.5389
vn 0.4416 -0.6930 0.5699
vn -0.7228 0.2977 -0.6236
vn -0.5714 0.3549 -0.7400
vn -0.6076 0.1949 -0.7699
vn -0.6301 0.4050 -0.6625
vn -0.8296 0.1313 -0.5427
vn -0.3082 0.2858 -0.9073
vn -0.4013 0.3898 -0.8289
vn -0.1845 0.5783 -0.7947
vn -0.0832 0.8069 -0.5848
vn -0.3413 0.5605 -0.7545
vn -0.2608 0.7147 -0.6490
vn -0.3807 0.6299 -0.6769
vn 0.7778 0.6147 -0.1306
vn 0.9450 -0.1996 -0.2591
vn 0.7476 0.6520 -0.1267
vn -0.0266 0.9908 -0.1325
vn 0.8694 -0.3366 -0.3618
vn -0.1799 0.9585 -0.2214
vn 0.8694 0.0749 -0.4884
vn 0.2245 0.8884 -0.4004
vn 0.8672 0.1108 -0.4855
vn 0.2044 0.8936 -0.3996
vn 0.8328 0.4733 -0.2871
vn 0.4976 0.8533 -0.1556
vn 0.9126 0.3460 -0.2176
vn 0.6139 0.7439 -0.2640
vn 0.8143 -0.5328 -0.2303
vn -0.3575 0.9312 -0.0715
vn 0.8320 -0.5056 -0.2283
vn -0.3547 0.9322 -0.0715
vn 0.0697 -0.9502 -0.3037
vn -0.9388 0.3038 -0.1625
vn -0.0799 -0.9206 -0.3822
vn -0.9513 0.1455 -0.2717
vn 0.3010 -0.7816 -0.5464
vn -0.7574 0.5118 -0.4054
vn 0.3030 -0.7807 -0.5465
vn -0.7441 0.5320 -0.4041
vn 0.5853 -0.7529 -0.3009
vn -0.6403 0.7559 -0.1363
vn 0.6770 -0.6313 -0.3783
vn -0.5044 0.8343 -0.2225
vn -0.2503 -0.9390 -0.2360
vn -0.9883 -0.0620 -0.1392
vn -0.2780 -0.9316 -0.2340
vn -0.9907 -0.0125 -0.1354
vn -0.9083 -0.3512 -0.2273
vn -0.4197 -0.8295 -0.3686
vn -0.9334 -0.2029 -0.2959
vn -0.5673 -0.7791 -0.2670
vn -0.6933 -0.5226 -0.4961
vn -0.7147 -0.4957 -0.4935
vn 0.8150 -0.2132 -0.5389
vn 0.5847 -0.3498 -0.7320
vn 0.3931 -0.5618 -0.7279
vn 0.7224 -0.3919 -0.5697
vn 0.5631 -0.4923 -0.6637
vn 0.6302 -0.5183 -0.5781
vn 0.2964 -0.4774 -0.8272
vn 0.1891 -0.7489 -0.6351
vn 0.1157 -0.9196 -0.3754
vn 0.3535 -0.7122 -0.6064
vn 0.2920 -0.8313 -0.4729
vn 0.3972 -0.7539 -0.5233
vn -0.7443 -0.6174 0.2546
vn -0.9687 0.1957 0.1529
vn -0.6152 -0.7059 0.3510
vn -0.8104 -0.3200 0.4907
vn -0.9618 0.2283 0.1509
vn -0.8013 -0.3396 0.4925
vn -0.4252 0.8897 0.1664
vn -0.9515 0.0351 0.3056
vn -0.2734 0.9282 0.2525
vn -0.9661 -0.1171 0.2302
vn -0.5835 0.6886 0.4305
vn -0.4843 -0.8486 0.2128
vn -0.5966 0.6767 0.4315
vn -0.4978 -0.8408 0.2129
vn -0.8298 0.5263 0.1858
vn 0.3756 -0.8863 0.2708
vn -0.8801 0.3766 0.2892
vn 0.4972 -0.7934 0.3512
vn -0.1090 0.9886 0.1036
vn 0.0985 -0.8484 0.5201
vn -0.1031 0.9894 0.1025
vn 0.0956 -0.8486 0.5203
vn 0.7016 0.6915 0.1722
vn -0.3104 -0.8803 0.3588
vn 0.7842 0.5568 0.2737
vn -0.1712 -0.9461 0.2748
vn 0.4334 0.7968 0.4209
vn 0.6550 -0.7278 0.2032
vn 0.4438 0.7906 0.4219
vn 0.6732 -0.7113 0.2022
vn 0.0721 0.9657 0.2496
vn 0.9729 0.0925 0.2119
vn 0.2297 0.9601 0.1597
vn 0.9273 0.2389 0.2883
vn 0.9066 0.3997 0.1355
vn 0.8643 -0.1601 0.4768
vn 0.8942 0.4273 0.1335
vn 0.8689 -0.1371 0.4756
vn 0.8642 -0.4428 0.2389
vn 0.7573 -0.5579 0.3395
vn 0.9833 0.1047 -0.1489
vn 0.6866 -0.6743 -0.2719
vn 0.9775 0.1533 -0.1450
vn 0.5034 0.8521 -0.1430
vn 0.5496 -0.7483 -0.3715
vn 0.3568 0.9061 -0.2272
vn 0.7824 -0.3714 -0.5000
vn 0.6400 0.6491 -0.4112
vn 0.7664 -0.3997 -0.5028
vn 0.6581 0.6296 -0.4129
vn 0.9514 -0.0450 -0.3047
vn 0.8732 0.4563 -0.1712
vn 0.9522 -0.1951 -0.2350
vn 0.9111 0.3018 -0.2806
vn 0.4029 -0.8838 -0.2379
vn 0.1984 0.9772 -0.0754
vn 0.4245 -0.8739 -0.2368
vn 0.1917 0.9786 -0.0753
vn -0.4540 -0.8404 -0.2960
vn -0.6347 0.7579 -0.1509
vn -0.5654 -0.7365 -0.3714
vn -0.7312 0.6314 -0.2582
vn -0.1752 -0.8209 -0.5435
vn -0.3566 0.8450 -0.3985
vn -0.1704 -0.8220 -0.5434
vn -0.3723 0.8378 -0.3994
vn 0.2292 -0.8948 -0.3831
vn 0.0163 0.9746 -0.2235
vn 0.0863 -0.9494 -0.3019
vn -0.1412 0.9810 -0.1334
vn -0.7150 -0.6628 -0.2224
vn -0.8701 0.4770 -0.1238
vn -0.7390 -0.6366 -0.2204
vn -0.8483 0.5158 -0.1199
vn -0.9598 0.1876 -0.2089
vn -0.9008 -0.3555 -0.2495
vn -0.9027 0.3272 -0.2795
vn -0.8038 -0.4781 -0.3541
vn -0.8740 -0.0719 -0.4805
vn -0.8777 -0.0370 -0.4778
vn 0.7150 0.0751 -0.6950
vn 0.7659 -0.0482 -0.6412
vn 0.6403 0.0378 -0.7672
vn 0.6217 -0.1298 -0.7725
vn 0.8124 -0.2315 -0.5351
vn 0.3655 0.0425 -0.9298
vn 0.4914 0.1133 -0.8635
vn 0.3518 0.3663 -0.8614
vn 0.3402 0.6457 -0.6836
vn 0.4926 0.3032 -0.8157
vn 0.4720 0.4938 -0.7304
vn 0.5573 0.3669 -0.7448
vn -0.9595 -0.0807 0.2698
vn -0.7355 0.6745 0.0649
vn -0.8927 -0.2193 0.3938
vn -0.6720 0.7388 0.0503
vn -0.8586 0.1907 0.4759
vn 0.1149 0.9930 0.0262
vn -0.8465 0.2657 0.4614
vn 0.2701 0.9552 0.1210
vn -0.8723 0.4549 0.1791
vn -0.1470 0.9413 0.3039
vn -0.7895 0.5692 0.2294
vn -0.1157 0.9463 0.3018
vn -0.8480 -0.4471 0.2845
vn -0.4157 0.9076 0.0591
vn -0.8869 -0.3735 0.2718
vn -0.5467 0.8167 0.1848
vn -0.1528 -0.9026 0.4025
vn 0.4521 0.8916 -0.0251
vn -0.0045 -0.8789 0.4769
vn 0.4284 0.9032 -0.0262
vn -0.3640 -0.6906 0.6250
vn 0.9624 0.2393 0.1288
vn -0.3800 -0.6829 0.6239
vn 0.9613 0.0823 0.2630
vn -0.6531 -0.6554 0.3794
vn 0.8095 0.4677 0.3549
vn -0.7266 -0.5299 0.4373
vn 0.7795 0.5226 0.3455
vn 0.1627 -0.9282 0.3347
vn 0.7025 0.7090 0.0610
vn 0.2027 -0.9213 0.3318
vn 0.5810 0.8029 0.1336
vn 0.8773 -0.3961 0.2710
vn 0.9747 -0.1612 0.1548
vn 0.9116 -0.2611 0.3175
vn 0.9893 -0.0573 0.1345
vn 0.6414 -0.5315 0.5532
vn 0.3467 -0.8204 0.4547
vn 0.6843 -0.4871 0.5427
vn 0.4981 -0.7936 0.3494
vn -0.4129 -0.7676 -0.4903
vn -0.4184 -0.5466 -0.7254
vn -0.5434 -0.2912 -0.7873
vn -0.5428 -0.6168 -0.5700
vn -0.5581 -0.4611 -0.6899
vn -0.6174 -0.4978 -0.6091
vn -0.4198 -0.2376 -0.8760
vn -0.6525 -0.0258 -0.7574
vn -0.8258 0.1496 -0.5437
vn -0.6828 -0.1794 -0.7082
vn -0.7971 -0.0493 -0.6018
vn -0.7551 -0.1917 -0.6270
vn -0.6176 0.1459 0.7729
vn -0.7333 0.3739 0.5679
vn -0.7650 0.1748 0.6198
vn -0.5921 -0.1400 0.7936
vn -0.6923 0.0118 0.7215
vn -0.7676 0.0239 0.6405
vn -0.4575 -0.1276 0.8800
vn -0.5510 -0.4195 0.7214
vn -0.6165 -0.6229 0.4817
vn -0.6597 -0.2937 0.6918
vn -0.6947 -0.4414 0.5680
vn -0.7281 -0.3080 0.6123
vn 0.6210 -0.3215 0.7149
vn 0.7168 -0.5116 0.4739
vn 0.7636 -0.3193 0.5612
vn 0.7059 -0.1801 0.6850
vn 0.7754 -0.1823 0.6046
vn 0.4804 -0.0499 0.8756
vn 0.6153 -0.0395 0.7873
vn 0.5916 0.2473 0.7673
vn 0.6876 0.1276 0.7148
vn 0.7305 0.3001 0.6134
vn 0.6656 0.4909 0.5621
vn 0.7586 0.1516 0.6337
vt 0.000000 0.000000
s 1
usemtl Material.001
f 201/2/115 202/2/116 203/2/117
f 202/2/116 201/2/115 204/2/118
f 204/2/118 205/2/119 202/2/116
f 205/2/119 204/2/118 206/2/120
f 202/2/116 205/2/119 207/2/121
f 203/2/117 202/2/116 207/2/121
f 208/2/122 203/2/117 207/2/121
f 209/2/123 208/2/122 207/2/121
f 210/2/124 203/2/117 208/2/122
f 209/2/123 210/2/124 208/2/122
f 203/2/117 210/2/124 211/2/125
f 209/2/123 212/2/126 210/2/124
f 213/2/127 214/2/128 215/2/129
f 214/2/128 213/2/127 216/2/130
f 215/2/129 217/2/131 213/2/127
f 217/2/131 215/2/129 218/2/132
f 213/2/127 217/2/131 219/2/133
f 216/2/130 213/2/127 219/2/133
f 220/2/134 216/2/130 219/2/133
f 216/2/130 220/2/134 221/2/135
f 222/2/136 220/2/134 219/2/133
f 221/2/135 220/2/134 223/2/137
f 223/2/137 220/2/134 222/2/136
f 222/2/136 224/2/138 223/2/137
f 225/2/139 226/2/140 227/2/141
f 226/2/140 225/2/139 228/2/142
f 227/2/141 229/2/143 225/2/139
f 229/2/143 227/2/141 230/2/144
f 225/2/139 229/2/143 231/2/145
f 228/2/142 225/2/139 231/2/145
f 232/2/146 228/2/142 231/2/145
f 228/2/142 232/2/146 233/2/147
f 234/2/148 232/2/146 231/2/145
f 235/2/149 233/2/147 232/2/146
f 234/2/148 235/2/149 232/2/146
f 236/2/150 235/2/149 234/2/148
f 237/2/151 238/2/152 239/2/153
f 239/2/153 240/2/154 237/2/151
f 239/2/153 241/2/155 240/2/154
f 237/2/151 240/2/154 242/2/156
f 243/2/157 240/2/154 241/2/155
f 240/2/154 243/2/157 242/2/156
f 243/2/157 244/2/158 242/2/156
f 245/2/159 244/2/158 243/2/157
f 244/2/158 246/2/160 242/2/156
f 244/2/158 245/2/159 247/2/161
f 247/2/161 246/2/160 244/2/158
f 246/2/160 247/2/161 248/2/162
f 249/2/163 250/2/164 251/2/165
f 250/2/164 249/2/163 252/2/166
f 252/2/166 253/2/167 250/2/164
f 252/2/166 249/2/163 254/2/168
f 253/2/167 252/2/166 255/2/169
f 255/2/169 252/2/166 254/2/168
f 256/2/170 255/2/169 254/2/168
f 255/2/169 256/2/170 257/2/171
f 258/2/172 256/2/170 254/2/168
f 259/2/173 257/2/171 256/2/170
f 259/2/173 256/2/170 258/2/172
f 259/2/173 258/2/172 260/2/174
f 261/2/175 262/2/176 263/2/177
f 262/2/176 261/2/175 264/2/178
f 263/2/177 265/2/179 261/2/175
f 265/2/179 263/2/177 266/2/180
f 261/2/175 265/2/179 267/2/181
f 264/2/178 261/2/175 267/2/181
f 268/2/182 264/2/178 267/2/181
f 264/2/178 268/2/182 269/2/183
f 270/2/184 268/2/182 267/2/181
f 271/2/185 269/2/183 268/2/182
f 270/2/184 271/2/185 268/2/182
f 270/2/184 272/2/186 271/2/185
f 273/2/187 274/2/188 275/2/189
f 274/2/188 276/2/190 275/2/189
f 277/2/191 276/2/190 274/2/188
f 275/2/189 276/2/190 278/2/192
f 279/2/193 276/2/190 277/2/191
f 276/2/190 279/2/193 278/2/192
f 279/2/193 280/2/194 278/2/192
f 281/2/195 280/2/194 279/2/193
f 280/2/194 282/2/196 278/2/192
f 280/2/194 281/2/195 283/2/197
f 283/2/197 282/2/196 280/2/194
f 282/2/196 283/2/197 284/2/198
f 285/2/199 286/2/200 287/2/201
f 288/2/202 286/2/200 285/2/199
f 286/2/200 288/2/202 289/2/203
f 289/2/203 290/2/204 286/2/200
f 286/2/200 290/2/204 287/2/201
f 290/2/204 289/2/203 291/2/205
f 292/2/206 285/2/199 287/2/201
f 285/2/199 292/2/206 293/2/207
f 294/2/208 292/2/206 287/2/201
f 293/2/207 292/2/206 295/2/209
f 296/2/210 292/2/206 294/2/208
f 292/2/206 296/2/210 295/2/209
f 297/2/211 298/2/212 299/2/213
f 298/2/212 297/2/211 300/2/214
f 299/2/213 301/2/215 297/2/211
f 299/2/213 298/2/212 302/2/216
f 301/2/215 299/2/213 303/2/217
f 303/2/217 299/2/213 302/2/216
f 304/2/218 303/2/217 302/2/216
f 303/2/217 304/2/218 305/2/219
f 306/2/220 304/2/218 302/2/216
f 307/2/221 305/2/219 304/2/218
f 306/2/220 307/2/221 304/2/218
f 308/2/222 307/2/221 306/2/220
f 309/2/223 310/2/224 311/2/225
f 310/2/224 312/2/226 311/2/225
f 313/2/227 312/2/226 310/2/224
f 309/2/223 313/2/227 310/2/224
f 312/2/226 313/2/227 314/2/228
f 313/2/227 309/2/223 315/2/229
f 316/2/230 309/2/223 311/2/225
f 316/2/230 317/2/231 309/2/223
f 318/2/232 316/2/230 311/2/225
f 317/2/231 316/2/230 319/2/233
f 319/2/233 316/2/230 318/2/232
f 318/2/232 320/2/234 319/2/233
f 321/2/235 322/2/236 323/2/237
f 322/2/236 324/2/238 323/2/237
f 325/2/239 324/2/238 322/2/236
f 322/2/236 321/2/235 325/2/239
f 324/2/238 325/2/239 326/2/240
f 327/2/241 325/2/239 321/2/235
f 328/2/242 321/2/235 323/2/237
f 321/2/235 328/2/242 329/2/243
f 330/2/244 328/2/242 323/2/237
f 331/2/245 329/2/243 328/2/242
f 330/2/244 331/2/245 328/2/242
f 332/2/246 331/2/245 330/2/244
f 333/2/247 334/2/248 335/2/249
f 334/2/248 333/2/247 336/2/250
f 335/2/249 337/2/251 333/2/247
f 335/2/249 334/2/248 338/2/252
f 337/2/251 335/2/249 339/2/253
f 339/2/253 335/2/249 338/2/252
f 340/2/254 339/2/253 338/2/252
f 339/2/253 340/2/254 341/2/255
f 342/2/256 340/2/254 338/2/252
f 343/2/257 341/2/255 340/2/254
f 342/2/256 343/2/257 340/2/254
f 344/2/258 343/2/257 342/2/256
f 345/2/259 346/2/260 347/2/261
f 347/2/261 348/2/262 345/2/259
f 347/2/261 349/2/263 348/2/262
f 345/2/259 348/2/262 350/2/264
f 351/2/265 348/2/262 349/2/263
f 348/2/262 351/2/265 350/2/264
f 351/2/265 352/2/266 350/2/264
f 353/2/267 352/2/266 351/2/265
f 352/2/266 354/2/268 350/2/264
f 352/2/266 353/2/267 355/2/269
f 355/2/269 354/2/268 352/2/266
f 354/2/268 355/2/269 356/2/270
f 357/2/271 358/2/272 359/2/273
f 360/2/274 358/2/272 357/2/271
f 358/2/272 360/2/274 361/2/275
f 361/2/275 362/2/276 358/2/272
f 358/2/272 362/2/276 359/2/273
f 362/2/276 361/2/275 363/2/277
f 364/2/278 357/2/271 359/2/273
f 357/2/271 364/2/278 365/2/279
f 366/2/280 364/2/278 359/2/273
f 367/2/281 365/2/279 364/2/278
f 368/2/282 364/2/278 366/2/280
f 364/2/278 368/2/282 367/2/281
f 369/2/283 370/2/284 371/2/285
f 370/2/284 369/2/283 372/2/286
f 371/2/285 373/2/287 369/2/283
f 371/2/285 370/2/284 374/2/288
f 373/2/287 371/2/285 375/2/289
f 375/2/289 371/2/285 374/2/288
f 376/2/290 375/2/289 374/2/288
f 375/2/289 376/2/290 377/2/291
f 378/2/292 376/2/290 374/2/288
f 377/2/291 376/2/290 379/2/293
f 378/2/292 379/2/293 376/2/290
f 378/2/292 380/2/294 379/2/293
f 381/2/295 382/2/296 383/2/297
f 384/2/298 381/2/295 383/2/297
f 382/2/296 381/2/295 385/2/299
f 381/2/295 384/2/298 386/2/300
f 385/2/299 387/2/301 382/2/296
f 384/2/298 388/2/302 386/2/300
f 387/2/301 385/2/299 389/2/303
f 390/2/304 386/2/300 388/2/302
f 389/2/303 391/2/305 387/2/301
f 388/2/302 392/2/306 390/2/304
f 393/2/307 387/2/301 391/2/305
f 394/2/308 390/2/304 392/2/306
f 395/2/309 393/2/307 391/2/305
f 392/2/306 396/2/310 394/2/308
f 393/2/307 395/2/309 397/2/311
f 396/2/310 392/2/306 398/2/312
f 395/2/309 399/2/313 397/2/311
f 396/2/310 398/2/312 400/2/314
f 399/2/313 395/2/309 401/2/315
f 400/2/314 402/2/316 396/2/310
f 401/2/315 403/2/317 399/2/313
f 400/2/314 404/2/318 402/2/316
f 403/2/317 401/2/315 405/2/319
f 406/2/320 402/2/316 404/2/318
f 405/2/319 407/2/321 403/2/317
f 404/2/318 408/2/322 406/2/320
f 407/2/321 405/2/319 409/2/323
f 410/2/324 406/2/320 408/2/322
f 411/2/325 407/2/321 409/2/323
f 408/2/322 412/2/326 410/2/324
f 407/2/321 411/2/325 413/2/327
f 412/2/326 408/2/322 414/2/328
f 411/2/325 415/2/329 413/2/327
f 414/2/328 416/2/330 412/2/326
f 415/2/329 411/2/325 417/2/331
f 416/2/330 414/2/328 418/2/332
f 417/2/331 419/2/333 415/2/329
f 418/2/332 420/2/334 416/2/330
f 419/2/333 417/2/331 420/2/334
f 420/2/334 418/2/332 419/2/333
f 421/2/335 422/2/336 423/2/337
f 422/2/336 421/2/335 424/2/338
f 424/2/338 425/2/339 422/2/336
f 425/2/339 424/2/338 426/2/340
f 422/2/336 425/2/339 427/2/341
f 423/2/337 422/2/336 427/2/341
f 428/2/342 423/2/337 427/2/341
f 423/2/337 428/2/342 429/2/343
f 430/2/344 428/2/342 427/2/341
f 429/2/343 428/2/342 431/2/345
f 431/2/345 428/2/342 430/2/344
f 431/2/345 430/2/344 432/2/346
f 433/2/347 434/2/348 435/2/349
f 436/2/350 433/2/347 435/2/349
f 434/2/348 433/2/347 437/2/351
f 433/2/347 436/2/350 438/2/352
f 434/2/348 437/2/351 439/2/353
f 440/2/354 438/2/352 436/2/350
f 439/2/353 441/2/355 434/2/348
f 438/2/352 440/2/354 442/2/356
f 439/2/353 443/2/357 441/2/355
f 440/2/354 444/2/358 442/2/356
f 443/2/357 439/2/353 445/2/359
f 444/2/358 446/2/360 442/2/356
f 447/2/361 443/2/357 445/2/359
f 444/2/358 448/2/362 446/2/360
f 443/2/357 447/2/361 449/2/363
f 448/2/362 444/2/358 450/2/364
f 447/2/361 451/2/365 449/2/363
f 452/2/366 448/2/362 450/2/364
f 451/2/365 447/2/361 453/2/367
f 448/2/362 452/2/366 454/2/368
f 455/2/369 451/2/365 453/2/367
f 456/2/370 454/2/368 452/2/366
f 457/2/371 451/2/365 455/2/369
f 454/2/368 456/2/370 458/2/372
f 455/2/369 459/2/373 457/2/371
f 456/2/370 460/2/374 458/2/372
f 459/2/373 455/2/369 461/2/375
f 460/2/374 462/2/376 458/2/372
f 461/2/375 463/2/377 459/2/373
f 460/2/374 464/2/378 462/2/376
f 463/2/377 461/2/375 465/2/379
f 464/2/378 460/2/374 466/2/380
f 465/2/379 467/2/381 463/2/377
f 466/2/380 468/2/382 464/2/378
f 467/2/381 465/2/379 469/2/383
f 468/2/382 466/2/380 470/2/384
f 467/2/381 469/2/383 471/2/385
f 472/2/386 468/2/382 470/2/384
f 471/2/385 472/2/386 467/2/381
f 468/2/382 472/2/386 471/2/385
f 473/2/387 474/2/388 475/2/389
f 476/2/390 473/2/387 475/2/389
f 474/2/388 473/2/387 477/2/391
f 473/2/387 476/2/390 478/2/392
f 477/2/391 479/2/393 474/2/388
f 476/2/390 480/2/394 478/2/392
f 481/2/395 474/2/388 479/2/393
f 480/2/394 476/2/390 482/2/396
f 479/2/393 483/2/397 481/2/395
f 482/2/396 484/2/398 480/2/394
f 485/2/399 481/2/395 483/2/397
f 486/2/400 480/2/394 484/2/398
f 487/2/401 485/2/399 483/2/397
f 484/2/398 488/2/402 486/2/400
f 485/2/399 487/2/401 489/2/403
f 488/2/402 484/2/398 490/2/404
f 487/2/401 491/2/405 489/2/403
f 488/2/402 490/2/404 492/2/406
f 491/2/405 487/2/401 493/2/407
f 492/2/406 494/2/408 488/2/402
f 493/2/407 495/2/409 491/2/405
f 492/2/406 496/2/410 494/2/408
f 497/2/411 491/2/405 495/2/409
f 496/2/410 492/2/406 498/2/412
f 495/2/409 499/2/413 497/2/411
f 498/2/412 500/2/414 496/2/410
f 501/2/415 497/2/411 499/2/413
f 500/2/414 498/2/412 502/2/416
f 503/2/417 501/2/415 499/2/413
f 502/2/416 504/2/418 500/2/414
f 501/2/415 503/2/417 505/2/419
f 504/2/418 502/2/416 506/2/420
f 503/2/417 507/2/421 505/2/419
f 508/2/422 504/2/418 506/2/420
f 507/2/421 503/2/417 509/2/423
f 504/2/418 508/2/422 510/2/424
f 509/2/423 511/2/425 507/2/421
f 508/2/422 511/2/425 510/2/424
f 511/2/425 509/2/423 512/2/426
f 512/2/426 510/2/424 511/2/425
f 513/2/427 514/2/428 515/2/429
f 514/2/428 516/2/430 515/2/429
f 517/2/431 516/2/430 514/2/428
f 515/2/429 516/2/430 518/2/432
f 519/2/433 516/2/430 517/2/431
f 516/2/430 519/2/433 518/2/432
f 519/2/433 520/2/434 518/2/432
f 521/2/435 520/2/434 519/2/433
f 520/2/434 522/2/436 518/2/432
f 520/2/434 521/2/435 523/2/437
f 523/2/437 522/2/436 520/2/434
f 522/2/436 523/2/437 524/2/438
f 525/2/439 526/2/440 527/2/441
f 526/2/440 525/2/439 528/2/442
f 527/2/441 529/2/443 525/2/439
f 526/2/440 528/2/442 530/2/444
f 529/2/443 527/2/441 531/2/445
f 532/2/446 526/2/440 530/2/444
f 531/2/445 533/2/447 529/2/443
f 534/2/448 532/2/446 530/2/444
f 533/2/447 531/2/445 535/2/449
f 532/2/446 534/2/448 536/2/450
f 535/2/449 537/2/451 533/2/447
f 538/2/452 536/2/450 534/2/448
f 537/2/451 539/2/453 533/2/447
f 536/2/450 538/2/452 540/2/454
f 537/2/451 541/2/455 539/2/453
f 538/2/452 542/2/456 540/2/454
f 541/2/455 537/2/451 543/2/457
f 542/2/456 538/2/452 544/2/458
f 543/2/457 545/2/459 541/2/455
f 546/2/460 542/2/456 544/2/458
f 545/2/459 543/2/457 547/2/461
f 548/2/462 542/2/456 546/2/460
f 547/2/461 549/2/463 545/2/459
f 550/2/464 548/2/462 546/2/460
f 549/2/463 547/2/461 551/2/465
f 548/2/462 550/2/464 552/2/466
f 549/2/463 551/2/465 553/2/467
f 554/2/468 552/2/466 550/2/464
f 553/2/467 555/2/469 549/2/463
f 552/2/466 554/2/468 556/2/470
f 553/2/467 557/2/471 555/2/469
f 554/2/468 558/2/472 556/2/470
f 557/2/471 553/2/467 559/2/473
f 558/2/472 554/2/468 560/2/474
f 559/2/473 561/2/475 557/2/471
f 560/2/474 562/2/476 558/2/472
f 561/2/475 559/2/473 563/2/477
f 562/2/476 560/2/474 564/2/478
f 563/2/477 564/2/478 561/2/475
f 564/2/478 563/2/477 562/2/476
f 565/2/479 566/2/480 567/2/481
f 566/2/480 565/2/479 568/2/482
f 568/2/482 569/2/483 566/2/480
f 569/2/483 568/2/482 570/2/484
f 566/2/480 569/2/483 571/2/485
f 567/2/481 566/2/480 571/2/485
f 572/2/486 567/2/481 571/2/485
f 572/2/486 573/2/487 567/2/481
f 574/2/488 572/2/486 571/2/485
f 573/2/487 572/2/486 575/2/489
f 575/2/489 572/2/486 574/2/488
f 574/2/488 576/2/490 575/2/489
f 577/2/491 578/2/492 579/2/493
f 578/2/492 577/2/491 580/2/494
f 579/2/493 581/2/495 577/2/491
f 581/2/495 579/2/493 582/2/496
f 577/2/491 581/2/495 583/2/497
f 580/2/494 577/2/491 583/2/497
f 584/2/498 580/2/494 583/2/497
f 585/2/499 580/2/494 584/2/498
f 586/2/500 584/2/498 583/2/497
f 587/2/501 585/2/499 584/2/498
f 586/2/500 587/2/501 584/2/498
f 588/2/502 587/2/501 586/2/500
f 589/2/503 590/2/504 591/2/505
f 591/2/505 592/2/506 589/2/503
f 592/2/506 591/2/505 593/2/507
f 589/2/503 592/2/506 594/2/508
f 590/2/504 589/2/503 595/2/509
f 595/2/509 589/2/503 594/2/508
f 596/2/510 595/2/509 594/2/508
f 597/2/511 596/2/510 594/2/508
f 598/2/512 595/2/509 596/2/510
f 597/2/511 598/2/512 596/2/510
f 595/2/509 598/2/512 599/2/513
f 598/2/512 597/2/511 600/2/514
o RenderMesh_124155566482910
v 0.675105 0.530379 -0.080362
v 0.685102 0.501634 -0.102827
v 0.675105 0.530380 -0.102827
v 0.685104 0.501634 -0.080362
v 0.656024 0.539612 -0.102827
v 0.656024 0.539612 -0.080362
v 0.675105 0.530379 0.080361
v 0.685102 0.501634 0.102826
v 0.685104 0.501634 0.080361
v 0.675105 0.530380 0.102826
v 0.656024 0.539612 0.102826
v 0.656024 0.539612 0.080361
v -1.487918 0.295948 -0.084221
v -1.492823 0.330833 -0.078937
v -1.487918 0.330833 -0.098671
v -1.487918 0.365719 -0.084221
v -1.492823 0.302925 -0.067377
v -1.492823 0.358742 -0.067377
v -1.514592 0.295948 -0.084221
v -1.514592 0.365719 -0.084221
v -1.514592 0.302925 -0.067377
v -1.514592 0.358742 -0.067377
v -1.534516 0.289115 -0.081390
v -1.534516 0.372552 -0.081390
v -1.534516 0.296092 -0.064546
v -1.534516 0.365576 -0.064546
v -1.534516 0.275017 -0.055817
v -1.534516 0.386650 -0.055817
v -1.534516 0.261063 -0.069771
v -1.534516 0.400604 -0.069771
v -1.534516 0.249443 -0.041718
v -1.534516 0.412224 -0.041718
v -1.534516 0.266287 -0.034741
v -1.534516 0.395380 -0.034741
v -1.514592 0.263457 -0.027908
v -1.514592 0.398210 -0.027908
v -1.514592 0.246613 -0.034885
v -1.514592 0.415054 -0.034885
v -1.492823 0.263457 -0.027908
v -1.492823 0.398210 -0.027908
v -1.487918 0.246613 -0.034885
v -1.487918 0.415054 -0.034885
v -1.492823 0.251897 -0.000000
v -1.492823 0.409771 -0.000000
v -1.487918 0.232163 -0.000000
v -1.487918 0.429504 -0.000000
v -1.487918 0.246613 0.034885
v -1.487918 0.415054 0.034885
v -1.492823 0.263457 0.027908
v -1.492823 0.398210 0.027908
v -1.514592 0.246613 0.034885
v -1.514592 0.415054 0.034885
v -1.514592 0.263457 0.027908
v -1.514592 0.398210 0.027908
v -1.534516 0.249443 0.041718
v -1.534516 0.412224 0.041718
v -1.534516 0.266287 0.034741
v -1.534516 0.395380 0.034741
v -1.534516 0.275017 0.055817
v -1.534516 0.386650 0.055817
v -1.534516 0.261063 0.069771
v -1.534516 0.400604 0.069771
v -1.534516 0.289115 0.081390
v -1.534516 0.372552 0.081390
v -1.534516 0.296092 0.064546
v -1.534516 0.365576 0.064546
v -1.514592 0.302925 0.067377
v -1.514592 0.358742 0.067377
v -1.514592 0.295948 0.084221
v -1.514592 0.365719 0.084221
v -1.492823 0.302925 0.067377
v -1.492823 0.358742 0.067377
v -1.487918 0.295948 0.084221
v -1.487918 0.365719 0.084221
v -1.492823 0.330833 0.078937
v -1.487918 0.330833 0.098671
v -1.492823 0.330833 -0.078937
v -1.440602 0.349725 -0.045609
v -1.492823 0.358742 -0.067377
v -1.440602 0.330833 -0.053435
v -1.440602 0.369535 -0.038701
v -1.440602 0.311941 -0.045609
v -1.492823 0.388004 -0.057171
v -1.492823 0.302925 -0.067377
v -1.492823 0.398210 -0.027908
v -1.440602 0.292132 -0.038701
v -1.440602 0.376443 -0.018892
v -1.492823 0.273662 -0.057171
v -1.492823 0.409771 -0.000000
v -1.492823 0.263457 -0.027908
v -1.440602 0.384269 -0.000000
v -1.440602 0.285224 -0.018892
v -1.440602 0.376443 0.018892
v -1.492823 0.251897 -0.000000
v -1.492823 0.398210 0.027908
v -1.440602 0.277399 -0.000000
v -1.440602 0.369535 0.038701
v -1.440602 0.285224 0.018892
v -1.492823 0.388004 0.057171
v -1.492823 0.263457 0.027908
v -1.492823 0.358742 0.067377
v -1.440602 0.292132 0.038701
v -1.440602 0.349725 0.045609
v -1.492823 0.273662 0.057171
v -1.492823 0.330833 0.078937
v -1.492823 0.302925 0.067377
v -1.440602 0.330833 0.053435
v -1.440602 0.311941 0.045609
v 0.147265 0.609633 0.133701
v 0.147265 0.640676 0.164451
v 0.099995 0.609633 0.114121
v 0.205407 0.676324 0.140368
v 0.147265 0.676324 0.164451
v 0.194535 0.609633 0.114121
v 0.205407 0.640676 0.140368
v 0.241806 0.609633 0.094541
v 0.263550 0.676324 0.116285
v 0.205407 0.702475 0.140368
v 0.216795 0.722010 0.135651
v 0.263550 0.722010 0.116285
v 0.282916 0.722010 0.069530
v 0.287632 0.702475 0.058142
v 0.287632 0.676324 0.058142
v 0.263550 0.640676 0.116285
v 0.287632 0.640676 0.058142
v 0.311716 0.676324 -0.000000
v 0.261386 0.609633 0.047270
v 0.311716 0.640676 -0.000000
v 0.280966 0.609633 -0.000000
v 0.287632 0.676324 -0.058142
v 0.261386 0.609633 -0.047270
v 0.287632 0.640676 -0.058142
v 0.241806 0.609633 -0.094541
v 0.263550 0.676324 -0.116285
v 0.287632 0.702475 -0.058142
v 0.282916 0.722010 -0.069530
v 0.263550 0.722010 -0.116285
v 0.216795 0.722010 -0.135651
v 0.205407 0.702475 -0.140368
v 0.205407 0.676324 -0.140368
v 0.263550 0.640676 -0.116285
v 0.205407 0.640676 -0.140368
v 0.147265 0.676324 -0.164451
v 0.194535 0.609633 -0.114121
v 0.147265 0.640676 -0.164451
v 0.040273 0.414446 -0.052951
v 0.040273 0.621271 -0.052951
v 0.040273 0.621271 0.052951
v 0.040273 0.414446 0.052951
v 0.040273 0.637430 0.041115
v 0.040273 0.637430 -0.041115
v -1.210878 0.640676 -0.140368
v -1.247277 0.609633 -0.094541
v -1.269020 0.640676 -0.116285
v -1.200006 0.609633 -0.114121
v -1.293104 0.640676 -0.058142
v -1.152736 0.640676 -0.164451
v -1.152736 0.609633 -0.133701
v -1.105466 0.609633 -0.114121
v -1.266857 0.609633 -0.047270
v -1.210878 0.676324 -0.140368
v -1.152736 0.676324 -0.164451
v -1.269020 0.676324 -0.116285
v -1.210878 0.702475 -0.140368
v -1.222267 0.722010 -0.135651
v -1.269020 0.722010 -0.116285
v -1.288386 0.722010 -0.069530
v -1.293104 0.702475 -0.058142
v -1.293104 0.676324 -0.058142
v -1.317186 0.676324 -0.000000
v -1.317186 0.640676 -0.000000
v -1.286436 0.609633 -0.000000
v -1.293104 0.676324 0.058142
v -1.266857 0.609633 0.047270
v -1.293104 0.640676 0.058142
v -1.247277 0.609633 0.094541
v -1.269020 0.676324 0.116285
v -1.293104 0.702475 0.058142
v -1.288386 0.722010 0.069530
v -1.269020 0.722010 0.116285
v -1.222267 0.722010 0.135651
v -1.210878 0.702475 0.140368
v -1.210878 0.676324 0.140368
v -1.269020 0.640676 0.116285
v -1.210878 0.640676 0.140368
v -1.152736 0.676324 0.164451
v -1.200006 0.609633 0.114121
v -1.152736 0.640676 0.164451
v -0.011929 0.258196 -0.035082
v -0.024448 0.134413 0.035643
v -0.024448 0.134413 -0.035082
v -0.011929 0.258196 0.035643
v 0.051506 0.042023 0.035643
v 0.051506 0.042023 -0.035082
v 0.083223 -0.066063 0.035643
v 0.083223 -0.066063 -0.035082
v 0.114940 -0.174150 0.035643
v 0.114940 -0.174150 -0.035082
v 0.089362 0.722010 -0.107577
v 0.051980 0.681133 -0.095285
v 0.100751 0.702475 -0.112294
v 0.100751 0.681133 -0.112294
v 0.054236 0.722010 -0.093028
v 0.039688 0.722010 -0.057902
v 0.034971 0.702475 -0.046514
v 0.034971 0.681133 -0.046514
v 0.039688 0.722010 0.057902
v 0.051980 0.681133 0.095285
v 0.034971 0.702475 0.046514
v 0.034971 0.681133 0.046514
v 0.054236 0.722010 0.093028
v 0.089362 0.722010 0.107577
v 0.100751 0.702475 0.112294
v 0.100751 0.681133 0.112294
v -1.322735 0.101751 0.122468
v -1.368898 0.150481 0.077930
v -1.333094 0.084989 0.077930
v -1.352735 0.161751 0.122468
v -0.545195 0.083546 0.077930
v -0.552735 0.101751 0.122468
v -1.402736 0.214984 0.135571
v -0.522736 0.131751 0.122468
v -0.515195 0.113546 0.077930
v -0.302735 0.131751 0.122468
v -0.545195 0.083546 -0.077930
v -0.300253 0.112203 0.077930
v 0.007265 0.211751 0.122468
v -0.515195 0.113546 -0.077930
v -0.300253 0.112203 -0.077930
v -0.302735 0.131751 -0.122468
v -0.522736 0.131751 -0.122468
v 0.007265 0.211751 -0.122468
v -0.552735 0.101751 -0.122468
v -1.322735 0.101751 -0.122468
v 0.009747 0.192203 -0.077930
v 0.009747 0.192203 0.077930
v 0.218730 0.193991 -0.077930
v 0.227264 0.211751 -0.122468
v 0.267265 0.161751 -0.122468
v 0.218730 0.193991 0.077930
v 0.227264 0.211751 0.122468
v 0.267265 0.161751 0.122468
v 0.248736 0.155048 -0.077930
v 0.268643 0.090773 -0.122468
v 0.248736 0.155048 0.077930
v 0.268643 0.090773 0.122468
v 0.250550 0.082969 -0.077930
v 0.298665 0.035779 -0.077930
v 0.306116 0.054019 -0.122468
v 0.250550 0.082969 0.077930
v 0.399515 0.054019 -0.122468
v 0.298665 0.035779 0.077930
v 0.306116 0.054019 0.122468
v 0.399515 0.054019 0.122468
v 0.409216 0.036869 -0.077930
v 0.409216 0.036869 0.077930
v 0.463483 0.127277 0.077930
v 0.463483 0.127277 -0.077930
v 0.453878 0.144482 -0.122468
v 0.738749 0.141217 -0.122468
v 0.453878 0.144482 0.122468
v 0.738749 0.141217 0.122468
v 0.729897 0.123613 -0.077930
v 0.837264 0.011751 -0.122468
v 0.729897 0.123613 0.077930
v 0.837264 0.011751 0.122468
v 0.828514 -0.005904 -0.077930
v 1.057264 -0.007954 -0.077930
v 1.057264 0.011751 -0.122468
v 0.828514 -0.005904 0.077930
v 1.057264 -0.007954 0.077930
v 1.057264 0.011751 0.122468
v -1.059707 0.722010 -0.093028
v -1.057451 0.681133 -0.095285
v -1.045158 0.722010 -0.057902
v -1.040441 0.702475 -0.046514
v -1.040441 0.681133 -0.046514
v -1.094833 0.722010 -0.107577
v -1.106221 0.702475 -0.112294
v -1.106221 0.681133 -0.112294
v -1.057451 0.681133 0.095285
v -1.106221 0.702475 0.112294
v -1.094833 0.722010 0.107577
v -1.106221 0.681133 0.112294
v -1.059707 0.722010 0.093028
v -1.045158 0.722010 0.057902
v -1.040441 0.702475 0.046514
v -1.040441 0.681133 0.046514
v 0.089123 0.676324 -0.140368
v 0.147265 0.681133 -0.131561
v 0.147265 0.676324 -0.164451
v 0.205407 0.676324 -0.140368
v 0.100751 0.681133 -0.112294
v 0.193779 0.681133 -0.112294
v 0.089123 0.702475 -0.140368
v 0.205407 0.702475 -0.140368
v 0.100751 0.702475 -0.112294
v 0.193779 0.702475 -0.112294
v 0.077734 0.722010 -0.135651
v 0.216795 0.722010 -0.135651
v 0.089362 0.722010 -0.107577
v 0.205167 0.722010 -0.107577
v 0.054236 0.722010 -0.093028
v 0.240293 0.722010 -0.093028
v 0.030980 0.722010 -0.116285
v 0.263550 0.722010 -0.116285
v 0.011614 0.722010 -0.069530
v 0.282916 0.722010 -0.069530
v 0.039688 0.722010 -0.057902
v 0.254842 0.722010 -0.057902
v 0.034971 0.702475 -0.046514
v 0.259559 0.702475 -0.046514
v 0.006897 0.702475 -0.058142
v 0.287632 0.702475 -0.058142
v 0.034971 0.681133 -0.046514
v 0.259559 0.681133 -0.046514
v 0.006897 0.676324 -0.058142
v 0.287632 0.676324 -0.058142
v 0.015703 0.681133 -0.000000
v 0.278825 0.681133 -0.000000
v -0.017186 0.676324 -0.000000
v 0.311716 0.676324 -0.000000
v 0.006897 0.676324 0.058142
v 0.287632 0.676324 0.058142
v 0.034971 0.681133 0.046514
v 0.259559 0.681133 0.046514
v 0.006897 0.702475 0.058142
v 0.287632 0.702475 0.058142
v 0.034971 0.702475 0.046514
v 0.259559 0.702475 0.046514
v 0.011614 0.722010 0.069530
v 0.282916 0.722010 0.069530
v 0.039688 0.722010 0.057902
v 0.254842 0.722010 0.057902
v 0.054236 0.722010 0.093028
v 0.240293 0.722010 0.093028
v 0.030980 0.722010 0.116285
v 0.263550 0.722010 0.116285
v 0.077734 0.722010 0.135651
v 0.216795 0.722010 0.135651
v 0.089362 0.722010 0.107577
v 0.205167 0.722010 0.107577
v 0.100751 0.702475 0.112294
v 0.193779 0.702475 0.112294
v 0.089123 0.702475 0.140368
v 0.205407 0.702475 0.140368
v 0.100751 0.681133 0.112294
v 0.193779 0.681133 0.112294
v 0.089123 0.676324 0.140368
v 0.205407 0.676324 0.140368
v 0.147265 0.681133 0.131561
v 0.147265 0.676324 0.164451
v -1.210878 0.676324 -0.140368
v -1.152736 0.681133 -0.131561
v -1.152736 0.676324 -0.164451
v -1.094593 0.676324 -0.140368
v -1.199249 0.681133 -0.112294
v -1.106221 0.681133 -0.112294
v -1.210878 0.702475 -0.140368
v -1.094593 0.702475 -0.140368
v -1.199249 0.702475 -0.112294
v -1.106221 0.702475 -0.112294
v -1.222267 0.722010 -0.135651
v -1.083205 0.722010 -0.135651
v -1.210637 0.722010 -0.107577
v -1.094833 0.722010 -0.107577
v -1.245764 0.722010 -0.093028
v -1.059707 0.722010 -0.093028
v -1.269020 0.722010 -0.116285
v -1.036450 0.722010 -0.116285
v -1.288386 0.722010 -0.069530
v -1.017085 0.722010 -0.069530
v -1.260312 0.722010 -0.057902
v -1.045158 0.722010 -0.057902
v -1.265030 0.702475 -0.046514
v -1.040441 0.702475 -0.046514
v -1.293104 0.702475 -0.058142
v -1.012368 0.702475 -0.058142
v -1.265030 0.681133 -0.046514
v -1.040441 0.681133 -0.046514
v -1.293104 0.676324 -0.058142
v -1.012368 0.676324 -0.058142
v -1.284296 0.681133 -0.000000
v -1.021174 0.681133 -0.000000
v -1.317186 0.676324 -0.000000
v -0.988285 0.676324 -0.000000
v -1.293104 0.676324 0.058142
v -1.012368 0.676324 0.058142
v -1.265030 0.681133 0.046514
v -1.040441 0.681133 0.046514
v -1.293104 0.702475 0.058142
v -1.012368 0.702475 0.058142
v -1.265030 0.702475 0.046514
v -1.040441 0.702475 0.046514
v -1.288386 0.722010 0.069530
v -1.017085 0.722010 0.069530
v -1.260312 0.722010 0.057902
v -1.045158 0.722010 0.057902
v -1.245764 0.722010 0.093028
v -1.059707 0.722010 0.093028
v -1.269020 0.722010 0.116285
v -1.036450 0.722010 0.116285
v -1.222267 0.722010 0.135651
v -1.083205 0.722010 0.135651
v -1.210637 0.722010 0.107577
v -1.094833 0.722010 0.107577
v -1.199249 0.702475 0.112294
v -1.106221 0.702475 0.112294
v -1.210878 0.702475 0.140368
v -1.094593 0.702475 0.140368
v -1.199249 0.681133 0.112294
v -1.106221 0.681133 0.112294
v -1.210878 0.676324 0.140368
v -1.094593 0.676324 0.140368
v -1.152736 0.681133 0.131561
v -1.152736 0.676324 0.164451
v -0.028118 0.658203 -0.023870
v -0.028118 0.627768 -0.046336
v -0.028118 0.658203 -0.046336
v -0.028118 0.627768 -0.023870
v -0.043106 0.673191 -0.046336
v -0.043106 0.673191 -0.023870
v -0.241618 0.673191 -0.023870
v -0.241618 0.673191 -0.046336
v -0.256607 0.658203 -0.046336
v -0.256607 0.658203 -0.023870
v -0.256607 0.627768 -0.023870
v -0.256607 0.627768 -0.046336
v -0.388118 0.658203 -0.023870
v -0.388118 0.627768 -0.046336
v -0.388118 0.658203 -0.046336
v -0.388118 0.627768 -0.023870
v -0.403106 0.673191 -0.046336
v -0.403106 0.673191 -0.023870
v -0.601619 0.673191 -0.023870
v -0.601619 0.673191 -0.046336
v -0.616607 0.658203 -0.046336
v -0.616607 0.658203 -0.023870
v -0.616607 0.627768 -0.023870
v -0.616607 0.627768 -0.046336
v -0.748118 0.658203 -0.023870
v -0.748118 0.627768 -0.046336
v -0.748118 0.658203 -0.046336
v -0.748118 0.627768 -0.023870
v -0.763106 0.673191 -0.046336
v -0.763106 0.673191 -0.023870
v -0.961619 0.673191 -0.023870
v -0.961619 0.673191 -0.046336
v -0.976607 0.658203 -0.046336
v -0.976607 0.658203 -0.023870
v -0.976607 0.627768 -0.023870
v -0.976607 0.627768 -0.046336
v -0.028118 0.658203 0.023870
v -0.028118 0.627768 0.046335
v -0.028118 0.627768 0.023870
v -0.028118 0.658203 0.046335
v -0.043106 0.673191 0.046335
v -0.043106 0.673191 0.023870
v -0.241618 0.673191 0.023870
v -0.241618 0.673191 0.046335
v -0.256607 0.658203 0.046335
v -0.256607 0.658203 0.023870
v -0.256607 0.627768 0.023870
v -0.256607 0.627768 0.046335
v -0.388118 0.658203 0.023870
v -0.388118 0.627768 0.046336
v -0.388118 0.627768 0.023870
v -0.388118 0.658203 0.046336
v -0.403106 0.673191 0.046336
v -0.403106 0.673191 0.023870
v -0.601619 0.673191 0.023870
v -0.601619 0.673191 0.046336
v -0.616607 0.658203 0.046336
v -0.616607 0.658203 0.023870
v -0.616607 0.627768 0.023870
v -0.616607 0.627768 0.046336
v -0.748118 0.658203 0.023871
v -0.748118 0.627768 0.046336
v -0.748118 0.627768 0.023871
v -0.748118 0.658203 0.046336
v -0.763106 0.673191 0.046336
v -0.763106 0.673191 0.023871
v -0.961619 0.673191 0.023871
v -0.961619 0.673191 0.046336
v -0.976607 0.658203 0.046336
v -0.976607 0.658203 0.023871
v -0.976607 0.627768 0.023871
v -0.976607 0.627768 0.046336
v 0.213030 0.660381 -0.065766
v 0.186013 0.629938 -0.093545
v 0.179369 0.660381 -0.077506
v 0.226640 0.629938 -0.079376
v 0.240810 0.629938 -0.038748
v 0.147265 0.629938 -0.109595
v 0.224771 0.660381 -0.032104
v 0.256860 0.629938 -0.000000
v 0.197624 0.676736 -0.050360
v 0.147265 0.660381 -0.090804
v 0.238068 0.660381 -0.000000
v 0.171848 0.676736 -0.059349
v 0.224771 0.660381 0.032104
v 0.206614 0.676736 -0.024583
v 0.240810 0.629938 0.038748
v 0.147265 0.694247 -0.000000
v 0.147265 0.676736 -0.069532
v 0.115161 0.660381 -0.077506
v 0.108517 0.629938 -0.093545
v 0.122681 0.676736 -0.059349
v 0.081499 0.660381 -0.065766
v 0.067888 0.629938 -0.079376
v 0.053719 0.629938 -0.038748
v 0.096905 0.676736 -0.050360
v 0.069759 0.660381 -0.032104
v 0.037670 0.629938 -0.000000
v 0.087916 0.676736 -0.024583
v 0.056460 0.660381 -0.000000
v 0.077733 0.676736 -0.000000
v 0.069759 0.660381 0.032104
v 0.053719 0.629938 0.038748
v 0.087916 0.676736 0.024583
v 0.081499 0.660381 0.065766
v 0.067888 0.629938 0.079376
v 0.108517 0.629938 0.093545
v 0.096905 0.676736 0.050360
v 0.115161 0.660381 0.077506
v 0.147265 0.629938 0.109595
v 0.122681 0.676736 0.059349
v 0.147265 0.660381 0.090804
v 0.147265 0.676736 0.069532
v 0.179369 0.660381 0.077506
v 0.186013 0.629938 0.093545
v 0.171848 0.676736 0.059349
v 0.213030 0.660381 0.065766
v 0.226640 0.629938 0.079376
v 0.197624 0.676736 0.050360
v 0.206614 0.676736 0.024583
v 0.216796 0.676736 -0.000000
v 0.186013 0.629938 -0.093545
v 0.147265 0.681133 -0.131561
v 0.147265 0.629938 -0.109595
v 0.108517 0.629938 -0.093545
v 0.193779 0.681133 -0.112294
v 0.100751 0.681133 -0.112294
v 0.226640 0.629938 -0.079376
v 0.067888 0.629938 -0.079376
v 0.242550 0.681133 -0.095285
v 0.051980 0.681133 -0.095285
v 0.259559 0.681133 -0.046514
v 0.034971 0.681133 -0.046514
v 0.240810 0.629938 -0.038748
v 0.053719 0.629938 -0.038748
v 0.278825 0.681133 -0.000000
v 0.015703 0.681133 -0.000000
v 0.256860 0.629938 -0.000000
v 0.037670 0.629938 -0.000000
v 0.240810 0.629938 0.038748
v 0.053719 0.629938 0.038748
v 0.259559 0.681133 0.046514
v 0.034971 0.681133 0.046514
v 0.226640 0.629938 0.079376
v 0.067888 0.629938 0.079376
v 0.242550 0.681133 0.095285
v 0.051980 0.681133 0.095285
v 0.193779 0.681133 0.112294
v 0.100751 0.681133 0.112294
v 0.186013 0.629938 0.093545
v 0.108517 0.629938 0.093545
v 0.147265 0.681133 0.131561
v 0.147265 0.629938 0.109595
v -1.113987 0.629938 -0.093545
v -1.152736 0.681133 -0.131561
v -1.152736 0.629938 -0.109595
v -1.191483 0.629938 -0.093545
v -1.106221 0.681133 -0.112294
v -1.199249 0.681133 -0.112294
v -1.073359 0.629938 -0.079376
v -1.232112 0.629938 -0.079376
v -1.057451 0.681133 -0.095285
v -1.248021 0.681133 -0.095285
v -1.040441 0.681133 -0.046514
v -1.265030 0.681133 -0.046514
v -1.059190 0.629938 -0.038748
v -1.246281 0.629938 -0.038748
v -1.021174 0.681133 -0.000000
v -1.284296 0.681133 -0.000000
v -1.043141 0.629938 -0.000000
v -1.262331 0.629938 -0.000000
v -1.059190 0.629938 0.038748
v -1.246281 0.629938 0.038748
v -1.040441 0.681133 0.046514
v -1.265030 0.681133 0.046514
v -1.073359 0.629938 0.079376
v -1.232112 0.629938 0.079376
v -1.057451 0.681133 0.095285
v -1.248021 0.681133 0.095285
v -1.106221 0.681133 0.112294
v -1.199249 0.681133 0.112294
v -1.113987 0.629938 0.093545
v -1.191483 0.629938 0.093545
v -1.152736 0.681133 0.131561
v -1.152736 0.629938 0.109595
v -1.113987 0.629938 -0.093545
v -1.109825 0.654748 -0.042911
v -1.073359 0.629938 -0.079376
v -1.059190 0.629938 -0.038748
v -1.131788 0.654748 -0.050571
v -1.102164 0.654748 -0.020947
v -1.093488 0.654748 -0.000000
v -1.043141 0.629938 -0.000000
v -1.059190 0.629938 0.038748
v -1.102164 0.654748 0.020947
v -1.109825 0.654748 0.042911
v -1.073359 0.629938 0.079376
v -1.113987 0.629938 0.093545
v -1.131788 0.654748 0.050571
v -1.152736 0.654748 0.059247
v -1.152736 0.629938 0.109595
v -1.191483 0.629938 0.093545
v -1.173682 0.654748 0.050571
v -1.203306 0.654748 0.020947
v -1.195646 0.654748 0.042911
v -1.232112 0.629938 0.079376
v -1.246281 0.629938 0.038748
v -1.211982 0.654748 -0.000000
v -1.262331 0.629938 -0.000000
v -1.246281 0.629938 -0.038748
v -1.203306 0.654748 -0.020947
v -1.195646 0.654748 -0.042911
v -1.232112 0.629938 -0.079376
v -1.191483 0.629938 -0.093545
v -1.173682 0.654748 -0.050571
v -1.152736 0.654748 -0.059247
v -1.152736 0.629938 -0.109595
v -1.071656 0.637430 0.041115
v 0.040273 0.637430 0.041115
v -1.071656 0.637430 -0.041115
v 0.040273 0.637430 -0.041115
v 1.107264 0.374994 -0.137936
v -1.368483 0.389858 -0.137936
v 0.447648 0.421751 -0.104973
v -1.309122 0.421751 -0.104973
v 0.817264 0.551752 -0.104973
v 1.047264 0.551752 -0.104973
v -1.132669 0.317572 -0.155420
v -1.101804 0.350316 -0.162399
v -1.066933 0.364672 -0.155174
v -1.146896 0.277175 -0.146533
v -1.402736 0.341578 -0.166730
v -1.402736 0.214984 -0.135571
v -1.352735 0.161751 -0.122468
v -1.146896 0.152020 -0.122468
v -1.322735 0.101751 -0.122468
v -0.986971 0.152020 -0.122468
v -0.552735 0.101751 -0.122468
v -0.816896 0.152020 -0.122468
v -0.986971 0.277175 -0.144667
v -0.656971 0.152020 -0.122468
v -0.816896 0.277175 -0.141830
v -0.522736 0.131751 -0.122468
v -1.001196 0.317572 -0.153887
v -0.302735 0.131751 -0.122468
v -0.802669 0.317572 -0.150718
v -0.656971 0.277175 -0.139965
v -0.771804 0.350316 -0.157697
v -0.671197 0.317572 -0.149185
v -1.032063 0.350316 -0.161586
v 0.007265 0.211751 -0.122468
v -0.702062 0.350316 -0.156883
v -0.736934 0.364672 -0.154033
v 0.227264 0.211751 -0.122468
v 0.453878 0.144482 -0.122468
v 0.267265 0.161751 -0.122468
v 0.738749 0.141217 -0.122468
v 1.057264 0.011751 -0.122468
v 0.837264 0.011751 -0.122468
v 0.399515 0.054019 -0.122468
v 0.306116 0.054019 -0.122468
v 0.268643 0.090773 -0.122468
v -1.368483 0.389858 0.137936
v 0.447648 0.421751 0.104973
v -1.309122 0.421751 0.104973
v 1.107264 0.374994 0.137936
v 0.817264 0.551752 0.104973
v 1.047264 0.551752 0.104973
v -1.132669 0.317572 0.132987
v -1.101804 0.350316 0.135054
v -1.066933 0.364672 0.135967
v -1.146896 0.277175 0.130445
v -1.402736 0.341578 0.166730
v -1.402736 0.214984 0.135571
v -1.352735 0.161751 0.122468
v -1.146896 0.152020 0.122468
v -1.322735 0.101751 0.122468
v -0.986971 0.152020 0.122468
v -0.552735 0.101751 0.122468
v -0.736934 0.364672 0.136097
v -1.032063 0.350316 0.135076
v -0.771804 0.350316 0.135184
v -1.001196 0.317572 0.133029
v -0.802669 0.317572 0.133117
v -0.816896 0.277175 0.130575
v -0.986971 0.277175 0.130497
v -0.816896 0.152020 0.122468
v -0.656971 0.152020 0.122468
v -0.522736 0.131751 0.122468
v -0.302735 0.131751 0.122468
v -0.656971 0.277175 0.130627
v -0.671196 0.317572 0.133160
v 0.007265 0.211751 0.122468
v -0.702062 0.350316 0.135206
v 0.227264 0.211751 0.122468
v 0.453878 0.144482 0.122468
v 0.267265 0.161751 0.122468
v 0.738749 0.141217 0.122468
v 1.057264 0.011751 0.122468
v 0.837264 0.011751 0.122468
v 0.399515 0.054019 0.122468
v 0.306116 0.054019 0.122468
v 0.268643 0.090773 0.122468
v 0.437921 0.418100 -0.102827
v 0.304197 0.462451 -0.102827
v 0.422705 0.463449 -0.102827
v 0.437769 0.448535 -0.102827
v 0.289436 0.416953 -0.102827
v 0.289283 0.447387 -0.102827
v 0.685102 0.501634 -0.102827
v 0.656024 0.539612 -0.102827
v 0.675105 0.530380 -0.102827
v 0.544221 0.500300 -0.102827
v 0.544987 0.452474 -0.102827
v 0.534988 0.481219 -0.102827
v 0.437921 0.418100 0.102826
v 0.422705 0.463449 0.102826
v 0.304197 0.462451 0.102827
v 0.437769 0.448535 0.102826
v 0.289436 0.416953 0.102827
v 0.289283 0.447387 0.102827
v 0.685102 0.501634 0.102826
v 0.656024 0.539612 0.102826
v 0.544221 0.500300 0.102826
v 0.675105 0.530380 0.102826
v 0.544987 0.452474 0.102826
v 0.534988 0.481219 0.102826
v -0.024448 0.134413 0.035643
v -0.073742 0.245796 0.090062
v -0.086110 0.121336 0.090062
v -0.011929 0.258196 0.035643
v -0.323004 0.195795 0.081591
v -0.010006 0.028269 0.090062
v 0.051506 0.042023 0.035643
v -0.271027 0.084301 0.081591
v -0.309856 0.076067 0.052008
v -0.361928 0.187987 0.052008
v -0.258046 -0.027192 0.081591
v -0.296779 -0.035854 0.052008
v -0.250480 -0.147774 0.052008
v -0.193088 -0.250180 0.081591
v -0.231631 -0.259694 0.052008
v -0.211496 -0.138686 0.081591
v -0.139607 -0.236980 0.083426
v -0.168797 -0.128039 0.083141
v -0.168289 -0.074972 0.083771
v -0.148363 -0.030083 0.084979
v -0.119015 -0.004880 0.086225
v -0.080997 -0.012032 0.087319
v -0.041296 -0.040944 0.088318
v 0.021863 -0.080494 0.090062
v -0.013602 -0.089337 0.088775
v 0.015688 -0.198648 0.088757
v 0.083223 -0.066063 0.035643
v 0.053731 -0.189258 0.090062
v 0.114940 -0.174150 0.035643
v -0.323004 0.195795 -0.081030
v -0.073742 0.245796 -0.089502
v -0.086110 0.121336 -0.089502
v -0.011929 0.258196 -0.035082
v -0.024448 0.134413 -0.035082
v -0.271027 0.084301 -0.081030
v -0.309856 0.076067 -0.051447
v -0.361928 0.187987 -0.051447
v -0.258046 -0.027192 -0.081030
v -0.296779 -0.035854 -0.051447
v -0.010006 0.028269 -0.089502
v 0.051506 0.042023 -0.035082
v -0.250136 -0.147774 -0.051447
v 0.021863 -0.080494 -0.089502
v 0.083223 -0.066063 -0.035082
v 0.053731 -0.189258 -0.089502
v 0.114940 -0.174150 -0.035082
v 0.015688 -0.198648 -0.088196
v -0.013602 -0.089337 -0.088214
v -0.041296 -0.040944 -0.087849
v -0.080997 -0.012032 -0.086848
v -0.119015 -0.004880 -0.085696
v -0.148363 -0.030083 -0.084519
v -0.168289 -0.074972 -0.083325
v -0.211499 -0.138686 -0.081030
v -0.168797 -0.128038 -0.082580
v -0.139607 -0.236980 -0.082866
v -0.193088 -0.250180 -0.081030
v -0.231631 -0.259694 -0.051447
v 0.040273 0.621271 0.052951
v -1.071656 0.637430 0.041115
v -1.071656 0.621271 0.052951
v 0.040273 0.637430 0.041115
v -0.097061 0.603584 0.052951
v -0.934323 0.603584 0.052951
v -0.029496 0.536019 0.052951
v 0.040273 0.414446 0.052951
v -0.029496 0.414446 0.052951
v -0.054113 0.525823 0.040404
v -0.054113 0.414446 0.040404
v -0.107257 0.578967 0.040404
v -0.924126 0.578967 0.040404
v -1.001887 0.536019 0.052951
v -1.071656 0.414446 0.052951
v -0.977271 0.525823 0.040404
v -1.001887 0.414446 0.052951
v -0.977271 0.414446 0.040404
v 0.040273 0.637430 -0.041115
v -1.071656 0.621271 -0.052951
v -1.071656 0.637430 -0.041115
v 0.040273 0.621271 -0.052951
v -0.097061 0.603584 -0.052951
v -0.029496 0.536019 -0.052951
v 0.040273 0.414446 -0.052951
v -0.029496 0.414446 -0.052951
v -0.054113 0.525823 -0.040404
v -0.054113 0.414446 -0.040404
v -0.107257 0.578967 -0.040404
v -0.934323 0.603584 -0.052951
v -0.924126 0.578967 -0.040404
v -1.001887 0.536019 -0.052951
v -1.071656 0.414446 -0.052951
v -0.977271 0.525823 -0.040404
v -1.001887 0.414446 -0.052951
v -0.977271 0.414446 -0.040404
v -0.028118 0.627768 0.046335
v -0.043106 0.673191 0.046335
v -0.241618 0.673191 0.046335
v -0.028118 0.658203 0.046335
v -0.256607 0.627768 0.046335
v -0.256607 0.658203 0.046335
v -0.388118 0.627768 0.046336
v -0.403106 0.673191 0.046336
v -0.601619 0.673191 0.046336
v -0.388118 0.658203 0.046336
v -0.616607 0.627768 0.046336
v -0.616607 0.658203 0.046336
v -0.748118 0.627768 0.046336
v -0.763106 0.673191 0.046336
v -0.961619 0.673191 0.046336
v -0.748118 0.658203 0.046336
v -0.976607 0.627768 0.046336
v -0.976607 0.658203 0.046336
v -0.028118 0.627768 -0.046336
v -0.241618 0.673191 -0.046336
v -0.043106 0.673191 -0.046336
v -0.028118 0.658203 -0.046336
v -0.256607 0.627768 -0.046336
v -0.256607 0.658203 -0.046336
v -0.388118 0.627768 -0.046336
v -0.601619 0.673191 -0.046336
v -0.403106 0.673191 -0.046336
v -0.388118 0.658203 -0.046336
v -0.616607 0.627768 -0.046336
v -0.616607 0.658203 -0.046336
v -0.748118 0.627768 -0.046336
v -0.961619 0.673191 -0.046336
v -0.763106 0.673191 -0.046336
v -0.748118 0.658203 -0.046336
v -0.976607 0.627768 -0.046336
v -0.976607 0.658203 -0.046336
v 0.052724 0.609633 0.094541
v 0.052724 0.345920 0.094541
v 0.099995 0.345920 0.114121
v 0.033144 0.609633 0.047270
v 0.099995 0.609633 0.114121
v 0.033144 0.345920 0.047270
v 0.013565 0.609633 -0.000000
v 0.013565 0.345920 -0.000000
v 0.033144 0.609633 -0.047270
v 0.033144 0.345920 -0.047270
v 0.052724 0.609633 -0.094541
v 0.052724 0.345920 -0.094541
v 0.099995 0.609633 -0.114121
v 0.099995 0.345920 -0.114121
v 0.147265 0.609633 -0.133701
v 0.147265 0.345920 -0.133701
v 0.194535 0.609633 -0.114121
v 0.194535 0.345920 -0.114121
v 0.241806 0.609633 -0.094541
v 0.241806 0.345920 -0.094541
v 0.261386 0.609633 -0.047270
v 0.261386 0.345920 -0.047270
v 0.280966 0.609633 -0.000000
v 0.280966 0.345920 -0.000000
v 0.261386 0.609633 0.047270
v 0.261386 0.345920 0.047270
v 0.241806 0.609633 0.094541
v 0.241806 0.345920 0.094541
v 0.194535 0.609633 0.114121
v 0.194535 0.345920 0.114121
v 0.147265 0.609633 0.133701
v 0.147265 0.345920 0.133701
v -1.247277 0.609633 0.094541
v -1.247277 0.345920 0.094541
v -1.200006 0.345920 0.114121
v -1.266857 0.609633 0.047270
v -1.200006 0.609633 0.114121
v -1.266857 0.345920 0.047270
v -1.286436 0.609633 -0.000000
v -1.286436 0.345920 -0.000000
v -1.266857 0.609633 -0.047270
v -1.266857 0.345920 -0.047270
v -1.247277 0.609633 -0.094541
v -1.152736 0.345920 0.133701
v -1.152736 0.609633 0.133701
v -1.247277 0.345920 -0.094541
v -1.200006 0.609633 -0.114121
v -1.200006 0.345920 -0.114121
v -1.105466 0.345920 0.114121
v -1.152736 0.609633 -0.133701
v -1.105466 0.609633 0.114121
v -1.152736 0.345920 -0.133701
v -1.105466 0.609633 -0.114121
v -1.105466 0.345920 -0.114121
v -1.058194 0.609633 -0.094541
v -1.058194 0.345920 0.094541
v -1.058194 0.609633 0.094541
v -1.058194 0.345920 -0.094541
v -1.038614 0.609633 -0.047270
v -1.038614 0.345920 -0.047270
v -1.019034 0.609633 -0.000000
v -1.038614 0.345920 0.047270
v -1.038614 0.609633 0.047270
v -1.019034 0.345920 -0.000000
v -1.514592 0.398210 -0.027908
v -1.534516 0.386650 -0.055817
v -1.492823 0.388004 -0.057171
v -1.534516 0.395380 -0.034741
v -1.492823 0.398210 -0.027908
v -1.514592 0.358742 -0.067377
v -1.492823 0.358742 -0.067377
v -1.534516 0.365576 -0.064546
v -1.514592 0.358742 0.067377
v -1.534516 0.386650 0.055817
v -1.492823 0.388004 0.057171
v -1.534516 0.365576 0.064546
v -1.492823 0.358742 0.067377
v -1.514592 0.398210 0.027908
v -1.492823 0.398210 0.027908
v -1.534516 0.395380 0.034741
v -0.028118 0.627768 -0.023870
v -0.241618 0.673191 -0.023870
v -0.256607 0.627768 -0.023870
v -0.256607 0.658203 -0.023870
v -0.043106 0.673191 -0.023870
v -0.028118 0.658203 -0.023870
v -0.388118 0.627768 -0.023870
v -0.601619 0.673191 -0.023870
v -0.616607 0.627768 -0.023870
v -0.616607 0.658203 -0.023870
v -0.403106 0.673191 -0.023870
v -0.388118 0.658203 -0.023870
v -0.748118 0.627768 -0.023870
v -0.961619 0.673191 -0.023870
v -0.976607 0.627768 -0.023870
v -0.976607 0.658203 -0.023870
v -0.763106 0.673191 -0.023870
v -0.748118 0.658203 -0.023870
v -0.043106 0.673191 0.023870
v -0.028118 0.627768 0.023870
v -0.241618 0.673191 0.023870
v -0.028118 0.658203 0.023870
v -0.256607 0.627768 0.023870
v -0.256607 0.658203 0.023870
v -0.403106 0.673191 0.023870
v -0.388118 0.627768 0.023870
v -0.601619 0.673191 0.023870
v -0.388118 0.658203 0.023870
v -0.616607 0.627768 0.023870
v -0.616607 0.658203 0.023870
v -0.748118 0.627768 0.023871
v -0.763106 0.673191 0.023871
v -0.748118 0.658203 0.023871
v -0.961619 0.673191 0.023871
v -0.976607 0.627768 0.023871
v -0.976607 0.658203 0.023871
v 0.437769 0.448535 -0.102827
v 0.437769 0.448535 -0.080362
v 0.437921 0.418100 -0.102827
v 0.437921 0.418100 -0.080362
v 0.422705 0.463449 -0.102827
v 0.422705 0.463449 -0.080362
v 0.304197 0.462451 -0.080362
v 0.304197 0.462451 -0.102827
v 0.289283 0.447387 -0.102827
v 0.289283 0.447387 -0.080362
v 0.289436 0.416953 -0.080362
v 0.289436 0.416953 -0.102827
v 0.437769 0.448535 0.080361
v 0.437921 0.418100 0.102826
v 0.437921 0.418100 0.080361
v 0.437769 0.448535 0.102826
v 0.422705 0.463449 0.102826
v 0.422705 0.463449 0.080361
v 0.304197 0.462451 0.080361
v 0.304197 0.462451 0.102827
v 0.289283 0.447387 0.102827
v 0.289283 0.447387 0.080361
v 0.289436 0.416953 0.080361
v 0.289436 0.416953 0.102827
v 0.437921 0.418100 -0.080362
v 0.304197 0.462451 -0.080362
v 0.289436 0.416953 -0.080362
v 0.289283 0.447387 -0.080362
v 0.422705 0.463449 -0.080362
v 0.437769 0.448535 -0.080362
v 0.544987 0.452474 -0.080362
v 0.544221 0.500300 -0.080362
v 0.534988 0.481219 -0.080362
v 0.685104 0.501634 -0.080362
v 0.656024 0.539612 -0.080362
v 0.675105 0.530379 -0.080362
v 0.422705 0.463449 0.080361
v 0.437921 0.418100 0.080361
v 0.304197 0.462451 0.080361
v 0.437769 0.448535 0.080361
v 0.289436 0.416953 0.080361
v 0.289283 0.447387 0.080361
v 0.685104 0.501634 0.080361
v 0.656024 0.539612 0.080361
v 0.675105 0.530379 0.080361
v 0.544221 0.500300 0.080361
v 0.544987 0.452474 0.080361
v 0.534988 0.481219 0.080361
v -0.977271 0.525823 -0.040404
v -0.977271 0.414446 0.040404
v -0.977271 0.414446 -0.040404
v -0.977271 0.525823 0.040404
v -0.924126 0.578967 0.040404
v -0.924126 0.578967 -0.040404
v -0.107257 0.578967 0.040404
v -0.107257 0.578967 -0.040404
v -0.054113 0.525823 0.040404
v -0.054113 0.525823 -0.040404
v -0.054113 0.414446 0.040404
v -0.054113 0.414446 -0.040404
v -0.361928 0.187987 -0.051447
v -0.309856 0.076067 -0.051447
v -0.361928 0.187987 0.052008
v -0.309856 0.076067 0.052008
v -0.296779 -0.035854 -0.051447
v -0.296779 -0.035854 0.052008
v -0.250136 -0.147774 -0.051447
v -0.250480 -0.147774 0.052008
v -0.231631 -0.259694 -0.051447
v -0.231631 -0.259694 0.052008
v -1.333094 0.084989 -0.077930
v -1.368898 0.150481 -0.077930
v -1.352735 0.161751 -0.122468
v -1.402736 0.214984 -0.135571
v -1.421055 0.207729 -0.086267
v -1.421055 0.207729 0.086267
v -1.421510 0.347561 -0.106095
v -1.421510 0.347561 0.106095
v -1.402736 0.341578 0.166730
v -1.368483 0.389858 0.137936
v -1.402736 0.341578 -0.166730
v -1.368483 0.389858 -0.137936
v -1.381527 0.404628 0.087772
v -1.309122 0.421751 0.104973
v -1.381527 0.404628 -0.087772
v -1.309122 0.421751 -0.104973
v -1.313931 0.440859 0.066797
v -1.313931 0.440859 -0.050282
v -0.712767 0.441017 0.050282
v 0.444333 0.441174 0.066797
v 0.447648 0.421751 0.104973
v -0.712767 0.441017 -0.050282
v -0.063388 0.441095 0.050282
v -1.313931 0.440859 -0.066797
v 0.444333 0.441174 -0.066797
v -0.063388 0.441095 -0.050282
v 0.447648 0.421751 -0.104973
v 0.444333 0.441174 -0.050282
v 0.813949 0.571174 -0.066797
v 0.817264 0.551752 -0.104973
v 1.047264 0.571455 -0.066797
v 1.047264 0.551752 -0.104973
v 1.047264 0.571455 0.066797
v 0.813949 0.571174 0.066797
v 0.817264 0.551752 0.104973
v 1.047264 0.551752 0.104973
v -1.451557 0.295948 -0.084221
v -1.419892 0.274109 -0.056724
v -1.451557 0.261063 -0.069771
v -1.419892 0.302471 -0.068472
v -1.451557 0.246613 -0.034885
v -1.451557 0.330833 -0.098671
v -1.419892 0.330833 -0.080220
v -1.419892 0.359196 -0.068472
v -1.419892 0.262361 -0.028362
v -1.487918 0.246613 -0.034885
v -1.487918 0.295948 -0.084221
v -1.487918 0.261063 -0.069771
v -1.487918 0.232163 -0.000000
v -1.487918 0.330833 -0.098671
v -1.514592 0.246613 -0.034885
v -1.514592 0.295948 -0.084221
v -1.534516 0.261063 -0.069771
v -1.534516 0.249443 -0.041718
v -1.534516 0.289115 -0.081390
v -1.451557 0.365719 -0.084221
v -1.487918 0.365719 -0.084221
v -1.419892 0.387559 -0.056724
v -1.451557 0.400604 -0.069771
v -1.487918 0.400604 -0.069771
v -1.451557 0.415054 -0.034885
v -1.419892 0.399306 -0.028362
v -1.514592 0.365719 -0.084221
v -1.534516 0.400604 -0.069771
v -1.534516 0.372552 -0.081390
v -1.514592 0.415054 -0.034885
v -1.534516 0.412224 -0.041718
v -1.487918 0.415054 -0.034885
v -1.451557 0.429504 -0.000000
v -1.514592 0.263457 0.027908
v -1.492823 0.273662 0.057171
v -1.492823 0.263457 0.027908
v -1.534516 0.275017 0.055817
v -1.534516 0.266287 0.034741
v -1.514592 0.302925 0.067377
v -1.492823 0.302925 0.067377
v -1.534516 0.296092 0.064546
v -1.514592 0.302925 -0.067377
v -1.534516 0.275017 -0.055817
v -1.492823 0.273662 -0.057171
v -1.534516 0.296092 -0.064546
v -1.492823 0.302925 -0.067377
v -1.514592 0.263457 -0.027908
v -1.492823 0.263457 -0.027908
v -1.534516 0.266287 -0.034741
v -1.419892 0.411055 -0.000000
v -1.487918 0.429504 -0.000000
v -1.419892 0.399306 0.028362
v -1.451557 0.415054 0.034885
v -1.487918 0.415054 0.034885
v -1.419892 0.387559 0.056724
v -1.451557 0.400604 0.069771
v -1.487918 0.400604 0.069771
v -1.451557 0.365719 0.084221
v -1.419892 0.359196 0.068472
v -1.514592 0.415054 0.034885
v -1.534516 0.400604 0.069771
v -1.534516 0.412224 0.041718
v -1.514592 0.365719 0.084221
v -1.534516 0.372552 0.081390
v -1.487918 0.365719 0.084221
v -1.451557 0.330833 0.098671
v -1.419892 0.330833 0.080220
v -1.487918 0.330833 0.098671
v -1.419892 0.302471 0.068472
v -1.451557 0.295948 0.084221
v -1.487918 0.295948 0.084221
v -1.419892 0.274109 0.056724
v -1.451557 0.261063 0.069771
v -1.487918 0.261063 0.069771
v -1.451557 0.246613 0.034885
v -1.419892 0.262361 0.028362
v -1.514592 0.295948 0.084221
v -1.534516 0.261063 0.069771
v -1.534516 0.289115 0.081390
v -1.514592 0.246613 0.034885
v -1.534516 0.249443 0.041718
v -1.487918 0.246613 0.034885
v -1.451557 0.232163 -0.000000
v -1.419892 0.250613 -0.000000
v -1.152736 0.609633 0.133701
v -1.094593 0.676324 0.140368
v -1.105466 0.609633 0.114121
v -1.094593 0.640676 0.140368
v -1.058194 0.609633 0.094541
v -1.036450 0.676324 0.116285
v -1.094593 0.702475 0.140368
v -1.083205 0.722010 0.135651
v -1.036450 0.722010 0.116285
v -1.017085 0.722010 0.069530
v -1.012368 0.702475 0.058142
v -1.012368 0.676324 0.058142
v -1.036450 0.640676 0.116285
v -1.012368 0.640676 0.058142
v -0.988285 0.676324 -0.000000
v -1.038614 0.609633 0.047270
v -0.988285 0.640676 -0.000000
v -1.019034 0.609633 -0.000000
v -1.012368 0.676324 -0.058142
v -1.038614 0.609633 -0.047270
v -1.012368 0.640676 -0.058142
v -1.058194 0.609633 -0.094541
v -1.036450 0.676324 -0.116285
v -1.012368 0.702475 -0.058142
v -1.017085 0.722010 -0.069530
v -1.036450 0.722010 -0.116285
v -1.083205 0.722010 -0.135651
v -1.094593 0.702475 -0.140368
v -1.094593 0.676324 -0.140368
v -1.036450 0.640676 -0.116285
v -1.094593 0.640676 -0.140368
v -1.260312 0.722010 0.057902
v -1.248021 0.681133 0.095285
v -1.265030 0.702475 0.046514
v -1.265030 0.681133 0.046514
v -1.245764 0.722010 0.093028
v -1.210637 0.722010 0.107577
v -1.199249 0.702475 0.112294
v -1.199249 0.681133 0.112294
v -1.199249 0.702475 -0.112294
v -1.248021 0.681133 -0.095285
v -1.199249 0.681133 -0.112294
v -1.210637 0.722010 -0.107577
v -1.245764 0.722010 -0.093028
v -1.260312 0.722010 -0.057902
v -1.265030 0.702475 -0.046514
v -1.265030 0.681133 -0.046514
v 0.089123 0.640676 -0.140368
v 0.052724 0.609633 -0.094541
v 0.030980 0.640676 -0.116285
v 0.099995 0.609633 -0.114121
v 0.006897 0.640676 -0.058142
v 0.147265 0.609633 -0.133701
v 0.033144 0.609633 -0.047270
v 0.089123 0.676324 -0.140368
v 0.030980 0.676324 -0.116285
v 0.089123 0.702475 -0.140368
v 0.077734 0.722010 -0.135651
v 0.030980 0.722010 -0.116285
v 0.011614 0.722010 -0.069530
v 0.006897 0.702475 -0.058142
v 0.006897 0.676324 -0.058142
v -0.017186 0.676324 -0.000000
v -0.017186 0.640676 -0.000000
v 0.013565 0.609633 -0.000000
v 0.006897 0.676324 0.058142
v 0.033144 0.609633 0.047270
v 0.006897 0.640676 0.058142
v 0.052724 0.609633 0.094541
v 0.030980 0.676324 0.116285
v 0.006897 0.702475 0.058142
v 0.011614 0.722010 0.069530
v 0.030980 0.722010 0.116285
v 0.077734 0.722010 0.135651
v 0.089123 0.702475 0.140368
v 0.089123 0.676324 0.140368
v 0.030980 0.640676 0.116285
v 0.089123 0.640676 0.140368
v 0.240293 0.722010 -0.093028
v 0.242550 0.681133 -0.095285
v 0.254842 0.722010 -0.057902
v 0.259559 0.702475 -0.046514
v 0.259559 0.681133 -0.046514
v 0.205167 0.722010 -0.107577
v 0.193779 0.702475 -0.112294
v 0.193779 0.681133 -0.112294
v 0.242550 0.681133 0.095285
v 0.193779 0.702475 0.112294
v 0.205167 0.722010 0.107577
v 0.193779 0.681133 0.112294
v 0.240293 0.722010 0.093028
v 0.254842 0.722010 0.057902
v 0.259559 0.702475 0.046514
v 0.259559 0.681133 0.046514
v 0.534988 0.481219 -0.102827
v 0.544221 0.500300 -0.080362
v 0.544221 0.500300 -0.102827
v 0.656024 0.539612 -0.102827
v 0.656024 0.539612 -0.080362
v 0.534988 0.481219 -0.080362
v 0.544987 0.452474 -0.080362
v 0.544987 0.452474 -0.102827
v 0.534988 0.481219 0.080361
v 0.534988 0.481219 0.102826
v 0.544221 0.500300 0.080361
v 0.544987 0.452474 0.080361
v 0.544987 0.452474 0.102826
v 0.544221 0.500300 0.102826
v 0.656024 0.539612 0.102826
v 0.656024 0.539612 0.080361
v -1.419892 0.274109 0.056724
v -1.236878 0.274109 0.056724
v -1.236878 0.302471 0.068472
v -1.419892 0.262361 0.028362
v -1.419892 0.302471 0.068472
v -1.236878 0.262361 0.028362
v -1.419892 0.250613 -0.000000
v -1.236878 0.250613 -0.000000
v -1.419892 0.262361 -0.028362
v -1.236878 0.262361 -0.028362
v -1.419892 0.274109 -0.056724
v -1.236878 0.330833 0.080220
v -1.419892 0.330833 0.080220
v -1.236878 0.274109 -0.056724
v -1.419892 0.302471 -0.068472
v -1.236878 0.302471 -0.068472
v -1.419892 0.330833 -0.080220
v -1.236878 0.359196 0.068472
v -1.419892 0.359196 0.068472
v -1.236878 0.330833 -0.080220
v -1.419892 0.359196 -0.068472
v -1.236878 0.359196 -0.068472
v -1.419892 0.387559 -0.056724
v -1.236878 0.387559 0.056724
v -1.419892 0.387559 0.056724
v -1.236878 0.399306 0.028362
v -1.419892 0.399306 0.028362
v -1.236878 0.387559 -0.056724
v -1.419892 0.399306 -0.028362
v -1.236878 0.411055 -0.000000
v -1.419892 0.411055 -0.000000
v -1.236878 0.399306 -0.028362
vn 0.7470 0.6649 0.0005
vn 0.9444 0.3288 0.0005
vn 0.7469 0.6650 -0.0000
vn 0.9444 0.3288 0.0004
vn 0.4356 0.9002 -0.0000
vn 0.4353 0.9003 0.0004
vn 0.9444 0.3289 0.0006
vn 0.9444 0.3287 0.0004
vn 0.7469 0.6649 0.0005
vn 0.4353 0.9003 0.0006
vn -0.7480 0.5077 -0.4275
vn -0.9706 0.0004 -0.2409
vn -0.9706 0.0005 -0.2409
vn -0.7480 -0.5077 -0.4275
vn -0.6123 0.6514 -0.4481
vn -0.6123 -0.6514 -0.4481
vn -0.1755 0.9095 -0.3768
vn -0.1755 -0.9095 -0.3768
vn -0.1782 0.9091 -0.3766
vn -0.1782 -0.9091 -0.3766
vn -0.8054 0.5475 -0.2271
vn -0.8054 -0.5476 -0.2268
vn -0.8308 0.5144 -0.2125
vn -0.8309 -0.5143 -0.2125
vn -1.0000 0.0005 0.0005
vn -0.8182 -0.2203 0.5310
vn -0.8182 0.2203 0.5310
vn -0.7918 -0.2340 0.5642
vn -0.7918 0.2337 0.5643
vn -0.1744 -0.3765 0.9098
vn -0.1744 0.3765 0.9098
vn -0.1771 -0.3767 0.9093
vn -0.1772 0.3767 0.9092
vn -0.6133 -0.4481 0.6504
vn -0.6133 0.4480 0.6505
vn -0.6982 -0.4379 0.5663
vn -0.6981 0.4382 0.5662
vn -0.9705 -0.2409 0.0004
vn -0.9705 0.2409 0.0004
vn -0.9706 -0.2408 0.0005
vn -0.9706 0.2408 0.0004
vn -0.6981 -0.4382 -0.5662
vn -0.6982 0.4379 -0.5663
vn -0.6133 -0.4480 -0.6505
vn -0.6133 0.4481 -0.6504
vn -0.1772 -0.3767 -0.9092
vn -0.1772 0.3767 -0.9092
vn -0.1744 -0.3765 -0.9098
vn -0.1744 0.3765 -0.9098
vn -0.8182 -0.2203 -0.5310
vn -0.8182 0.2203 -0.5310
vn -0.7918 -0.2337 -0.5643
vn -0.7918 0.2340 -0.5642
vn -0.8054 0.5476 0.2268
vn -0.8054 -0.5475 0.2271
vn -0.8308 0.5144 0.2125
vn -0.8309 -0.5143 0.2125
vn -0.1782 0.9091 0.3766
vn -0.1781 -0.9091 0.3766
vn -0.1755 0.9095 0.3768
vn -0.1755 -0.9095 0.3768
vn -0.6123 0.6514 0.4481
vn -0.6123 -0.6514 0.4481
vn -0.7480 0.5077 0.4275
vn -0.7480 -0.5077 0.4275
vn -0.9705 0.0004 0.2409
vn -0.9706 0.0005 0.2408
vn -0.4392 0.0005 0.8984
vn -0.4111 -0.3245 0.8519
vn -0.4391 0.0004 0.8984
vn -0.4469 -0.6286 0.6365
vn -0.4111 0.3243 0.8520
vn -0.4471 -0.6142 0.6503
vn -0.4111 0.3245 0.8519
vn -0.4108 -0.8523 0.3239
vn -0.4469 0.6286 0.6365
vn -0.4111 -0.8517 0.3248
vn -0.4471 0.6142 0.6503
vn -0.4393 -0.8984 0.0006
vn -0.4108 0.8522 0.3239
vn -0.4392 -0.8984 0.0005
vn -0.4111 0.8518 0.3248
vn -0.4111 -0.8517 -0.3248
vn -0.4391 0.8984 0.0004
vn -0.4109 -0.8521 -0.3241
vn -0.4469 -0.6286 -0.6365
vn -0.4111 0.8518 -0.3248
vn -0.4471 -0.6142 -0.6503
vn -0.4108 0.8523 -0.3239
vn -0.4111 -0.3245 -0.8519
vn -0.4469 0.6286 -0.6365
vn -0.4111 -0.3241 -0.8520
vn -0.4471 0.6142 -0.6503
vn -0.4392 0.0005 -0.8984
vn -0.4111 0.3245 -0.8519
vn -0.4391 0.0004 -0.8984
vn -0.4111 0.3244 -0.8519
vn 0.0005 -0.7037 0.7105
vn 0.0005 -0.3367 0.9416
vn -0.2819 -0.6754 0.6814
vn 0.3826 0.0005 0.9239
vn 0.0005 0.0005 1.0000
vn 0.2819 -0.6754 0.6814
vn 0.3580 -0.3541 0.8640
vn 0.5054 -0.7036 0.4995
vn 0.6963 0.0005 0.7178
vn 0.9239 0.0005 0.3826
vn 0.9239 0.0007 0.3826
vn 0.9239 -0.0000 0.3827
vn 0.6503 -0.3454 0.6766
vn 0.8614 -0.3611 0.3572
vn 1.0000 0.0005 0.0005
vn 0.6816 -0.6751 0.2823
vn 0.9355 -0.3532 0.0005
vn 0.7105 -0.7037 0.0005
vn 0.9239 -0.0000 -0.3827
vn 0.6814 -0.6753 -0.2821
vn 0.8614 -0.3613 -0.3571
vn 0.5054 -0.7036 -0.4995
vn 0.6963 0.0005 -0.7178
vn 0.9239 0.0007 -0.3826
vn 0.9239 0.0005 -0.3826
vn 0.3826 0.0005 -0.9239
vn 0.3826 0.0003 -0.9239
vn 0.6503 -0.3454 -0.6766
vn 0.3579 -0.3541 -0.8640
vn 0.0005 0.0005 -1.0000
vn 0.2819 -0.6754 -0.6814
vn 0.0005 -0.3367 -0.9416
vn -0.3580 -0.3541 -0.8640
vn -0.5054 -0.7036 -0.4995
vn -0.6503 -0.3454 -0.6766
vn -0.2823 -0.6751 -0.6816
vn -0.8614 -0.3613 -0.3570
vn 0.0005 -0.7037 -0.7105
vn 0.2820 -0.6754 -0.6814
vn -0.6815 -0.6753 -0.2820
vn -0.3826 0.0005 -0.9239
vn -0.6963 0.0005 -0.7178
vn -0.9239 -0.0000 -0.3827
vn -0.9239 0.0005 -0.3826
vn -0.9355 -0.3532 0.0005
vn -0.7105 -0.7037 0.0005
vn -0.9239 0.0006 0.3826
vn -0.6816 -0.6751 0.2823
vn -0.8614 -0.3612 0.3572
vn -0.5054 -0.7036 0.4995
vn -0.6963 0.0005 0.7178
vn -0.9239 0.0003 0.3826
vn -0.9239 0.0005 0.3826
vn -0.3826 0.0005 0.9239
vn -0.3826 0.0003 0.9239
vn -0.6503 -0.3454 0.6766
vn -0.3579 -0.3541 0.8640
vn -0.2819 -0.6755 0.6814
vn 0.9950 -0.1001 0.0005
vn 0.9571 0.2897 0.0004
vn 0.9572 0.2894 -0.0000
vn 0.8839 0.4678 -0.0000
vn 0.9595 0.2816 -0.0000
vn 0.9595 0.2817 0.0003
vn 0.3541 -0.0376 0.9344
vn 0.6922 -0.0415 0.7205
vn 0.3541 -0.0376 0.9345
vn 0.6952 -0.0415 0.7176
vn 0.9344 -0.0376 0.3541
vn 0.9345 -0.0376 0.3541
vn 0.9344 -0.0376 -0.3541
vn 0.6922 -0.0415 -0.7205
vn 0.9345 -0.0376 -0.3541
vn 0.6952 -0.0415 -0.7176
vn 0.3541 -0.0376 -0.9344
vn 0.3541 -0.0376 -0.9345
vn -0.4675 -0.7754 0.4245
vn -0.7931 -0.5790 0.1891
vn -0.5037 -0.8388 0.2066
vn -0.7355 -0.5625 0.3778
vn 0.3739 -0.9065 0.1960
vn 0.3500 -0.8480 0.3979
vn -0.8645 -0.3485 0.3622
vn 0.3483 -0.8426 0.4108
vn 0.3718 -0.9013 0.2223
vn 0.1138 -0.9099 0.3990
vn 0.3739 -0.9065 -0.1960
vn 0.1207 -0.9719 0.2020
vn 0.1168 -0.9106 0.3964
vn 0.3718 -0.9013 -0.2222
vn 0.1207 -0.9719 -0.2019
vn 0.1138 -0.9099 -0.3990
vn 0.3483 -0.8426 -0.4108
vn 0.1168 -0.9106 -0.3964
vn 0.3500 -0.8480 -0.3979
vn -0.4675 -0.7754 -0.4245
vn 0.1266 -0.9702 -0.2067
vn 0.1266 -0.9702 0.2067
vn -0.4254 -0.8758 -0.2281
vn -0.3955 -0.8179 -0.4180
vn -0.8633 -0.3102 -0.3982
vn -0.4254 -0.8758 0.2281
vn -0.3955 -0.8179 0.4180
vn -0.8633 -0.3102 0.3982
vn -0.9202 -0.3288 -0.2126
vn -0.8381 -0.3632 -0.4070
vn -0.9201 -0.3289 0.2125
vn -0.8381 -0.3631 0.4070
vn -0.8985 -0.3904 -0.2008
vn -0.3670 -0.9092 -0.1967
vn -0.3435 -0.8497 -0.4001
vn -0.8985 -0.3904 0.2008
vn 0.4519 -0.7929 -0.4089
vn -0.3670 -0.9092 0.1967
vn -0.3435 -0.8497 0.4001
vn 0.4519 -0.7929 0.4089
vn 0.4862 -0.8507 -0.1998
vn 0.4862 -0.8507 0.1998
vn 0.4744 -0.8515 0.2232
vn 0.4744 -0.8515 -0.2233
vn 0.4452 -0.7970 -0.4081
vn -0.4118 -0.8182 -0.4012
vn 0.4452 -0.7970 0.4081
vn -0.4118 -0.8182 0.4012
vn -0.4390 -0.8715 -0.2184
vn -0.4068 -0.8140 -0.4146
vn -0.4390 -0.8716 0.2183
vn -0.4068 -0.8140 0.4146
vn -0.4380 -0.8756 -0.2036
vn -0.0063 -0.9800 -0.1987
vn -0.0044 -0.9219 -0.3874
vn -0.4380 -0.8756 0.2036
vn -0.0063 -0.9800 0.1987
vn -0.0044 -0.9219 0.3874
vn -0.6952 -0.0415 0.7176
vn -0.6922 -0.0415 0.7205
vn -0.9344 -0.0376 0.3541
vn -0.9345 -0.0376 0.3541
vn -0.3541 -0.0376 0.9344
vn -0.3541 -0.0376 0.9345
vn -0.6922 -0.0415 -0.7205
vn -0.3541 -0.0376 -0.9344
vn -0.3541 -0.0376 -0.9345
vn -0.6952 -0.0415 -0.7176
vn -0.9344 -0.0376 -0.3541
vn -0.9345 -0.0376 -0.3541
vn 0.5651 0.7419 -0.3609
vn 0.0004 0.9894 -0.1451
vn -0.5651 0.7419 -0.3609
vn 0.6600 0.6454 -0.3845
vn -0.6600 0.6454 -0.3845
vn 0.8886 0.2741 -0.3678
vn -0.8886 0.2741 -0.3678
vn 0.8868 0.2809 -0.3669
vn -0.8868 0.2810 -0.3669
vn 0.4646 0.8642 -0.1930
vn -0.4646 0.8643 -0.1930
vn 0.4323 0.8837 -0.1793
vn -0.4324 0.8837 -0.1791
vn 0.0005 1.0000 0.0005
vn -0.1842 0.8773 0.4433
vn 0.1843 0.8772 0.4433
vn -0.1968 0.8571 0.4761
vn 0.1972 0.8571 0.4760
vn -0.3688 0.2701 0.8894
vn 0.3688 0.2701 0.8894
vn -0.3676 0.2777 0.8875
vn 0.3676 0.2777 0.8875
vn -0.3834 0.6492 0.6569
vn 0.3833 0.6492 0.6570
vn -0.3753 0.6873 0.6219
vn 0.3756 0.6872 0.6218
vn -0.1451 0.9894 0.0004
vn 0.1451 0.9894 0.0004
vn -0.1451 0.9894 0.0005
vn -0.3756 0.6872 -0.6218
vn 0.3753 0.6873 -0.6219
vn -0.3833 0.6492 -0.6570
vn 0.3834 0.6491 -0.6570
vn -0.3676 0.2777 -0.8875
vn 0.3676 0.2777 -0.8875
vn -0.3688 0.2701 -0.8894
vn 0.3688 0.2701 -0.8894
vn -0.1842 0.8773 -0.4433
vn 0.1843 0.8772 -0.4433
vn -0.1972 0.8571 -0.4760
vn 0.1968 0.8571 -0.4761
vn 0.4646 0.8642 0.1930
vn -0.4646 0.8643 0.1930
vn 0.4324 0.8837 0.1791
vn -0.4323 0.8837 0.1793
vn 0.8868 0.2809 0.3669
vn -0.8868 0.2810 0.3669
vn 0.8886 0.2741 0.3678
vn -0.8886 0.2741 0.3678
vn 0.6600 0.6454 0.3845
vn -0.6600 0.6454 0.3845
vn 0.5651 0.7419 0.3609
vn -0.5651 0.7419 0.3609
vn 0.0004 0.9894 0.1451
vn 0.8868 0.2810 -0.3669
vn 0.4324 0.8837 -0.1793
vn 0.1842 0.8773 0.4433
vn -0.3678 0.2779 0.8874
vn 0.3756 0.6873 0.6218
vn -0.1450 0.9894 0.0004
vn 0.1452 0.9894 0.0006
vn -0.3756 0.6873 -0.6218
vn 0.3834 0.6492 -0.6569
vn 0.1842 0.8773 -0.4433
vn -0.8868 0.2809 0.3669
vn 0.9239 0.3826 0.0005
vn 0.9239 0.3827 -0.0000
vn 0.3826 0.9239 0.0005
vn 0.3826 0.9239 0.0006
vn -0.3827 0.9239 -0.0000
vn -0.3826 0.9239 0.0005
vn -0.9239 0.3826 0.0007
vn -0.9239 0.3826 0.0006
vn -0.3826 0.9239 0.0006
vn -0.3826 0.9239 0.0003
vn -0.9239 0.3826 0.0005
vn 0.9239 0.3826 0.0006
vn -0.3826 0.9239 0.0007
vn 0.3826 0.9239 0.0007
vn -0.3825 0.9239 0.0006
vn 0.9239 0.3826 0.0007
vn 0.3827 0.9239 -0.0000
vn 0.5291 0.6522 -0.5428
vn 0.3092 0.4952 -0.8119
vn 0.2731 0.6415 -0.7168
vn 0.5790 0.5340 -0.6161
vn 0.8124 0.4949 -0.3084
vn -0.0000 0.5252 -0.8509
vn 0.7153 0.6434 -0.2728
vn 0.8509 0.5253 0.0003
vn 0.3354 0.8807 -0.3345
vn 0.0005 0.6428 -0.7660
vn 0.7597 0.6503 0.0005
vn 0.1645 0.8872 -0.4311
vn 0.7153 0.6434 0.2728
vn 0.4294 0.8882 -0.1637
vn 0.8124 0.4949 0.3083
vn -0.0000 1.0000 -0.0000
vn 0.0005 0.8761 -0.4822
vn -0.2731 0.6416 -0.7168
vn -0.3092 0.4952 -0.8119
vn -0.1645 0.8872 -0.4311
vn -0.5291 0.6522 -0.5428
vn -0.5790 0.5340 -0.6161
vn -0.8124 0.4949 -0.3083
vn -0.3354 0.8807 -0.3345
vn -0.7153 0.6433 -0.2729
vn -0.8509 0.5252 -0.0000
vn -0.4295 0.8881 -0.1637
vn -0.7597 0.6503 0.0005
vn -0.4715 0.8819 0.0005
vn -0.7153 0.6433 0.2728
vn -0.8124 0.4949 0.3083
vn -0.4295 0.8881 0.1637
vn -0.5291 0.6522 0.5428
vn -0.5790 0.5340 0.6161
vn -0.3092 0.4952 0.8119
vn -0.3355 0.8806 0.3345
vn -0.2731 0.6416 0.7168
vn -0.0000 0.5252 0.8509
vn -0.1645 0.8872 0.4311
vn 0.0005 0.6428 0.7660
vn 0.0005 0.8761 0.4822
vn 0.2731 0.6415 0.7168
vn 0.3092 0.4952 0.8119
vn 0.1645 0.8872 0.4311
vn 0.5291 0.6522 0.5428
vn 0.5790 0.5340 0.6161
vn 0.3355 0.8807 0.3345
vn 0.4295 0.8881 0.1637
vn 0.4715 0.8819 0.0005
vn -0.3308 0.3686 0.8687
vn -0.0000 0.3943 0.9190
vn 0.0005 0.3943 0.9190
vn 0.3307 0.3687 0.8688
vn -0.3312 0.3685 0.8686
vn 0.3313 0.3686 0.8686
vn -0.6425 0.4021 0.6523
vn 0.6425 0.4021 0.6523
vn -0.6286 0.4020 0.6658
vn 0.6286 0.4020 0.6658
vn -0.8688 0.3684 0.3309
vn 0.8688 0.3684 0.3309
vn -0.8683 0.3688 0.3317
vn 0.8683 0.3688 0.3317
vn -0.9190 0.3943 -0.0000
vn 0.9190 0.3943 0.0005
vn -0.9190 0.3943 0.0006
vn 0.9190 0.3943 -0.0000
vn -0.8684 0.3687 -0.3315
vn 0.8683 0.3688 -0.3316
vn -0.8688 0.3684 -0.3309
vn 0.8688 0.3684 -0.3309
vn -0.6425 0.4021 -0.6523
vn 0.6425 0.4021 -0.6523
vn -0.6286 0.4020 -0.6658
vn 0.6286 0.4020 -0.6658
vn -0.3313 0.3685 -0.8686
vn 0.3313 0.3686 -0.8686
vn -0.3308 0.3686 -0.8687
vn 0.3313 0.3684 -0.8687
vn 0.0006 0.3943 -0.9190
vn -0.0000 0.3943 -0.9190
vn 0.3308 0.3686 0.8687
vn -0.3313 0.3685 0.8686
vn 0.3313 0.3685 0.8686
vn -0.6286 0.4020 0.6657
vn -0.8683 0.3689 0.3317
vn 0.8684 0.3687 0.3316
vn -0.8683 0.3688 -0.3316
vn 0.8684 0.3687 -0.3316
vn -0.6286 0.4020 -0.6657
vn -0.3313 0.3686 -0.8686
vn 0.3313 0.3685 -0.8686
vn 0.3310 0.3685 -0.8687
vn 0.0003 0.3943 -0.9190
vn 0.0005 0.3943 -0.9190
vn 0.1674 0.8823 -0.4400
vn 0.2027 0.9592 -0.1969
vn 0.2955 0.9012 -0.3170
vn 0.4403 0.8822 -0.1668
vn 0.0874 0.9695 -0.2290
vn 0.2272 0.9699 -0.0875
vn 0.2749 0.9615 0.0005
vn 0.4419 0.8970 0.0005
vn 0.4403 0.8822 0.1668
vn 0.2272 0.9699 0.0875
vn 0.2027 0.9592 0.1969
vn 0.2955 0.9012 0.3170
vn 0.1674 0.8823 0.4400
vn 0.0874 0.9695 0.2291
vn 0.0005 0.9580 0.2867
vn 0.0003 0.8970 0.4420
vn -0.1675 0.8823 0.4400
vn -0.0874 0.9695 0.2290
vn -0.2272 0.9699 0.0875
vn -0.2028 0.9592 0.1969
vn -0.2955 0.9012 0.3170
vn -0.4404 0.8822 0.1666
vn -0.2749 0.9615 0.0005
vn -0.4420 0.8970 -0.0000
vn -0.4403 0.8822 -0.1668
vn -0.2272 0.9699 -0.0875
vn -0.2027 0.9592 -0.1969
vn -0.2955 0.9012 -0.3170
vn -0.1676 0.8820 -0.4405
vn -0.0874 0.9695 -0.2290
vn 0.0005 0.9580 -0.2868
vn -0.0000 0.8970 -0.4420
vn -0.0034 0.1968 -0.9804
vn -0.0005 0.0847 -0.9964
vn -0.0112 0.4618 -0.8869
vn -0.0113 0.4618 -0.8869
vn -0.0113 0.4617 -0.8870
vn 0.0034 -0.0396 -0.9992
vn 0.0024 -0.0601 -0.9982
vn 0.0024 -0.0640 -0.9979
vn 0.0024 -0.0933 -0.9956
vn 0.0024 -0.0932 -0.9956
vn 0.0024 -0.0747 -0.9972
vn 0.0025 -0.0640 -0.9979
vn 0.0034 -0.0397 -0.9992
vn 0.0034 -0.0406 -0.9992
vn 0.0034 -0.0395 -0.9992
vn 0.0005 0.0679 0.9977
vn -0.0112 0.4618 0.8869
vn -0.0034 0.1852 0.9827
vn -0.0112 0.4617 0.8870
vn 0.0034 -0.0611 0.9981
vn 0.0044 -0.0543 0.9985
vn 0.0034 -0.0610 0.9981
vn 0.0044 -0.0532 0.9986
vn 0.0064 -0.0445 0.9990
vn 0.0063 -0.0444 0.9990
vn 0.0044 -0.0533 0.9986
vn 0.0054 -0.0503 0.9987
vn 0.0063 -0.0445 0.9990
vn 0.0034 -0.0601 0.9982
vn 0.6229 0.2019 0.7558
vn 0.3934 -0.0445 0.9183
vn 0.2281 0.0659 0.9714
vn 0.6675 -0.0669 0.7416
vn -0.3405 -0.1529 0.9277
vn 0.3239 0.1852 0.9278
vn 0.5944 0.2983 0.7468
vn -0.2896 -0.0806 0.9537
vn -0.5751 -0.1668 0.8009
vn -0.5517 -0.2567 0.7936
vn -0.3365 -0.0913 0.9372
vn -0.5778 -0.1490 0.8025
vn -0.5728 -0.1665 0.8026
vn -0.3327 -0.0562 0.9414
vn -0.5886 -0.0982 0.8025
vn -0.2936 -0.0835 0.9523
vn -0.0335 -0.0060 0.9994
vn -0.0328 -0.0093 0.9994
vn -0.0316 -0.0128 0.9994
vn -0.0317 -0.0123 0.9994
vn -0.0316 -0.0125 0.9994
vn -0.0317 -0.0122 0.9994
vn -0.0318 -0.0122 0.9994
vn 0.3111 0.0904 0.9461
vn -0.0329 -0.0102 0.9994
vn -0.0324 -0.0093 0.9994
vn 0.6275 0.1841 0.7565
vn 0.3189 0.0943 0.9431
vn 0.6273 0.1841 0.7567
vn -0.3405 -0.1529 -0.9277
vn 0.3934 -0.0445 -0.9183
vn 0.2281 0.0659 -0.9714
vn 0.6674 -0.0670 -0.7417
vn 0.6229 0.2019 -0.7558
vn -0.2896 -0.0806 -0.9537
vn -0.5751 -0.1668 -0.8009
vn -0.5515 -0.2565 -0.7938
vn -0.3365 -0.0913 -0.9372
vn -0.5788 -0.1498 -0.8016
vn 0.3239 0.1852 -0.9278
vn 0.5944 0.2982 -0.7468
vn -0.5745 -0.1669 -0.8013
vn 0.3111 0.0904 -0.9461
vn 0.6276 0.1841 -0.7565
vn 0.3189 0.0943 -0.9431
vn 0.6273 0.1841 -0.7567
vn -0.0324 -0.0094 -0.9994
vn -0.0328 -0.0103 -0.9994
vn -0.0327 -0.0111 -0.9994
vn -0.0327 -0.0112 -0.9994
vn -0.0327 -0.0113 -0.9994
vn -0.2946 -0.0835 -0.9520
vn -0.0327 -0.0093 -0.9994
vn -0.0335 -0.0060 -0.9994
vn -0.3348 -0.0552 -0.9407
vn -0.5907 -0.0977 -0.8010
vn 0.0005 0.3045 0.9525
vn 0.0006 0.5908 0.8068
vn 0.0007 0.5908 0.8068
vn -0.0836 -0.2018 0.9759
vn 0.0836 -0.2018 0.9759
vn -0.2018 -0.0836 0.9759
vn -0.2311 0.0005 0.9729
vn -0.3936 -0.1630 0.9047
vn -0.4540 0.0005 0.8910
vn -0.1627 -0.3935 0.9048
vn 0.1630 -0.3936 0.9047
vn 0.2018 -0.0836 0.9759
vn 0.3936 -0.1630 0.9047
vn 0.2313 0.0005 0.9729
vn 0.4540 0.0006 0.8910
vn 0.0005 0.5908 -0.8068
vn 0.0005 0.3045 -0.9525
vn 0.0007 0.5908 -0.8068
vn -0.0836 -0.2018 -0.9759
vn -0.2018 -0.0836 -0.9759
vn -0.2311 0.0005 -0.9729
vn -0.3936 -0.1630 -0.9047
vn -0.4540 0.0005 -0.8910
vn -0.1630 -0.3936 -0.9047
vn 0.0836 -0.2018 -0.9759
vn 0.1626 -0.3934 -0.9049
vn 0.2018 -0.0836 -0.9759
vn 0.3936 -0.1630 -0.9047
vn 0.2313 0.0005 -0.9729
vn 0.4540 0.0006 -0.8910
vn -0.5514 -0.6110 0.5680
vn -0.2818 -0.6755 0.6813
vn -0.9239 -0.0000 0.3827
vn -0.3827 -0.0000 0.9239
vn -0.6581 -0.7021 0.2721
vn -0.7713 -0.6365 0.0005
vn -0.9239 0.0003 -0.3826
vn -0.6580 -0.7021 -0.2721
vn -0.5514 -0.6110 -0.5680
vn -0.3827 -0.0000 -0.9239
vn -0.2818 -0.6755 -0.6814
vn 0.0005 -0.5836 -0.8121
vn 0.3827 -0.0000 -0.9239
vn 0.2818 -0.6755 -0.6814
vn 0.5514 -0.6110 -0.5680
vn 0.6581 -0.7021 -0.2721
vn 0.7713 -0.6365 0.0005
vn 0.6580 -0.7021 0.2721
vn 0.5514 -0.6110 0.5680
vn 0.3827 -0.0000 0.9239
vn 0.2818 -0.6755 0.6814
vn 0.0005 -0.5836 0.8121
vn -0.2818 -0.6755 0.6814
vn 0.9239 0.0003 -0.3826
vn 0.6580 -0.7021 -0.2721
vn 0.6581 -0.7020 0.2721
vn 0.0220 -0.9349 0.3543
vn 0.0239 -0.6951 0.7185
vn 0.0240 -0.6936 0.7200
vn 0.0220 -0.3543 0.9349
vn 0.0220 -0.3543 -0.9349
vn 0.0239 -0.6951 -0.7185
vn 0.0240 -0.6936 -0.7200
vn 0.0220 -0.9349 -0.3543
vn 0.9219 0.3874 0.0006
vn 0.9219 0.3874 0.0003
vn 1.0000 0.0053 0.0004
vn 1.0000 0.0052 0.0003
vn 0.3765 0.9264 -0.0000
vn 0.3765 0.9264 0.0006
vn -0.3894 0.9211 0.0004
vn -0.3893 0.9211 0.0004
vn -0.9259 0.3779 0.0003
vn -0.9259 0.3778 0.0004
vn -1.0000 -0.0054 0.0005
vn -1.0000 -0.0050 -0.0000
vn -0.9259 0.3777 0.0005
vn 0.9239 -0.3827 -0.0000
vn 0.9239 -0.3826 0.0005
vn 0.3827 -0.9239 -0.0000
vn -0.3826 -0.9239 0.0005
vn -0.3827 -0.9239 -0.0000
vn -0.9239 -0.3827 -0.0000
vn -0.9067 -0.4218 0.0007
vn -0.9622 -0.2724 -0.0000
vn -0.9067 -0.4218 0.0003
vn -0.9622 -0.2722 0.0005
vn -0.9675 -0.2528 -0.0000
vn -0.9677 -0.2522 -0.0007
vn -0.9611 -0.2760 -0.0016
vn -0.9611 -0.2761 -0.0016
vn -0.9863 -0.1647 -0.0015
vn -0.9864 -0.1646 -0.0015
vn -0.5037 -0.8388 -0.2067
vn -0.7931 -0.5790 -0.1891
vn -0.7355 -0.5625 -0.3778
vn -0.8645 -0.3485 -0.3622
vn -0.9070 -0.3805 -0.1802
vn -0.9071 -0.3805 0.1802
vn -0.9304 0.3111 -0.1939
vn -0.9304 0.3111 0.1939
vn -0.8971 0.2769 0.3443
vn -0.5713 0.7394 0.3563
vn -0.8971 0.2769 -0.3443
vn -0.5713 0.7394 -0.3563
vn -0.6025 0.7754 0.1891
vn -0.1686 0.8900 0.4237
vn -0.6025 0.7754 -0.1891
vn -0.1686 0.8900 -0.4237
vn -0.2125 0.9571 0.1969
vn -0.2437 0.9699 -0.0000
vn -0.0005 1.0000 0.0003
vn -0.1636 0.9562 0.2427
vn -0.1500 0.8768 0.4569
vn -0.0005 1.0000 -0.0005
vn -0.0005 1.0000 0.0004
vn -0.2125 0.9571 -0.1969
vn -0.1636 0.9560 -0.2437
vn -0.0005 1.0000 -0.0004
vn -0.1500 0.8768 -0.4568
vn -0.1684 0.9857 -0.0000
vn -0.1637 0.9583 -0.2341
vn -0.1500 0.8753 -0.4598
vn -0.0005 0.9715 -0.2370
vn -0.0005 0.8900 -0.4560
vn -0.0005 0.9715 0.2370
vn -0.1637 0.9583 0.2341
vn -0.1500 0.8753 0.4598
vn -0.0005 0.8900 0.4560
vn 0.2418 -0.3717 -0.8963
vn 0.5035 -0.6100 -0.6119
vn 0.2439 -0.6719 -0.6993
vn 0.4743 -0.3367 -0.8134
vn 0.2437 -0.8962 -0.3707
vn 0.2399 0.0005 -0.9708
vn 0.5035 -0.0000 -0.8640
vn 0.4744 0.3366 -0.8134
vn 0.4744 -0.8134 -0.3366
vn 0.0005 -0.9239 -0.3826
vn 0.0005 -0.3826 -0.9239
vn 0.0005 -0.6963 -0.7178
vn 0.0005 -1.0000 0.0005
vn 0.0006 -0.9239 -0.3826
vn 0.0003 -0.3826 -0.9239
vn 0.0004 -0.3826 -0.9239
vn 0.2418 0.3717 -0.8963
vn 0.0005 0.3826 -0.9239
vn 0.5035 0.6100 -0.6119
vn 0.2439 0.6720 -0.6992
vn 0.0005 0.6963 -0.7178
vn 0.2437 0.8962 -0.3707
vn 0.4740 0.8135 -0.3370
vn 0.0006 0.3826 -0.9239
vn 0.0003 0.3826 -0.9239
vn 0.0005 0.9239 -0.3826
vn 0.0006 0.9239 -0.3826
vn 0.2477 0.9688 0.0005
vn 0.0220 0.9349 -0.3543
vn 0.0240 0.6936 -0.7200
vn 0.0239 0.6951 -0.7185
vn 0.0220 0.3543 -0.9349
vn 0.0220 0.3543 0.9349
vn 0.0239 0.6951 0.7185
vn 0.0240 0.6936 0.7200
vn 0.0220 0.9349 0.3543
vn 0.5035 0.8640 0.0005
vn 0.4743 0.8134 0.3367
vn 0.2439 0.8961 0.3708
vn 0.0003 0.9239 0.3826
vn 0.5035 0.6099 0.6119
vn 0.2439 0.6720 0.6993
vn 0.0005 0.6963 0.7178
vn 0.2418 0.3717 0.8963
vn 0.4740 0.3370 0.8135
vn 0.0005 0.9239 0.3826
vn 0.0006 0.9239 0.3826
vn -0.0000 0.3827 0.9239
vn 0.0003 0.3826 0.9239
vn 0.2399 0.0005 0.9708
vn 0.5035 -0.0000 0.8640
vn 0.4740 -0.3370 0.8135
vn 0.2418 -0.3717 0.8963
vn 0.0003 -0.3826 0.9239
vn 0.5035 -0.6101 0.6118
vn 0.2439 -0.6720 0.6992
vn 0.0005 -0.6963 0.7178
vn 0.2439 -0.8961 0.3708
vn 0.4740 -0.8135 0.3370
vn -0.0000 -0.3827 0.9239
vn 0.0006 -0.9239 0.3826
vn 0.0003 -0.9239 0.3826
vn 0.2477 -0.9688 0.0005
vn 0.5036 -0.8639 0.0007
vn 0.2820 -0.6754 0.6814
vn 0.3826 0.0003 0.9239
vn 0.3826 0.0006 0.9239
vn 0.9239 0.0003 0.3826
vn 0.9239 0.0006 0.3826
vn 0.9356 -0.3531 0.0005
vn 0.7105 -0.7037 0.0006
vn 0.6816 -0.6751 -0.2823
vn 0.8614 -0.3611 -0.3572
vn 0.3826 0.0006 -0.9239
vn -0.2819 -0.6754 -0.6814
vn -0.8614 -0.3612 -0.3571
vn -0.6814 -0.6754 -0.2820
vn -0.3826 0.0003 -0.9239
vn -0.9356 -0.3532 0.0005
vn -0.6814 -0.6754 0.2820
vn -0.8614 -0.3611 0.3572
vn -0.9983 0.0581 0.0005
vn -0.6662 0.7458 -0.0000
vn -0.3317 0.9434 0.0006
vn -0.3317 0.9434 0.0005
vn -0.9983 0.0579 -0.0000
vn -0.9444 -0.3289 0.0007
vn -0.9444 -0.3289 0.0006
vn -0.9444 -0.3287 0.0003
vn -0.6659 0.7460 0.0005
vn 0.6110 -0.5514 0.5680
vn 0.6755 -0.2818 0.6813
vn 0.0005 -0.9239 0.3826
vn 0.0005 -0.3826 0.9239
vn 0.7021 -0.6581 0.2721
vn 0.6365 -0.7713 0.0005
vn -0.0000 -0.9239 -0.3827
vn 0.7021 -0.6581 -0.2721
vn 0.5836 0.0005 0.8120
vn 0.6110 -0.5514 -0.5680
vn -0.0000 -0.3827 -0.9239
vn 0.6755 -0.2818 -0.6814
vn 0.6755 0.2818 0.6814
vn 0.5836 0.0005 -0.8120
vn -0.0000 0.3827 -0.9239
vn 0.6755 0.2818 -0.6813
vn 0.6110 0.5514 0.5680
vn 0.7021 0.6580 0.2721
vn -0.0000 0.9239 0.3827
vn 0.6110 0.5514 -0.5680
vn 0.6365 0.7713 0.0005
vn 0.7021 0.6581 -0.2721
vt 0.000000 0.000000
s 1
f 601/3/515 602/3/516 603/3/517
f 602/3/516 601/3/515 604/3/518
f 603/3/517 605/3/519 601/3/515
f 605/3/519 606/3/520 601/3/515
f 607/3/515 608/3/521 609/3/522
f 608/3/521 607/3/515 610/3/523
f 607/3/515 611/3/519 610/3/523
f 607/3/515 612/3/524 611/3/519
f 613/3/525 614/3/526 615/3/527
f 616/3/528 615/3/527 614/3/526
f 614/3/526 613/3/525 617/3/529
f 616/3/528 614/3/526 618/3/530
f 619/3/531 617/3/529 613/3/525
f 618/3/530 620/3/532 616/3/528
f 617/3/529 619/3/531 621/3/533
f 620/3/532 618/3/530 622/3/534
f 623/3/535 621/3/533 619/3/531
f 622/3/534 624/3/536 620/3/532
f 621/3/533 623/3/535 625/3/537
f 624/3/536 622/3/534 626/3/538
f 623/3/535 627/3/539 625/3/537
f 628/3/539 624/3/536 626/3/538
f 627/3/539 623/3/535 629/3/539
f 624/3/536 628/3/539 630/3/539
f 631/3/540 627/3/539 629/3/539
f 632/3/541 630/3/539 628/3/539
f 627/3/539 631/3/540 633/3/542
f 628/3/539 634/3/543 632/3/541
f 631/3/540 635/3/544 633/3/542
f 636/3/545 632/3/541 634/3/543
f 635/3/544 631/3/540 637/3/546
f 632/3/541 636/3/545 638/3/547
f 637/3/546 639/3/548 635/3/544
f 640/3/549 638/3/547 636/3/545
f 639/3/548 637/3/546 641/3/550
f 638/3/547 640/3/549 642/3/551
f 643/3/552 639/3/548 641/3/550
f 644/3/553 642/3/551 640/3/549
f 641/3/550 645/3/554 643/3/552
f 642/3/551 644/3/553 646/3/555
f 647/3/556 643/3/552 645/3/554
f 644/3/553 648/3/557 646/3/555
f 643/3/552 647/3/556 649/3/558
f 648/3/557 644/3/553 650/3/559
f 651/3/560 649/3/558 647/3/556
f 650/3/559 652/3/561 648/3/557
f 649/3/558 651/3/560 653/3/562
f 652/3/561 650/3/559 654/3/563
f 655/3/564 653/3/562 651/3/560
f 654/3/563 656/3/565 652/3/561
f 653/3/562 655/3/564 657/3/566
f 656/3/565 654/3/563 658/3/567
f 655/3/564 659/3/539 657/3/566
f 660/3/539 656/3/565 658/3/567
f 661/3/539 659/3/539 655/3/564
f 656/3/565 660/3/539 662/3/539
f 663/3/568 659/3/539 661/3/539
f 664/3/569 662/3/539 660/3/539
f 659/3/539 663/3/568 665/3/570
f 666/3/571 664/3/569 660/3/539
f 663/3/568 667/3/572 665/3/570
f 666/3/571 668/3/573 664/3/569
f 667/3/572 663/3/568 669/3/574
f 668/3/573 670/3/575 664/3/569
f 671/3/576 667/3/572 669/3/574
f 672/3/577 670/3/575 668/3/573
f 669/3/574 673/3/578 671/3/576
f 670/3/575 672/3/577 674/3/579
f 673/3/578 675/3/580 671/3/576
f 675/3/580 674/3/579 672/3/577
f 675/3/580 673/3/578 676/3/581
f 674/3/579 675/3/580 676/3/581
f 677/3/582 678/3/583 679/3/583
f 678/3/583 677/3/582 680/3/584
f 681/3/585 679/3/583 678/3/583
f 677/3/582 682/3/586 680/3/584
f 679/3/583 681/3/585 683/3/587
f 682/3/586 677/3/582 684/3/588
f 681/3/585 685/3/589 683/3/587
f 684/3/588 686/3/590 682/3/586
f 685/3/589 681/3/585 687/3/591
f 686/3/590 684/3/588 688/3/592
f 687/3/591 689/3/593 685/3/589
f 690/3/594 686/3/590 688/3/592
f 689/3/593 687/3/591 691/3/595
f 686/3/590 690/3/594 692/3/596
f 693/3/597 689/3/593 691/3/595
f 694/3/598 692/3/596 690/3/594
f 689/3/593 693/3/597 695/3/599
f 692/3/596 694/3/598 696/3/598
f 697/3/600 695/3/599 693/3/597
f 696/3/598 694/3/598 698/3/601
f 695/3/599 697/3/600 699/3/602
f 700/3/603 698/3/601 694/3/598
f 697/3/600 701/3/604 699/3/602
f 698/3/601 700/3/603 702/3/605
f 701/3/604 697/3/600 703/3/606
f 704/3/607 702/3/605 700/3/603
f 703/3/606 705/3/608 701/3/604
f 706/3/609 702/3/605 704/3/607
f 705/3/608 703/3/606 707/3/610
f 702/3/605 706/3/609 708/3/611
f 705/3/608 708/3/611 706/3/609
f 708/3/611 705/3/608 707/3/610
f 709/3/612 710/3/613 711/3/614
f 710/3/613 712/3/615 713/3/616
f 714/3/617 710/3/613 709/3/612
f 710/3/613 714/3/617 715/3/618
f 712/3/615 710/3/613 715/3/618
f 716/3/619 715/3/618 714/3/617
f 715/3/618 717/3/620 712/3/615
f 717/3/620 718/3/615 712/3/615
f 718/3/615 717/3/620 719/3/615
f 719/3/615 717/3/620 720/3/620
f 717/3/620 721/3/621 720/3/620
f 721/3/621 717/3/620 722/3/622
f 722/3/622 717/3/620 723/3/623
f 724/3/624 717/3/620 715/3/618
f 724/3/624 723/3/623 717/3/620
f 715/3/618 716/3/619 724/3/624
f 723/3/623 724/3/624 725/3/625
f 725/3/625 724/3/624 716/3/619
f 725/3/625 726/3/626 723/3/623
f 725/3/625 716/3/619 727/3/627
f 726/3/626 725/3/625 728/3/628
f 727/3/627 728/3/628 725/3/625
f 728/3/628 727/3/627 729/3/629
f 728/3/628 730/3/630 726/3/626
f 731/3/631 728/3/628 729/3/629
f 728/3/628 731/3/631 732/3/632
f 730/3/630 728/3/628 732/3/632
f 733/3/633 732/3/632 731/3/631
f 732/3/632 734/3/634 730/3/630
f 734/3/634 735/3/635 730/3/630
f 735/3/635 734/3/634 736/3/636
f 736/3/636 734/3/634 737/3/634
f 738/3/637 737/3/634 734/3/634
f 734/3/634 739/3/638 738/3/637
f 739/3/638 734/3/634 740/3/637
f 734/3/634 732/3/632 741/3/639
f 740/3/637 734/3/634 741/3/639
f 732/3/632 733/3/633 741/3/639
f 740/3/637 741/3/639 742/3/640
f 742/3/640 741/3/639 733/3/633
f 743/3/641 740/3/637 742/3/640
f 733/3/633 744/3/642 742/3/640
f 743/3/641 742/3/640 745/3/643
f 745/3/643 742/3/640 744/3/642
f 746/3/626 747/3/626 748/3/626
f 746/3/626 748/3/626 749/3/626
f 747/3/626 750/3/626 748/3/626
f 750/3/626 747/3/626 751/3/626
f 752/3/644 753/3/645 754/3/646
f 753/3/645 752/3/644 755/3/647
f 754/3/646 753/3/645 756/3/648
f 757/3/643 755/3/647 752/3/644
f 755/3/647 757/3/643 758/3/649
f 757/3/643 759/3/650 758/3/649
f 753/3/645 760/3/651 756/3/648
f 761/3/652 757/3/643 752/3/644
f 761/3/652 762/3/641 757/3/643
f 763/3/653 761/3/652 752/3/644
f 763/3/653 752/3/644 754/3/646
f 763/3/653 764/3/652 761/3/652
f 764/3/652 763/3/653 765/3/652
f 765/3/652 763/3/653 766/3/653
f 766/3/653 763/3/653 767/3/654
f 763/3/653 768/3/655 767/3/654
f 763/3/653 769/3/655 768/3/655
f 763/3/653 754/3/646 769/3/655
f 754/3/646 756/3/648 769/3/655
f 769/3/655 756/3/648 770/3/539
f 756/3/648 771/3/656 770/3/539
f 756/3/648 760/3/651 771/3/656
f 760/3/651 772/3/657 771/3/656
f 770/3/539 771/3/656 773/3/658
f 774/3/659 771/3/656 772/3/657
f 771/3/656 774/3/659 775/3/660
f 771/3/656 775/3/660 773/3/658
f 776/3/661 775/3/660 774/3/659
f 773/3/658 775/3/660 777/3/662
f 777/3/662 778/3/663 773/3/658
f 778/3/663 777/3/662 779/3/664
f 779/3/664 777/3/662 780/3/662
f 777/3/662 781/3/665 780/3/662
f 781/3/665 777/3/662 782/3/666
f 782/3/666 777/3/662 783/3/665
f 775/3/660 784/3/667 777/3/662
f 784/3/667 783/3/665 777/3/662
f 775/3/660 776/3/661 784/3/667
f 785/3/668 783/3/665 784/3/667
f 776/3/661 785/3/668 784/3/667
f 785/3/668 786/3/616 783/3/665
f 787/3/669 785/3/668 776/3/661
f 786/3/616 785/3/668 788/3/613
f 787/3/669 788/3/613 785/3/668
f 789/3/670 790/3/671 791/3/672
f 790/3/671 789/3/670 792/3/670
f 793/3/673 791/3/672 790/3/671
f 791/3/672 793/3/673 794/3/673
f 795/3/674 794/3/673 793/3/673
f 794/3/673 795/3/674 796/3/674
f 797/3/675 796/3/674 795/3/674
f 796/3/674 797/3/675 798/3/675
f 799/3/676 800/3/677 801/3/676
f 800/3/677 802/3/678 801/3/676
f 800/3/677 799/3/676 803/3/679
f 804/3/680 800/3/677 803/3/679
f 805/3/680 800/3/677 804/3/680
f 800/3/677 805/3/680 806/3/681
f 807/3/682 808/3/683 809/3/682
f 809/3/682 808/3/683 810/3/684
f 808/3/683 807/3/682 811/3/685
f 811/3/685 812/3/686 808/3/683
f 813/3/686 808/3/683 812/3/686
f 808/3/683 813/3/686 814/3/687
f 815/3/688 816/3/689 817/3/690
f 816/3/689 815/3/688 818/3/691
f 819/3/692 815/3/688 817/3/690
f 815/3/688 819/3/692 820/3/693
f 816/3/689 818/3/691 821/3/694
f 819/3/692 822/3/695 820/3/693
f 822/3/695 819/3/692 823/3/696
f 823/3/696 824/3/697 822/3/695
f 817/3/690 825/3/698 819/3/692
f 824/3/697 823/3/696 826/3/699
f 826/3/699 827/3/700 824/3/697
f 819/3/692 828/3/701 823/3/696
f 828/3/701 819/3/692 825/3/698
f 829/3/702 826/3/699 823/3/696
f 828/3/701 829/3/702 823/3/696
f 829/3/702 828/3/701 830/3/703
f 831/3/704 830/3/703 828/3/701
f 825/3/698 831/3/704 828/3/701
f 830/3/703 832/3/705 829/3/702
f 831/3/704 825/3/698 833/3/706
f 834/3/707 833/3/706 825/3/698
f 829/3/702 835/3/708 826/3/699
f 835/3/708 829/3/702 832/3/705
f 836/3/709 826/3/699 835/3/708
f 827/3/700 826/3/699 836/3/709
f 832/3/705 837/3/710 835/3/708
f 835/3/708 837/3/710 836/3/709
f 837/3/710 832/3/705 838/3/711
f 838/3/711 839/3/712 837/3/710
f 836/3/709 840/3/713 827/3/700
f 837/3/710 840/3/713 836/3/709
f 841/3/714 827/3/700 840/3/713
f 840/3/713 842/3/715 841/3/714
f 839/3/712 843/3/716 837/3/710
f 840/3/713 837/3/710 843/3/716
f 839/3/712 844/3/717 843/3/716
f 842/3/715 840/3/713 845/3/718
f 843/3/716 845/3/718 840/3/713
f 845/3/718 846/3/719 842/3/715
f 844/3/717 847/3/720 843/3/716
f 845/3/718 843/3/716 847/3/720
f 844/3/717 848/3/721 847/3/720
f 848/3/721 844/3/717 849/3/722
f 847/3/720 850/3/723 845/3/718
f 846/3/719 845/3/718 850/3/723
f 848/3/721 850/3/723 847/3/720
f 849/3/722 851/3/724 848/3/721
f 852/3/725 846/3/719 850/3/723
f 850/3/723 848/3/721 852/3/725
f 846/3/719 852/3/725 853/3/726
f 852/3/725 854/3/727 853/3/726
f 848/3/721 855/3/728 852/3/725
f 855/3/728 848/3/721 851/3/724
f 854/3/727 852/3/725 856/3/729
f 855/3/728 856/3/729 852/3/725
f 856/3/729 857/3/730 854/3/727
f 851/3/724 858/3/731 855/3/728
f 855/3/728 858/3/731 856/3/729
f 858/3/731 851/3/724 859/3/732
f 858/3/731 857/3/730 856/3/729
f 859/3/732 860/3/733 858/3/731
f 857/3/730 861/3/734 854/3/727
f 857/3/730 862/3/735 861/3/734
f 863/3/736 858/3/731 860/3/733
f 858/3/731 863/3/736 857/3/730
f 860/3/733 864/3/737 863/3/736
f 862/3/735 857/3/730 865/3/738
f 863/3/736 865/3/738 857/3/730
f 865/3/738 866/3/739 862/3/735
f 867/3/740 863/3/736 864/3/737
f 863/3/736 867/3/740 865/3/738
f 864/3/737 868/3/741 867/3/740
f 868/3/741 864/3/737 869/3/742
f 867/3/740 870/3/743 865/3/738
f 867/3/740 868/3/741 870/3/743
f 866/3/739 865/3/738 870/3/743
f 868/3/741 871/3/744 870/3/743
f 870/3/743 871/3/744 866/3/739
f 872/3/745 866/3/739 871/3/744
f 873/3/746 874/3/747 875/3/748
f 874/3/747 876/3/748 875/3/748
f 874/3/747 877/3/749 876/3/748
f 878/3/750 874/3/747 873/3/746
f 879/3/750 874/3/747 878/3/750
f 874/3/747 879/3/750 880/3/751
f 881/3/752 882/3/753 883/3/753
f 882/3/753 881/3/752 884/3/754
f 883/3/753 885/3/755 881/3/752
f 886/3/756 881/3/752 885/3/755
f 887/3/756 881/3/752 886/3/756
f 881/3/752 887/3/756 888/3/757
f 889/3/758 890/3/759 891/3/759
f 892/3/760 891/3/759 890/3/759
f 890/3/759 889/3/758 893/3/761
f 892/3/760 890/3/759 894/3/762
f 895/3/763 893/3/761 889/3/758
f 892/3/760 894/3/762 896/3/764
f 893/3/761 895/3/763 897/3/765
f 896/3/764 894/3/762 898/3/766
f 899/3/767 897/3/765 895/3/763
f 898/3/766 900/3/768 896/3/764
f 897/3/765 899/3/767 901/3/769
f 900/3/768 898/3/766 902/3/770
f 899/3/767 903/3/771 901/3/769
f 904/3/771 900/3/768 902/3/770
f 903/3/771 899/3/767 905/3/771
f 900/3/768 904/3/771 906/3/771
f 907/3/772 903/3/771 905/3/771
f 908/3/773 906/3/771 904/3/771
f 903/3/771 907/3/772 909/3/774
f 904/3/771 910/3/775 908/3/773
f 907/3/772 911/3/776 909/3/774
f 908/3/773 910/3/775 912/3/777
f 911/3/776 907/3/772 913/3/778
f 912/3/777 914/3/779 908/3/773
f 913/3/778 915/3/780 911/3/776
f 916/3/781 914/3/779 912/3/777
f 915/3/780 913/3/778 917/3/782
f 914/3/779 916/3/781 918/3/783
f 919/3/784 915/3/780 917/3/782
f 920/3/785 918/3/783 916/3/781
f 917/3/782 921/3/786 919/3/784
f 918/3/783 920/3/785 922/3/785
f 923/3/787 919/3/784 921/3/786
f 920/3/785 924/3/788 922/3/785
f 919/3/784 923/3/787 925/3/789
f 924/3/788 920/3/785 926/3/790
f 927/3/791 925/3/789 923/3/787
f 928/3/792 924/3/788 926/3/790
f 925/3/789 927/3/791 929/3/793
f 930/3/794 928/3/792 926/3/790
f 931/3/795 929/3/793 927/3/791
f 930/3/794 932/3/796 928/3/792
f 933/3/797 929/3/793 931/3/795
f 932/3/796 930/3/794 934/3/798
f 931/3/795 935/3/771 933/3/797
f 936/3/771 932/3/796 934/3/798
f 937/3/771 935/3/771 931/3/795
f 932/3/796 936/3/771 938/3/771
f 939/3/799 935/3/771 937/3/771
f 940/3/800 938/3/771 936/3/771
f 935/3/771 939/3/799 941/3/801
f 942/3/802 940/3/800 936/3/771
f 939/3/799 943/3/803 941/3/801
f 942/3/802 944/3/804 940/3/800
f 943/3/803 939/3/799 945/3/805
f 944/3/804 946/3/806 940/3/800
f 947/3/807 943/3/803 945/3/805
f 948/3/808 946/3/806 944/3/804
f 945/3/805 949/3/809 947/3/807
f 946/3/806 948/3/808 950/3/810
f 949/3/809 951/3/811 947/3/807
f 951/3/811 950/3/810 948/3/808
f 951/3/811 949/3/809 952/3/811
f 950/3/810 951/3/811 952/3/811
f 953/3/758 954/3/759 955/3/759
f 956/3/760 955/3/759 954/3/759
f 954/3/759 953/3/758 957/3/761
f 956/3/760 954/3/759 958/3/762
f 959/3/763 957/3/761 953/3/758
f 956/3/760 958/3/762 960/3/764
f 957/3/761 959/3/763 961/3/812
f 960/3/764 958/3/762 962/3/766
f 963/3/767 961/3/812 959/3/763
f 962/3/766 964/3/768 960/3/764
f 961/3/812 963/3/767 965/3/813
f 964/3/768 962/3/766 966/3/770
f 963/3/767 967/3/771 965/3/813
f 968/3/771 964/3/768 966/3/770
f 967/3/771 963/3/767 969/3/771
f 964/3/768 968/3/771 970/3/771
f 971/3/772 967/3/771 969/3/771
f 972/3/814 970/3/771 968/3/771
f 967/3/771 971/3/772 973/3/774
f 968/3/771 974/3/775 972/3/814
f 971/3/772 975/3/776 973/3/774
f 972/3/814 974/3/775 976/3/777
f 975/3/776 971/3/772 977/3/815
f 976/3/777 978/3/779 972/3/814
f 977/3/815 979/3/780 975/3/776
f 980/3/781 978/3/779 976/3/777
f 979/3/780 977/3/815 981/3/782
f 978/3/779 980/3/781 982/3/816
f 983/3/786 979/3/780 981/3/782
f 984/3/785 982/3/816 980/3/781
f 981/3/782 985/3/817 983/3/786
f 982/3/816 984/3/785 986/3/818
f 987/3/819 983/3/786 985/3/817
f 984/3/785 988/3/788 986/3/818
f 983/3/786 987/3/819 989/3/789
f 988/3/788 984/3/785 990/3/820
f 991/3/791 989/3/789 987/3/819
f 992/3/792 988/3/788 990/3/820
f 989/3/789 991/3/791 993/3/793
f 994/3/794 992/3/792 990/3/820
f 995/3/795 993/3/793 991/3/791
f 994/3/794 996/3/821 992/3/792
f 997/3/797 993/3/793 995/3/795
f 996/3/821 994/3/794 998/3/798
f 995/3/795 999/3/771 997/3/797
f 1000/3/771 996/3/821 998/3/798
f 1001/3/771 999/3/771 995/3/795
f 996/3/821 1000/3/771 1002/3/771
f 1003/3/799 999/3/771 1001/3/771
f 1004/3/800 1002/3/771 1000/3/771
f 999/3/771 1003/3/799 1005/3/801
f 1006/3/802 1004/3/800 1000/3/771
f 1003/3/799 1007/3/803 1005/3/801
f 1006/3/802 1008/3/822 1004/3/800
f 1007/3/803 1003/3/799 1009/3/805
f 1008/3/822 1010/3/806 1004/3/800
f 1011/3/807 1007/3/803 1009/3/805
f 1012/3/808 1010/3/806 1008/3/822
f 1009/3/805 1013/3/809 1011/3/807
f 1010/3/806 1012/3/808 1014/3/810
f 1013/3/809 1015/3/811 1011/3/807
f 1015/3/811 1014/3/810 1012/3/808
f 1015/3/811 1013/3/809 1016/3/811
f 1014/3/810 1015/3/811 1016/3/811
f 1017/3/823 1018/3/626 1019/3/824
f 1018/3/626 1017/3/823 1020/3/626
f 1019/3/824 1021/3/825 1017/3/823
f 1021/3/825 1022/3/826 1017/3/823
f 1021/3/825 1023/3/827 1022/3/826
f 1021/3/825 1024/3/828 1023/3/827
f 1025/3/829 1023/3/827 1024/3/828
f 1023/3/827 1025/3/829 1026/3/830
f 1025/3/829 1027/3/539 1026/3/830
f 1025/3/829 1028/3/539 1027/3/539
f 1029/3/823 1030/3/626 1031/3/824
f 1030/3/626 1029/3/823 1032/3/626
f 1031/3/824 1033/3/825 1029/3/823
f 1033/3/825 1034/3/826 1029/3/823
f 1033/3/825 1035/3/831 1034/3/826
f 1033/3/825 1036/3/832 1035/3/831
f 1037/3/833 1035/3/831 1036/3/832
f 1035/3/831 1037/3/833 1038/3/830
f 1037/3/833 1039/3/539 1038/3/830
f 1037/3/833 1040/3/539 1039/3/539
f 1041/3/823 1042/3/626 1043/3/834
f 1042/3/626 1041/3/823 1044/3/626
f 1043/3/834 1045/3/826 1041/3/823
f 1045/3/826 1046/3/826 1041/3/823
f 1045/3/826 1047/3/831 1046/3/826
f 1045/3/826 1048/3/835 1047/3/831
f 1049/3/830 1047/3/831 1048/3/835
f 1047/3/831 1049/3/830 1050/3/830
f 1049/3/830 1051/3/539 1050/3/830
f 1049/3/830 1052/3/539 1051/3/539
f 1053/3/834 1054/3/626 1055/3/626
f 1054/3/626 1053/3/834 1056/3/823
f 1053/3/834 1057/3/836 1056/3/823
f 1053/3/834 1058/3/836 1057/3/836
f 1058/3/836 1059/3/837 1057/3/836
f 1060/3/828 1057/3/836 1059/3/837
f 1059/3/837 1061/3/833 1060/3/828
f 1062/3/833 1061/3/833 1059/3/837
f 1062/3/833 1063/3/539 1061/3/833
f 1063/3/539 1064/3/539 1061/3/833
f 1065/3/823 1066/3/626 1067/3/626
f 1066/3/626 1065/3/823 1068/3/824
f 1065/3/823 1069/3/825 1068/3/824
f 1065/3/823 1070/3/826 1069/3/825
f 1070/3/826 1071/3/831 1069/3/825
f 1072/3/832 1069/3/825 1071/3/831
f 1071/3/831 1073/3/833 1072/3/832
f 1074/3/830 1073/3/833 1071/3/831
f 1074/3/830 1075/3/539 1073/3/833
f 1075/3/539 1076/3/539 1073/3/833
f 1077/3/823 1078/3/626 1079/3/626
f 1078/3/626 1077/3/823 1080/3/838
f 1077/3/823 1081/3/825 1080/3/838
f 1077/3/823 1082/3/839 1081/3/825
f 1082/3/839 1083/3/835 1081/3/825
f 1084/3/835 1081/3/825 1083/3/835
f 1083/3/835 1085/3/830 1084/3/835
f 1085/3/830 1083/3/835 1086/3/833
f 1086/3/833 1087/3/539 1085/3/830
f 1087/3/539 1088/3/539 1085/3/830
f 1089/3/840 1090/3/841 1091/3/842
f 1090/3/841 1089/3/840 1092/3/843
f 1089/3/840 1093/3/844 1092/3/843
f 1094/3/845 1091/3/842 1090/3/841
f 1093/3/844 1089/3/840 1095/3/846
f 1095/3/846 1096/3/847 1093/3/844
f 1091/3/842 1097/3/848 1089/3/840
f 1095/3/846 1089/3/840 1097/3/848
f 1091/3/842 1094/3/845 1098/3/849
f 1096/3/847 1095/3/846 1099/3/850
f 1097/3/848 1091/3/842 1100/3/851
f 1101/3/852 1096/3/847 1099/3/850
f 1097/3/848 1102/3/853 1095/3/846
f 1096/3/847 1101/3/852 1103/3/854
f 1097/3/848 1100/3/851 1104/3/855
f 1102/3/853 1097/3/848 1104/3/855
f 1091/3/842 1105/3/856 1100/3/851
f 1091/3/842 1098/3/849 1105/3/856
f 1100/3/851 1105/3/856 1104/3/855
f 1106/3/857 1098/3/849 1094/3/845
f 1106/3/857 1105/3/856 1098/3/849
f 1094/3/845 1107/3/858 1106/3/857
f 1105/3/856 1106/3/857 1108/3/859
f 1105/3/856 1108/3/859 1104/3/855
f 1109/3/860 1106/3/857 1107/3/858
f 1107/3/858 1110/3/861 1109/3/860
f 1111/3/862 1109/3/860 1110/3/861
f 1106/3/857 1112/3/863 1108/3/859
f 1112/3/863 1106/3/857 1109/3/860
f 1108/3/859 1112/3/863 1104/3/855
f 1109/3/860 1111/3/862 1113/3/864
f 1113/3/864 1112/3/863 1109/3/860
f 1114/3/865 1113/3/864 1111/3/862
f 1112/3/863 1113/3/864 1115/3/866
f 1112/3/863 1115/3/866 1104/3/855
f 1113/3/864 1114/3/865 1116/3/867
f 1117/3/868 1115/3/866 1113/3/864
f 1113/3/864 1116/3/867 1117/3/868
f 1115/3/866 1117/3/868 1104/3/855
f 1116/3/867 1114/3/865 1118/3/869
f 1118/3/869 1117/3/868 1116/3/867
f 1114/3/865 1119/3/870 1118/3/869
f 1117/3/868 1118/3/869 1120/3/871
f 1117/3/868 1120/3/871 1104/3/855
f 1118/3/869 1119/3/870 1121/3/872
f 1119/3/870 1122/3/873 1121/3/872
f 1123/3/874 1121/3/872 1122/3/873
f 1118/3/869 1124/3/875 1120/3/871
f 1118/3/869 1121/3/872 1124/3/875
f 1120/3/871 1124/3/875 1104/3/855
f 1121/3/872 1123/3/874 1125/3/876
f 1125/3/876 1124/3/875 1121/3/872
f 1126/3/877 1125/3/876 1123/3/874
f 1124/3/875 1125/3/876 1127/3/878
f 1124/3/875 1127/3/878 1104/3/855
f 1125/3/876 1126/3/877 1128/3/879
f 1125/3/876 1129/3/880 1127/3/878
f 1129/3/880 1125/3/876 1128/3/879
f 1127/3/878 1129/3/880 1104/3/855
f 1126/3/877 1130/3/881 1128/3/879
f 1130/3/881 1129/3/880 1128/3/879
f 1130/3/881 1126/3/877 1131/3/882
f 1129/3/880 1130/3/881 1132/3/883
f 1129/3/880 1132/3/883 1104/3/855
f 1131/3/882 1133/3/884 1130/3/881
f 1134/3/885 1133/3/884 1131/3/882
f 1103/3/854 1133/3/884 1134/3/885
f 1135/3/886 1132/3/883 1130/3/881
f 1130/3/881 1133/3/884 1135/3/886
f 1132/3/883 1135/3/886 1104/3/855
f 1133/3/884 1103/3/854 1101/3/852
f 1101/3/852 1135/3/886 1133/3/884
f 1135/3/886 1101/3/852 1136/3/887
f 1135/3/886 1136/3/887 1104/3/855
f 1101/3/852 1137/3/888 1136/3/887
f 1136/3/887 1137/3/888 1104/3/855
f 1137/3/888 1101/3/852 1099/3/850
f 1137/3/888 1102/3/853 1104/3/855
f 1095/3/846 1137/3/888 1099/3/850
f 1137/3/888 1095/3/846 1102/3/853
f 1138/3/889 1139/3/890 1140/3/891
f 1141/3/892 1140/3/891 1139/3/890
f 1139/3/890 1138/3/889 1142/3/893
f 1139/3/890 1143/3/894 1141/3/892
f 1144/3/895 1142/3/893 1138/3/889
f 1145/3/896 1141/3/892 1143/3/894
f 1142/3/893 1144/3/895 1146/3/897
f 1143/3/894 1147/3/898 1145/3/896
f 1144/3/895 1148/3/899 1146/3/897
f 1149/3/900 1145/3/896 1147/3/898
f 1148/3/899 1144/3/895 1150/3/901
f 1145/3/896 1149/3/900 1151/3/902
f 1150/3/901 1152/3/903 1148/3/899
f 1153/3/904 1151/3/902 1149/3/900
f 1152/3/903 1150/3/901 1154/3/905
f 1151/3/902 1153/3/904 1155/3/906
f 1156/3/907 1152/3/903 1154/3/905
f 1155/3/906 1153/3/904 1157/3/908
f 1152/3/903 1156/3/907 1158/3/909
f 1153/3/904 1159/3/910 1157/3/908
f 1160/3/911 1158/3/909 1156/3/907
f 1157/3/908 1159/3/910 1161/3/912
f 1158/3/909 1160/3/911 1162/3/913
f 1159/3/910 1163/3/914 1161/3/912
f 1162/3/913 1160/3/911 1164/3/915
f 1165/3/916 1161/3/912 1163/3/914
f 1164/3/915 1160/3/911 1166/3/917
f 1161/3/912 1165/3/916 1167/3/918
f 1166/3/917 1168/3/919 1164/3/915
f 1168/3/919 1167/3/918 1165/3/916
f 1168/3/919 1166/3/917 1169/3/920
f 1167/3/918 1168/3/919 1169/3/920
f 1170/3/889 1171/3/890 1172/3/890
f 1173/3/921 1172/3/890 1171/3/890
f 1171/3/890 1170/3/889 1174/3/922
f 1171/3/890 1175/3/923 1173/3/921
f 1176/3/895 1174/3/922 1170/3/889
f 1177/3/896 1173/3/921 1175/3/923
f 1174/3/922 1176/3/895 1178/3/924
f 1175/3/923 1179/3/898 1177/3/896
f 1176/3/895 1180/3/899 1178/3/924
f 1181/3/900 1177/3/896 1179/3/898
f 1180/3/899 1176/3/895 1182/3/925
f 1177/3/896 1181/3/900 1183/3/926
f 1182/3/925 1184/3/903 1180/3/899
f 1185/3/906 1183/3/926 1181/3/900
f 1184/3/903 1182/3/925 1186/3/903
f 1183/3/926 1185/3/906 1187/3/904
f 1188/3/927 1184/3/903 1186/3/903
f 1187/3/904 1185/3/906 1189/3/928
f 1184/3/903 1188/3/927 1190/3/909
f 1185/3/906 1191/3/910 1189/3/928
f 1192/3/911 1190/3/909 1188/3/927
f 1189/3/928 1191/3/910 1193/3/912
f 1190/3/909 1192/3/911 1194/3/929
f 1191/3/910 1195/3/914 1193/3/912
f 1194/3/929 1192/3/911 1196/3/930
f 1197/3/931 1193/3/912 1195/3/914
f 1196/3/930 1192/3/911 1198/3/917
f 1193/3/912 1197/3/931 1199/3/932
f 1196/3/930 1198/3/917 1200/3/933
f 1200/3/933 1199/3/932 1197/3/931
f 1200/3/933 1198/3/917 1201/3/934
f 1199/3/932 1200/3/933 1201/3/934
f 1202/3/935 1203/3/936 1204/3/937
f 1205/3/938 1204/3/937 1203/3/936
f 1203/3/936 1202/3/935 1206/3/939
f 1203/3/936 1207/3/940 1205/3/938
f 1206/3/939 1207/3/940 1203/3/936
f 1208/3/941 1205/3/938 1207/3/940
f 1205/3/938 1208/3/941 1209/3/942
f 1208/3/941 1210/3/943 1209/3/942
f 1207/3/940 1211/3/944 1208/3/941
f 1210/3/943 1208/3/941 1211/3/944
f 1206/3/939 1211/3/944 1207/3/940
f 1212/3/945 1210/3/943 1211/3/944
f 1210/3/943 1212/3/945 1213/3/946
f 1214/3/947 1213/3/946 1212/3/945
f 1211/3/944 1215/3/948 1212/3/945
f 1215/3/948 1214/3/947 1212/3/945
f 1206/3/939 1215/3/948 1211/3/944
f 1216/3/949 1214/3/947 1215/3/948
f 1214/3/947 1216/3/949 1217/3/950
f 1216/3/949 1218/3/951 1217/3/950
f 1215/3/948 1219/3/952 1216/3/949
f 1218/3/951 1216/3/949 1219/3/952
f 1215/3/948 1220/3/953 1219/3/952
f 1220/3/953 1215/3/948 1206/3/939
f 1221/3/954 1218/3/951 1219/3/952
f 1219/3/952 1220/3/953 1221/3/954
f 1218/3/951 1221/3/954 1222/3/955
f 1222/3/955 1221/3/954 1223/3/956
f 1223/3/956 1221/3/954 1220/3/953
f 1224/3/957 1223/3/956 1220/3/953
f 1223/3/956 1224/3/957 1225/3/958
f 1226/3/959 1225/3/958 1224/3/957
f 1227/3/960 1224/3/957 1220/3/953
f 1227/3/960 1226/3/959 1224/3/957
f 1220/3/953 1206/3/939 1227/3/960
f 1228/3/961 1226/3/959 1227/3/960
f 1226/3/959 1228/3/961 1229/3/962
f 1228/3/961 1230/3/963 1229/3/962
f 1227/3/960 1231/3/964 1228/3/961
f 1230/3/963 1228/3/961 1231/3/964
f 1227/3/960 1206/3/939 1231/3/964
f 1232/3/965 1230/3/963 1231/3/964
f 1231/3/964 1206/3/939 1232/3/965
f 1230/3/963 1232/3/965 1233/3/966
f 1206/3/939 1202/3/935 1232/3/965
f 1233/3/966 1232/3/965 1202/3/935
f 1234/3/771 1235/3/771 1236/3/771
f 1237/3/771 1236/3/771 1235/3/771
f 1238/3/967 1239/3/968 1240/3/969
f 1240/3/969 1239/3/968 1241/3/969
f 1242/3/970 1238/3/967 1240/3/969
f 1238/3/967 1242/3/970 1243/3/971
f 1244/3/972 1239/3/968 1245/3/972
f 1245/3/972 1239/3/968 1246/3/972
f 1247/3/973 1239/3/968 1244/3/972
f 1239/3/968 1247/3/973 1248/3/972
f 1248/3/972 1247/3/973 1249/3/974
f 1249/3/974 1247/3/973 1250/3/975
f 1251/3/975 1250/3/975 1247/3/973
f 1250/3/975 1251/3/975 1252/3/975
f 1253/3/976 1252/3/975 1251/3/975
f 1253/3/976 1254/3/975 1252/3/975
f 1254/3/975 1253/3/976 1255/3/975
f 1256/3/974 1255/3/975 1253/3/976
f 1257/3/977 1254/3/975 1255/3/975
f 1258/3/978 1255/3/975 1256/3/974
f 1254/3/975 1257/3/977 1259/3/975
f 1260/3/979 1258/3/978 1256/3/974
f 1257/3/977 1261/3/980 1259/3/975
f 1260/3/979 1262/3/972 1258/3/978
f 1261/3/980 1257/3/977 1263/3/979
f 1260/3/979 1264/3/981 1262/3/972
f 1261/3/980 1263/3/979 1265/3/972
f 1266/3/981 1264/3/981 1260/3/979
f 1265/3/972 1267/3/979 1261/3/980
f 1267/3/979 1265/3/972 1268/3/972
f 1264/3/981 1266/3/981 1269/3/972
f 1269/3/972 1267/3/979 1268/3/972
f 1246/3/972 1269/3/972 1266/3/981
f 1239/3/968 1269/3/972 1246/3/972
f 1267/3/979 1269/3/972 1270/3/972
f 1269/3/972 1239/3/968 1238/3/967
f 1269/3/972 1238/3/967 1270/3/972
f 1271/3/972 1270/3/972 1238/3/967
f 1270/3/972 1271/3/972 1272/3/972
f 1273/3/972 1271/3/972 1238/3/967
f 1274/3/972 1273/3/972 1238/3/967
f 1273/3/972 1274/3/972 1275/3/972
f 1276/3/972 1272/3/972 1271/3/972
f 1277/3/972 1272/3/972 1276/3/972
f 1272/3/972 1277/3/972 1278/3/972
f 1279/3/982 1280/3/983 1281/3/983
f 1279/3/982 1282/3/984 1280/3/983
f 1282/3/984 1283/3/983 1280/3/983
f 1283/3/983 1282/3/984 1284/3/985
f 1279/3/982 1285/3/986 1286/3/986
f 1287/3/986 1279/3/982 1286/3/986
f 1279/3/982 1288/3/987 1285/3/986
f 1289/3/988 1288/3/987 1279/3/982
f 1288/3/987 1289/3/988 1290/3/989
f 1288/3/987 1290/3/989 1291/3/990
f 1291/3/990 1292/3/991 1288/3/987
f 1292/3/991 1291/3/990 1293/3/990
f 1293/3/990 1294/3/990 1292/3/991
f 1295/3/990 1294/3/990 1293/3/990
f 1296/3/986 1279/3/982 1287/3/986
f 1282/3/984 1279/3/982 1296/3/986
f 1297/3/986 1296/3/986 1287/3/986
f 1296/3/986 1297/3/986 1298/3/986
f 1299/3/986 1298/3/986 1297/3/986
f 1298/3/986 1299/3/986 1300/3/986
f 1299/3/986 1301/3/989 1300/3/986
f 1301/3/989 1299/3/986 1302/3/992
f 1302/3/992 1294/3/990 1301/3/989
f 1301/3/989 1294/3/990 1303/3/990
f 1294/3/990 1295/3/990 1303/3/990
f 1303/3/990 1295/3/990 1304/3/993
f 1304/3/993 1295/3/990 1305/3/994
f 1306/3/995 1304/3/993 1305/3/994
f 1307/3/986 1304/3/993 1306/3/995
f 1306/3/995 1308/3/986 1307/3/986
f 1309/3/986 1308/3/986 1306/3/995
f 1308/3/986 1309/3/986 1310/3/988
f 1309/3/986 1296/3/986 1310/3/988
f 1311/3/986 1296/3/986 1309/3/986
f 1282/3/984 1296/3/986 1311/3/986
f 1312/3/986 1282/3/984 1311/3/986
f 1313/3/988 1312/3/986 1311/3/986
f 1282/3/984 1312/3/986 1314/3/988
f 1314/3/988 1315/3/986 1282/3/984
f 1315/3/986 1314/3/988 1316/3/988
f 1317/3/988 1312/3/986 1313/3/988
f 1313/3/988 1318/3/988 1317/3/988
f 1318/3/988 1313/3/988 1319/3/988
f 1320/3/641 1321/3/641 1322/3/641
f 1320/3/641 1322/3/641 1323/3/641
f 1321/3/641 1320/3/641 1324/3/641
f 1321/3/641 1324/3/641 1325/3/641
f 1326/3/641 1327/3/641 1328/3/641
f 1326/3/641 1329/3/641 1327/3/641
f 1329/3/641 1326/3/641 1330/3/641
f 1329/3/641 1330/3/641 1331/3/641
f 1332/3/616 1333/3/616 1334/3/616
f 1333/3/616 1332/3/616 1335/3/616
f 1332/3/616 1334/3/616 1336/3/616
f 1336/3/616 1334/3/616 1337/3/616
f 1338/3/616 1339/3/616 1340/3/616
f 1339/3/616 1338/3/616 1341/3/616
f 1338/3/616 1340/3/616 1342/3/616
f 1340/3/616 1343/3/616 1342/3/616
f 1344/3/996 1345/3/997 1346/3/998
f 1345/3/997 1344/3/996 1347/3/999
f 1348/3/1000 1346/3/998 1345/3/997
f 1349/3/1001 1344/3/996 1346/3/998
f 1344/3/996 1349/3/1001 1350/3/1002
f 1346/3/998 1348/3/1000 1351/3/1003
f 1348/3/1000 1352/3/1004 1351/3/1003
f 1352/3/1004 1348/3/1000 1353/3/1005
f 1354/3/1006 1346/3/998 1351/3/1003
f 1352/3/1004 1354/3/1006 1351/3/1003
f 1346/3/998 1354/3/1006 1349/3/1001
f 1354/3/1006 1352/3/1004 1355/3/1007
f 1356/3/1008 1354/3/1006 1355/3/1007
f 1357/3/1009 1356/3/1008 1358/3/1010
f 1356/3/1008 1357/3/1009 1359/3/1011
f 1354/3/1006 1356/3/1008 1359/3/1011
f 1360/3/1012 1359/3/1011 1357/3/1009
f 1359/3/1011 1360/3/1012 1361/3/1013
f 1362/3/1014 1359/3/1011 1361/3/1013
f 1362/3/1014 1354/3/1006 1359/3/1011
f 1354/3/1006 1362/3/1014 1363/3/1015
f 1354/3/1006 1363/3/1015 1364/3/1016
f 1349/3/1001 1354/3/1006 1364/3/1016
f 1349/3/1001 1364/3/1016 1365/3/1017
f 1349/3/1001 1365/3/1017 1366/3/1018
f 1366/3/1018 1367/3/1019 1349/3/1001
f 1367/3/1019 1350/3/1002 1349/3/1001
f 1367/3/1019 1366/3/1018 1368/3/1020
f 1369/3/1021 1367/3/1019 1368/3/1020
f 1350/3/1002 1367/3/1019 1370/3/1022
f 1367/3/1019 1369/3/1021 1371/3/1023
f 1371/3/1023 1370/3/1022 1367/3/1019
f 1370/3/1022 1371/3/1023 1372/3/1024
f 1373/3/1025 1374/3/1026 1375/3/1027
f 1376/3/1028 1377/3/1029 1374/3/1026
f 1377/3/1029 1375/3/1027 1374/3/1026
f 1373/3/1025 1375/3/1027 1378/3/1030
f 1379/3/1031 1373/3/1025 1378/3/1030
f 1373/3/1025 1379/3/1031 1380/3/1032
f 1378/3/1030 1381/3/1033 1379/3/1031
f 1375/3/1027 1381/3/1033 1378/3/1030
f 1379/3/1031 1381/3/1033 1382/3/1034
f 1377/3/1029 1383/3/1035 1375/3/1027
f 1381/3/1033 1375/3/1027 1383/3/1035
f 1383/3/1035 1377/3/1029 1384/3/1036
f 1381/3/1033 1385/3/1037 1382/3/1034
f 1384/3/1036 1386/3/1038 1383/3/1035
f 1386/3/1038 1384/3/1036 1387/3/1039
f 1388/3/1040 1387/3/1039 1389/3/1041
f 1387/3/1039 1388/3/1040 1386/3/1038
f 1386/3/1038 1388/3/1040 1390/3/1042
f 1390/3/1042 1391/3/1043 1386/3/1038
f 1391/3/1043 1392/3/1044 1386/3/1038
f 1392/3/1044 1383/3/1035 1386/3/1038
f 1383/3/1035 1392/3/1044 1393/3/1044
f 1383/3/1035 1393/3/1044 1394/3/1044
f 1381/3/1033 1383/3/1035 1394/3/1044
f 1381/3/1033 1394/3/1044 1395/3/1045
f 1381/3/1033 1395/3/1045 1396/3/1046
f 1396/3/1046 1397/3/1047 1381/3/1033
f 1385/3/1037 1381/3/1033 1397/3/1047
f 1397/3/1047 1396/3/1046 1398/3/1048
f 1399/3/1049 1397/3/1047 1398/3/1048
f 1397/3/1047 1399/3/1049 1400/3/1050
f 1397/3/1047 1400/3/1050 1385/3/1037
f 1385/3/1037 1400/3/1050 1401/3/1051
f 1402/3/1052 1403/3/1053 1404/3/1052
f 1403/3/1053 1402/3/1052 1405/3/1054
f 1404/3/1052 1406/3/1055 1402/3/1052
f 1406/3/1055 1404/3/1052 1407/3/1056
f 1406/3/1055 1408/3/1057 1402/3/1052
f 1409/3/616 1402/3/1052 1408/3/1057
f 1409/3/616 1408/3/1057 1410/3/1058
f 1410/3/1058 1408/3/1057 1411/3/1059
f 1410/3/1058 1411/3/1059 1412/3/1060
f 1408/3/1057 1413/3/1061 1411/3/1059
f 1413/3/1061 1408/3/1057 1406/3/1055
f 1414/3/1062 1413/3/1061 1406/3/1055
f 1414/3/1062 1406/3/1055 1407/3/1056
f 1404/3/1052 1415/3/1063 1407/3/1056
f 1415/3/1063 1414/3/1062 1407/3/1056
f 1416/3/616 1415/3/1063 1404/3/1052
f 1414/3/1062 1415/3/1063 1417/3/1064
f 1415/3/1063 1416/3/616 1418/3/1065
f 1418/3/1065 1417/3/1064 1415/3/1063
f 1417/3/1064 1418/3/1065 1419/3/1066
f 1420/3/1067 1421/3/1068 1422/3/1069
f 1421/3/1068 1420/3/1067 1423/3/1068
f 1424/3/1070 1421/3/1068 1423/3/1068
f 1423/3/1068 1425/3/1071 1424/3/1070
f 1423/3/1068 1426/3/641 1425/3/1071
f 1427/3/1072 1425/3/1071 1426/3/641
f 1427/3/1072 1428/3/1073 1425/3/1071
f 1428/3/1073 1427/3/1072 1429/3/1074
f 1430/3/1075 1425/3/1071 1428/3/1073
f 1425/3/1071 1430/3/1075 1424/3/1070
f 1431/3/1076 1424/3/1070 1430/3/1075
f 1421/3/1068 1424/3/1070 1431/3/1076
f 1431/3/1076 1430/3/1075 1432/3/1077
f 1421/3/1068 1431/3/1076 1433/3/1078
f 1433/3/1078 1431/3/1076 1432/3/1077
f 1434/3/641 1421/3/1068 1433/3/1078
f 1432/3/1077 1435/3/1079 1433/3/1078
f 1433/3/1078 1436/3/1080 1434/3/641
f 1436/3/1080 1433/3/1078 1435/3/1079
f 1435/3/1079 1437/3/1081 1436/3/1080
f 1438/3/616 1439/3/616 1440/3/616
f 1439/3/616 1438/3/616 1441/3/616
f 1438/3/616 1440/3/616 1442/3/616
f 1442/3/616 1440/3/616 1443/3/616
f 1444/3/616 1445/3/616 1446/3/616
f 1445/3/616 1444/3/616 1447/3/616
f 1444/3/616 1446/3/616 1448/3/616
f 1448/3/616 1446/3/616 1449/3/616
f 1450/3/616 1451/3/616 1452/3/616
f 1451/3/616 1450/3/616 1453/3/616
f 1450/3/616 1452/3/616 1454/3/616
f 1454/3/616 1452/3/616 1455/3/616
f 1456/3/641 1457/3/641 1458/3/641
f 1456/3/641 1458/3/641 1459/3/641
f 1457/3/641 1456/3/641 1460/3/641
f 1457/3/641 1460/3/641 1461/3/641
f 1462/3/641 1463/3/641 1464/3/641
f 1462/3/641 1464/3/641 1465/3/641
f 1463/3/641 1462/3/641 1466/3/641
f 1463/3/641 1466/3/641 1467/3/641
f 1468/3/641 1469/3/641 1470/3/641
f 1468/3/641 1470/3/641 1471/3/641
f 1469/3/641 1468/3/641 1472/3/641
f 1469/3/641 1472/3/641 1473/3/641
f 1474/3/662 1475/3/1082 1476/3/1083
f 1477/3/1084 1475/3/1082 1474/3/662
f 1476/3/1083 1478/3/1085 1474/3/662
f 1477/3/1084 1479/3/1086 1475/3/1082
f 1479/3/1086 1476/3/1083 1475/3/1082
f 1480/3/539 1479/3/1086 1477/3/1084
f 1480/3/539 1481/3/1087 1479/3/1086
f 1482/3/1088 1481/3/1087 1480/3/539
f 1483/3/1089 1479/3/1086 1481/3/1087
f 1482/3/1088 1483/3/1089 1481/3/1087
f 1476/3/1083 1479/3/1086 1483/3/1089
f 1484/3/653 1483/3/1089 1482/3/1088
f 1484/3/653 1485/3/1090 1483/3/1089
f 1486/3/1091 1485/3/1090 1484/3/653
f 1487/3/1092 1483/3/1089 1485/3/1090
f 1485/3/1090 1486/3/1091 1487/3/1092
f 1487/3/1092 1476/3/1083 1483/3/1089
f 1488/3/641 1487/3/1092 1486/3/1091
f 1487/3/1092 1488/3/641 1489/3/1093
f 1490/3/1094 1489/3/1093 1488/3/641
f 1489/3/1093 1490/3/1094 1491/3/1095
f 1487/3/1092 1489/3/1093 1491/3/1095
f 1492/3/634 1491/3/1095 1490/3/1094
f 1491/3/1095 1492/3/634 1493/3/1096
f 1493/3/1096 1492/3/634 1494/3/636
f 1495/3/1097 1487/3/1092 1491/3/1095
f 1495/3/1097 1491/3/1095 1493/3/1096
f 1493/3/1096 1494/3/636 1495/3/1097
f 1495/3/1097 1476/3/1083 1487/3/1092
f 1495/3/1097 1494/3/636 1496/3/626
f 1495/3/1097 1496/3/626 1497/3/1098
f 1497/3/1098 1496/3/626 1498/3/623
f 1499/3/1099 1495/3/1097 1497/3/1098
f 1497/3/1098 1498/3/623 1499/3/1099
f 1499/3/1099 1476/3/1083 1495/3/1097
f 1499/3/1099 1498/3/623 1500/3/620
f 1499/3/1099 1500/3/620 1501/3/1100
f 1501/3/1100 1500/3/620 1502/3/1101
f 1503/3/1102 1499/3/1099 1501/3/1100
f 1502/3/1101 1503/3/1102 1501/3/1100
f 1476/3/1083 1499/3/1099 1503/3/1102
f 1503/3/1102 1502/3/1101 1504/3/616
f 1476/3/1083 1503/3/1102 1505/3/1103
f 1504/3/616 1505/3/1103 1503/3/1102
f 1478/3/1085 1476/3/1083 1505/3/1103
f 1505/3/1103 1504/3/616 1478/3/1085
f 1506/3/662 1507/3/1082 1508/3/1104
f 1509/3/1084 1507/3/1082 1506/3/662
f 1508/3/1104 1510/3/1085 1506/3/662
f 1509/3/1084 1511/3/1086 1507/3/1082
f 1511/3/1086 1508/3/1104 1507/3/1082
f 1512/3/539 1511/3/1086 1509/3/1084
f 1512/3/539 1513/3/1087 1511/3/1086
f 1514/3/654 1513/3/1087 1512/3/539
f 1515/3/1089 1511/3/1086 1513/3/1087
f 1514/3/654 1515/3/1089 1513/3/1087
f 1508/3/1104 1511/3/1086 1515/3/1089
f 1516/3/653 1515/3/1089 1514/3/654
f 1510/3/1085 1508/3/1104 1517/3/1103
f 1517/3/1103 1518/3/616 1510/3/1085
f 1516/3/653 1519/3/1090 1515/3/1089
f 1520/3/1091 1519/3/1090 1516/3/653
f 1521/3/1092 1515/3/1089 1519/3/1090
f 1519/3/1090 1520/3/1091 1521/3/1092
f 1521/3/1092 1508/3/1104 1515/3/1089
f 1518/3/616 1517/3/1103 1522/3/1102
f 1508/3/1104 1522/3/1102 1517/3/1103
f 1508/3/1104 1521/3/1092 1522/3/1102
f 1523/3/641 1521/3/1092 1520/3/1091
f 1522/3/1102 1524/3/615 1518/3/616
f 1521/3/1092 1523/3/641 1525/3/1093
f 1526/3/1094 1525/3/1093 1523/3/641
f 1521/3/1092 1525/3/1093 1527/3/1095
f 1525/3/1093 1526/3/1094 1527/3/1095
f 1527/3/1095 1522/3/1102 1521/3/1092
f 1528/3/634 1527/3/1095 1526/3/1094
f 1524/3/615 1522/3/1102 1529/3/1100
f 1529/3/1100 1530/3/620 1524/3/615
f 1527/3/1095 1528/3/634 1531/3/1096
f 1531/3/1096 1528/3/634 1532/3/1105
f 1533/3/1106 1527/3/1095 1531/3/1096
f 1531/3/1096 1532/3/1105 1533/3/1106
f 1527/3/1095 1533/3/1106 1522/3/1102
f 1533/3/1106 1532/3/1105 1534/3/626
f 1535/3/1107 1530/3/620 1529/3/1100
f 1522/3/1102 1535/3/1107 1529/3/1100
f 1533/3/1106 1535/3/1107 1522/3/1102
f 1535/3/1107 1536/3/623 1530/3/620
f 1533/3/1106 1534/3/626 1537/3/1098
f 1535/3/1107 1533/3/1106 1537/3/1098
f 1537/3/1098 1534/3/626 1536/3/623
f 1537/3/1098 1536/3/623 1535/3/1107
f 1538/3/1108 1539/3/1109 1540/3/1110
f 1539/3/1109 1538/3/1108 1541/3/1108
f 1540/3/1110 1542/3/1108 1538/3/1108
f 1539/3/1109 1543/3/1111 1540/3/1110
f 1540/3/1110 1543/3/1111 1544/3/1111
f 1543/3/1111 1539/3/1109 1545/3/1111
f 1546/3/1112 1547/3/1113 1548/3/1114
f 1547/3/1113 1546/3/1112 1549/3/1112
f 1548/3/1114 1550/3/1112 1546/3/1112
f 1547/3/1113 1551/3/1115 1548/3/1114
f 1548/3/1114 1551/3/1115 1552/3/1115
f 1551/3/1115 1547/3/1113 1553/3/1115
f 1554/3/616 1555/3/616 1556/3/616
f 1556/3/616 1555/3/616 1557/3/616
f 1555/3/616 1554/3/616 1558/3/616
f 1558/3/616 1554/3/616 1559/3/616
f 1560/3/616 1561/3/616 1562/3/616
f 1562/3/616 1561/3/616 1563/3/616
f 1561/3/616 1560/3/616 1564/3/616
f 1564/3/616 1560/3/616 1565/3/616
f 1566/3/616 1567/3/616 1568/3/616
f 1568/3/616 1567/3/616 1569/3/616
f 1567/3/616 1566/3/616 1570/3/616
f 1570/3/616 1566/3/616 1571/3/616
f 1572/3/641 1573/3/641 1574/3/641
f 1573/3/641 1572/3/641 1575/3/641
f 1576/3/641 1574/3/641 1573/3/641
f 1574/3/641 1576/3/641 1577/3/641
f 1578/3/641 1579/3/641 1580/3/641
f 1579/3/641 1578/3/641 1581/3/641
f 1582/3/641 1580/3/641 1579/3/641
f 1580/3/641 1582/3/641 1583/3/641
f 1584/3/641 1585/3/641 1586/3/641
f 1585/3/641 1584/3/641 1587/3/641
f 1588/3/641 1587/3/641 1584/3/641
f 1587/3/641 1588/3/641 1589/3/641
f 1590/3/1116 1591/3/1117 1592/3/1118
f 1592/3/1118 1591/3/1117 1593/3/1119
f 1590/3/1116 1594/3/1120 1591/3/1117
f 1594/3/1120 1595/3/1121 1591/3/1117
f 1594/3/1120 1596/3/1122 1595/3/1121
f 1594/3/1120 1597/3/1123 1596/3/1122
f 1598/3/1124 1596/3/1122 1597/3/1123
f 1596/3/1122 1598/3/1124 1599/3/1125
f 1598/3/1124 1600/3/1126 1599/3/1125
f 1598/3/1124 1601/3/1127 1600/3/1126
f 1602/3/1116 1603/3/1118 1604/3/1119
f 1603/3/1118 1602/3/1116 1605/3/1116
f 1602/3/1116 1606/3/1120 1605/3/1116
f 1602/3/1116 1607/3/1121 1606/3/1120
f 1607/3/1121 1608/3/1122 1606/3/1120
f 1609/3/1122 1606/3/1120 1608/3/1122
f 1608/3/1122 1610/3/1128 1609/3/1122
f 1611/3/1128 1610/3/1128 1608/3/1122
f 1611/3/1128 1612/3/1126 1610/3/1128
f 1612/3/1126 1613/3/1126 1610/3/1128
f 1614/3/616 1615/3/616 1616/3/616
f 1616/3/616 1615/3/616 1617/3/616
f 1615/3/616 1614/3/616 1618/3/616
f 1618/3/616 1614/3/616 1619/3/616
f 1620/3/616 1621/3/616 1622/3/616
f 1623/3/616 1621/3/616 1620/3/616
f 1621/3/616 1623/3/616 1624/3/616
f 1624/3/616 1623/3/616 1625/3/616
f 1626/3/641 1627/3/641 1628/3/641
f 1627/3/641 1626/3/641 1629/3/641
f 1630/3/641 1628/3/641 1627/3/641
f 1628/3/641 1630/3/641 1631/3/641
f 1632/3/641 1633/3/641 1634/3/641
f 1633/3/641 1632/3/641 1635/3/641
f 1636/3/641 1635/3/641 1632/3/641
f 1635/3/641 1636/3/641 1637/3/641
f 1638/3/1129 1639/3/626 1640/3/626
f 1639/3/626 1638/3/1129 1641/3/1130
f 1638/3/1129 1642/3/1131 1641/3/1130
f 1643/3/1131 1642/3/1131 1638/3/1129
f 1643/3/1131 1644/3/1132 1642/3/1131
f 1643/3/1131 1645/3/1133 1644/3/1132
f 1645/3/1133 1646/3/1134 1644/3/1132
f 1645/3/1133 1647/3/1134 1646/3/1134
f 1647/3/1134 1648/3/539 1646/3/1134
f 1647/3/1134 1649/3/539 1648/3/539
f 1650/3/1135 1651/3/1136 1652/3/1137
f 1651/3/1136 1653/3/1138 1652/3/1137
f 1651/3/1136 1654/3/1139 1653/3/1138
f 1654/3/1139 1655/3/1140 1653/3/1138
f 1654/3/1139 1656/3/1141 1655/3/1140
f 1656/3/1141 1657/3/1142 1655/3/1140
f 1656/3/1141 1658/3/1143 1657/3/1142
f 1658/3/1143 1659/3/1144 1657/3/1142
f 834/3/707 825/3/698 1660/3/1145
f 825/3/698 817/3/690 1660/3/1145
f 1660/3/1145 817/3/690 816/3/689
f 834/3/707 1660/3/1145 1661/3/1146
f 816/3/689 1661/3/1146 1660/3/1145
f 1662/3/1147 834/3/707 1661/3/1146
f 1661/3/1146 1663/3/1148 1662/3/1147
f 816/3/689 1664/3/1149 1661/3/1146
f 1663/3/1148 1661/3/1146 1664/3/1149
f 1664/3/1149 816/3/689 1665/3/1150
f 1665/3/1150 816/3/689 821/3/694
f 1664/3/1149 1666/3/1151 1663/3/1148
f 821/3/694 1667/3/1152 1665/3/1150
f 1664/3/1149 1665/3/1150 1667/3/1152
f 1667/3/1152 821/3/694 1668/3/1153
f 1666/3/1151 1664/3/1149 1667/3/1152
f 1667/3/1152 1668/3/1153 1669/3/1154
f 1670/3/1155 1663/3/1148 1666/3/1151
f 1666/3/1151 1671/3/1156 1670/3/1155
f 1672/3/1157 1667/3/1152 1669/3/1154
f 1666/3/1151 1667/3/1152 1672/3/1157
f 1669/3/1154 1673/3/1158 1672/3/1157
f 1671/3/1156 1666/3/1151 1674/3/1159
f 1672/3/1157 1674/3/1159 1666/3/1151
f 1674/3/1159 1675/3/1160 1671/3/1156
f 1676/3/1161 1672/3/1157 1673/3/1158
f 1672/3/1157 1677/3/1162 1674/3/1159
f 1677/3/1162 1672/3/1157 1676/3/1161
f 1678/3/1163 1677/3/1162 1676/3/1161
f 1679/3/1164 1676/3/1161 1673/3/1158
f 1679/3/1164 1678/3/1163 1676/3/1161
f 1679/3/1164 1673/3/1158 1680/3/1165
f 1677/3/1162 1678/3/1163 1681/3/1166
f 1678/3/1163 1679/3/1164 1682/3/1167
f 1683/3/1168 1674/3/1159 1677/3/1162
f 1681/3/1166 1683/3/1168 1677/3/1162
f 1675/3/1160 1674/3/1159 1683/3/1168
f 1681/3/1166 1684/3/1169 1683/3/1168
f 1684/3/1169 1675/3/1160 1683/3/1168
f 1684/3/1169 1681/3/1166 1685/3/1170
f 1675/3/1160 1684/3/1169 1686/3/1171
f 1682/3/1167 1687/3/1172 1685/3/1170
f 1684/3/1169 1685/3/1170 1687/3/1172
f 1687/3/1172 1682/3/1167 1679/3/1164
f 1684/3/1169 1688/3/1173 1686/3/1171
f 1688/3/1173 1684/3/1169 1687/3/1172
f 1689/3/1174 1686/3/1171 1688/3/1173
f 1688/3/1173 1690/3/1175 1689/3/1174
f 1691/3/1176 1689/3/1174 1690/3/1175
f 1690/3/1175 1688/3/1173 1692/3/1177
f 1679/3/1164 1693/3/1178 1687/3/1172
f 1688/3/1173 1687/3/1172 1693/3/1178
f 1693/3/1178 1692/3/1177 1688/3/1173
f 1680/3/1165 1693/3/1178 1679/3/1164
f 1693/3/1178 1680/3/1165 1694/3/1179
f 1694/3/1179 1692/3/1177 1693/3/1178
f 1692/3/1177 1694/3/1179 1695/3/1180
f 1696/3/1181 1697/3/1182 1698/3/1183
f 1697/3/1182 1696/3/1181 1699/3/1184
f 1698/3/1183 1697/3/1182 1700/3/1185
f 1701/3/1186 1699/3/1184 1696/3/1181
f 1699/3/1184 1701/3/1186 1702/3/1187
f 1703/3/1188 1702/3/1187 1701/3/1186
f 1697/3/1182 1704/3/1189 1700/3/1185
f 1698/3/1183 1700/3/1185 1705/3/1190
f 1701/3/1186 1696/3/1181 1706/3/1191
f 1696/3/1181 1698/3/1183 1707/3/1192
f 1707/3/1192 1698/3/1183 1705/3/1190
f 1706/3/1191 1696/3/1181 1707/3/1192
f 1705/3/1190 1700/3/1185 1708/3/1193
f 1709/3/641 1701/3/1186 1706/3/1191
f 1707/3/1192 1705/3/1190 1710/3/1194
f 1707/3/1192 1711/3/1195 1706/3/1191
f 1710/3/1194 1712/3/1192 1707/3/1192
f 1712/3/1192 1711/3/1195 1707/3/1192
f 1712/3/1192 1710/3/1194 1713/3/1194
f 1711/3/1195 1712/3/1192 1714/3/1196
f 1715/3/1197 1701/3/1186 1709/3/641
f 1715/3/1197 1703/3/1188 1701/3/1186
f 1716/3/1198 1715/3/1197 1709/3/641
f 1717/3/1199 1703/3/1188 1715/3/1197
f 1718/3/1200 1715/3/1197 1716/3/1198
f 1718/3/1200 1717/3/1199 1715/3/1197
f 1719/3/1201 1718/3/1200 1716/3/1198
f 1720/3/1202 1717/3/1199 1718/3/1200
f 1719/3/1201 1720/3/1202 1718/3/1200
f 1717/3/1199 1720/3/1202 1721/3/1203
f 1719/3/1201 1716/3/1198 1722/3/1204
f 1722/3/1204 1723/3/1201 1719/3/1201
f 1723/3/1201 1722/3/1204 1724/3/1205
f 1723/3/1201 1725/3/1206 1719/3/1201
f 1725/3/1206 1723/3/1201 1726/3/1207
f 1719/3/1201 1725/3/1206 1727/3/1207
f 1720/3/1202 1719/3/1201 1727/3/1207
f 1727/3/1207 1728/3/1208 1720/3/1202
f 1728/3/1208 1721/3/1203 1720/3/1202
f 1729/3/1209 1730/3/1210 1731/3/1209
f 1730/3/1210 1729/3/1209 1732/3/1211
f 1729/3/1209 1733/3/1209 1732/3/1211
f 1732/3/1211 1734/3/1212 1730/3/1210
f 1730/3/1210 1734/3/1212 1735/3/1212
f 1734/3/1212 1732/3/1211 1736/3/1212
f 1737/3/1213 1738/3/1214 1739/3/1215
f 1738/3/1214 1737/3/1213 1740/3/1213
f 1739/3/1215 1741/3/1213 1737/3/1213
f 1738/3/1214 1742/3/1216 1739/3/1215
f 1739/3/1215 1742/3/1216 1743/3/1216
f 1742/3/1216 1738/3/1214 1744/3/1216
f 1721/3/1203 1728/3/1208 1745/3/1217
f 1728/3/1208 1727/3/1207 1746/3/771
f 1728/3/1208 1747/3/1218 1745/3/1217
f 1746/3/771 1748/3/1219 1728/3/1208
f 1747/3/1218 1728/3/1208 1748/3/1219
f 1748/3/1219 1746/3/771 1749/3/1220
f 1748/3/1219 1750/3/1221 1747/3/1218
f 1749/3/1220 1751/3/1222 1748/3/1219
f 1750/3/1221 1748/3/1219 1751/3/1222
f 1751/3/1222 1749/3/1220 1752/3/1223
f 1753/3/1224 1750/3/1221 1751/3/1222
f 1753/3/1224 1751/3/1222 1752/3/1223
f 1750/3/1221 1753/3/1224 1754/3/1225
f 1755/3/1226 1752/3/1223 1749/3/1220
f 1755/3/1226 1756/3/1223 1752/3/1223
f 1756/3/1223 1755/3/1226 1757/3/1227
f 1756/3/1223 1758/3/1228 1752/3/1223
f 1758/3/1228 1756/3/1223 1759/3/1228
f 1752/3/1223 1758/3/1228 1760/3/1229
f 1760/3/1229 1753/3/1224 1752/3/1223
f 1761/3/1230 1753/3/1224 1760/3/1229
f 1761/3/1230 1754/3/1225 1753/3/1224
f 1754/3/1225 1761/3/1230 1762/3/1231
f 1763/3/616 1761/3/1230 1760/3/1229
f 1764/3/1232 1762/3/1231 1761/3/1230
f 1765/3/1233 1761/3/1230 1763/3/616
f 1765/3/1233 1764/3/1232 1761/3/1230
f 1766/3/1234 1765/3/1233 1763/3/616
f 1767/3/1235 1764/3/1232 1765/3/1233
f 1768/3/1236 1765/3/1233 1766/3/1234
f 1768/3/1236 1767/3/1235 1765/3/1233
f 1769/3/1237 1768/3/1236 1766/3/1234
f 1770/3/1238 1767/3/1235 1768/3/1236
f 1770/3/1238 1768/3/1236 1769/3/1237
f 1767/3/1235 1770/3/1238 1771/3/1239
f 1769/3/1237 1766/3/1234 1772/3/1240
f 1772/3/1240 1773/3/1237 1769/3/1237
f 1773/3/1237 1772/3/1240 1774/3/1240
f 1773/3/1237 1775/3/1241 1769/3/1237
f 1775/3/1241 1773/3/1237 1776/3/1241
f 1769/3/1237 1775/3/1241 1777/3/1242
f 1777/3/1242 1770/3/1238 1769/3/1237
f 1778/3/1243 1770/3/1238 1777/3/1242
f 1778/3/1243 1771/3/1239 1770/3/1238
f 1708/3/1193 1778/3/1243 1777/3/1242
f 1771/3/1239 1778/3/1243 1779/3/1244
f 1700/3/1185 1778/3/1243 1708/3/1193
f 1704/3/1189 1779/3/1244 1778/3/1243
f 1700/3/1185 1704/3/1189 1778/3/1243
f 1780/3/612 788/3/613 787/3/669
f 788/3/613 1781/3/615 786/3/616
f 1782/3/1245 788/3/613 1780/3/612
f 788/3/613 1782/3/1245 1783/3/618
f 1783/3/618 1781/3/615 788/3/613
f 1784/3/619 1783/3/618 1782/3/1245
f 1783/3/618 1785/3/620 1781/3/615
f 1785/3/620 1786/3/1246 1781/3/615
f 1786/3/1246 1785/3/620 1787/3/1247
f 1787/3/1247 1785/3/620 1788/3/620
f 1785/3/620 1789/3/1248 1788/3/620
f 1789/3/1248 1785/3/620 1790/3/1248
f 1790/3/1248 1785/3/620 1791/3/1249
f 1792/3/624 1785/3/620 1783/3/618
f 1792/3/624 1791/3/1249 1785/3/620
f 1783/3/618 1784/3/619 1792/3/624
f 1791/3/1249 1792/3/624 1793/3/625
f 1793/3/625 1792/3/624 1784/3/619
f 1793/3/625 1794/3/626 1791/3/1249
f 1793/3/625 1784/3/619 1795/3/627
f 1794/3/626 1793/3/625 1796/3/1250
f 1795/3/627 1796/3/1250 1793/3/625
f 1796/3/1250 1795/3/627 1797/3/1251
f 1796/3/1250 1798/3/636 1794/3/626
f 1799/3/1252 1796/3/1250 1797/3/1251
f 1796/3/1250 1799/3/1252 1800/3/1253
f 1798/3/636 1796/3/1250 1800/3/1253
f 1801/3/633 1800/3/1253 1799/3/1252
f 1800/3/1253 1802/3/634 1798/3/636
f 1802/3/634 1803/3/1105 1798/3/636
f 1803/3/1105 1802/3/634 1804/3/636
f 1804/3/636 1802/3/634 1805/3/634
f 1806/3/1254 1805/3/634 1802/3/634
f 1802/3/634 1807/3/1254 1806/3/1254
f 1807/3/1254 1802/3/634 1808/3/637
f 1802/3/634 1800/3/1253 1809/3/639
f 1808/3/637 1802/3/634 1809/3/639
f 1800/3/1253 1801/3/633 1809/3/639
f 1808/3/637 1809/3/639 1810/3/640
f 1810/3/640 1809/3/639 1801/3/633
f 762/3/641 1808/3/637 1810/3/640
f 1801/3/633 759/3/650 1810/3/640
f 762/3/641 1810/3/640 757/3/643
f 757/3/643 1810/3/640 759/3/650
f 1811/3/682 1812/3/683 1813/3/682
f 1813/3/682 1812/3/683 1814/3/684
f 1812/3/683 1811/3/682 1815/3/685
f 1815/3/685 1816/3/686 1812/3/683
f 1817/3/686 1812/3/683 1816/3/686
f 1812/3/683 1817/3/686 1818/3/686
f 1819/3/676 1820/3/677 1821/3/676
f 1822/3/676 1820/3/677 1819/3/676
f 1820/3/677 1822/3/676 1823/3/679
f 1824/3/680 1820/3/677 1823/3/679
f 1825/3/680 1820/3/677 1824/3/680
f 1820/3/677 1825/3/680 1826/3/681
f 1827/3/644 1828/3/645 1829/3/646
f 1828/3/645 1827/3/644 1830/3/1255
f 1829/3/646 1828/3/645 1831/3/1256
f 745/3/643 1830/3/1255 1827/3/644
f 1830/3/1255 745/3/643 1832/3/649
f 745/3/643 744/3/642 1832/3/649
f 1828/3/645 1833/3/1257 1831/3/1256
f 1834/3/652 745/3/643 1827/3/644
f 1834/3/652 743/3/641 745/3/643
f 1835/3/653 1834/3/652 1827/3/644
f 1835/3/653 1827/3/644 1829/3/646
f 1835/3/653 1836/3/1258 1834/3/652
f 1836/3/1258 1835/3/653 1837/3/1091
f 1837/3/1091 1835/3/653 1838/3/653
f 1838/3/653 1835/3/653 1839/3/1088
f 1835/3/653 1840/3/655 1839/3/1088
f 1835/3/653 1841/3/655 1840/3/655
f 1835/3/653 1829/3/646 1841/3/655
f 1829/3/646 1831/3/1256 1841/3/655
f 1841/3/655 1831/3/1256 1842/3/539
f 1831/3/1256 1843/3/1259 1842/3/539
f 1831/3/1256 1833/3/1257 1843/3/1259
f 1833/3/1257 1844/3/657 1843/3/1259
f 1842/3/539 1843/3/1259 1845/3/664
f 1846/3/1260 1843/3/1259 1844/3/657
f 1843/3/1259 1846/3/1260 1847/3/1261
f 1843/3/1259 1847/3/1261 1845/3/664
f 1848/3/661 1847/3/1261 1846/3/1260
f 1845/3/664 1847/3/1261 1849/3/662
f 1849/3/662 1850/3/664 1845/3/664
f 1850/3/664 1849/3/662 1851/3/1084
f 1851/3/1084 1849/3/662 1852/3/662
f 1849/3/662 1853/3/665 1852/3/662
f 1853/3/665 1849/3/662 1854/3/666
f 1854/3/666 1849/3/662 1855/3/665
f 1847/3/1261 1856/3/667 1849/3/662
f 1856/3/667 1855/3/665 1849/3/662
f 1847/3/1261 1848/3/661 1856/3/667
f 1855/3/665 1856/3/667 1857/3/668
f 1848/3/661 1857/3/668 1856/3/667
f 1857/3/668 713/3/616 1855/3/665
f 711/3/614 1857/3/668 1848/3/661
f 710/3/613 713/3/616 1857/3/668
f 711/3/614 710/3/613 1857/3/668
f 1858/3/746 1859/3/747 1860/3/748
f 1859/3/747 1861/3/748 1860/3/748
f 1859/3/747 1862/3/749 1861/3/748
f 1863/3/750 1859/3/747 1858/3/746
f 1864/3/750 1859/3/747 1863/3/750
f 1859/3/747 1864/3/750 1865/3/751
f 1866/3/752 1867/3/753 1868/3/753
f 1867/3/753 1866/3/752 1869/3/754
f 1868/3/753 1870/3/755 1866/3/752
f 1871/3/756 1866/3/752 1870/3/755
f 1872/3/756 1866/3/752 1871/3/756
f 1866/3/752 1872/3/756 1873/3/757
f 1874/3/1262 1875/3/1263 1876/3/1263
f 1877/3/1264 1876/3/1263 1875/3/1263
f 1877/3/1264 1875/3/1263 1878/3/1265
f 1875/3/1263 1874/3/1262 1879/3/1266
f 1874/3/1262 1880/3/1267 1879/3/1266
f 1874/3/1262 1881/3/1268 1880/3/1267
f 1882/3/1266 1883/3/1262 1884/3/1263
f 1882/3/1266 1885/3/1267 1883/3/1262
f 1885/3/1267 1886/3/1269 1883/3/1262
f 1884/3/1263 1883/3/1262 1887/3/1270
f 1887/3/1270 1888/3/1265 1884/3/1263
f 1889/3/1265 1884/3/1263 1888/3/1265
f 1890/3/1237 1891/3/1271 1892/3/1272
f 1893/3/1273 1891/3/1271 1890/3/1237
f 1890/3/1237 1892/3/1272 1894/3/1274
f 1893/3/1273 1895/3/1275 1891/3/1271
f 1895/3/1275 1892/3/1272 1891/3/1271
f 1896/3/1193 1895/3/1275 1893/3/1273
f 1896/3/1193 1897/3/1276 1895/3/1275
f 1898/3/1277 1897/3/1276 1896/3/1193
f 1899/3/1278 1895/3/1275 1897/3/1276
f 1898/3/1277 1899/3/1278 1897/3/1276
f 1892/3/1272 1895/3/1275 1899/3/1278
f 1900/3/1192 1899/3/1278 1898/3/1277
f 1894/3/1274 1892/3/1272 1901/3/1279
f 1894/3/1274 1901/3/1279 1902/3/616
f 1900/3/1192 1903/3/1280 1899/3/1278
f 1904/3/1281 1903/3/1280 1900/3/1192
f 1905/3/1282 1899/3/1278 1903/3/1280
f 1904/3/1281 1905/3/1282 1903/3/1280
f 1905/3/1282 1892/3/1272 1899/3/1278
f 1906/3/641 1905/3/1282 1904/3/1281
f 1892/3/1272 1907/3/1283 1901/3/1279
f 1902/3/616 1901/3/1279 1907/3/1283
f 1892/3/1272 1905/3/1282 1907/3/1283
f 1902/3/616 1907/3/1283 1908/3/1228
f 1906/3/641 1909/3/1284 1905/3/1282
f 1910/3/1285 1909/3/1284 1906/3/641
f 1911/3/1286 1905/3/1282 1909/3/1284
f 1910/3/1285 1911/3/1286 1909/3/1284
f 1911/3/1286 1907/3/1283 1905/3/1282
f 1912/3/1201 1911/3/1286 1910/3/1285
f 1908/3/1228 1907/3/1283 1913/3/1287
f 1908/3/1228 1913/3/1287 1914/3/1223
f 1907/3/1283 1915/3/1288 1913/3/1287
f 1915/3/1288 1914/3/1223 1913/3/1287
f 1911/3/1286 1915/3/1288 1907/3/1283
f 1915/3/1288 1916/3/1289 1914/3/1223
f 1912/3/1201 1917/3/1290 1911/3/1286
f 1917/3/1290 1912/3/1201 1918/3/1206
f 1919/3/1291 1916/3/1289 1915/3/1288
f 1919/3/1291 1920/3/771 1916/3/1289
f 1915/3/1288 1911/3/1286 1921/3/1292
f 1915/3/1288 1921/3/1292 1919/3/1291
f 1921/3/1292 1911/3/1286 1917/3/1290
f 1921/3/1292 1920/3/771 1919/3/1291
f 1917/3/1290 1918/3/1206 1921/3/1292
f 1921/3/1292 1918/3/1206 1920/3/771
