# Blender 5.2.0 LTS
# www.blender.org
mtllib mainbody.mtl
o RenderMesh_115705145155429
v -0.405946 0.294812 -0.138839
v -0.426797 0.350676 -0.166439
v -0.394158 0.289741 -0.155997
v -0.440843 0.356673 -0.149777
v -0.428008 0.360382 -0.168237
v -0.439321 0.374287 -0.156563
v -0.347989 0.278099 -0.181515
v -0.442557 0.240570 -0.144723
v -0.446441 0.231611 -0.142839
v -0.456793 0.245246 -0.127799
v -0.405946 0.294812 -0.138839
v -0.460452 0.226668 -0.127448
v 0.936605 0.142492 -0.148140
v 0.921841 0.199566 -0.135465
v 0.949974 0.139993 -0.132479
v 0.910464 0.200992 -0.151439
v 0.937114 0.133397 -0.147592
v 0.947319 0.122936 -0.134483
v 0.867558 0.208557 -0.175100
v 0.957887 0.244114 -0.154234
v 0.921841 0.199566 -0.135465
v 0.962004 0.252246 -0.154720
v 0.971510 0.242834 -0.138646
v 0.975850 0.259179 -0.142654
v 0.984427 0.214020 0.155109
v 0.936341 0.182969 0.136147
v 0.996777 0.209198 0.139156
v 0.926184 0.187243 0.152433
v 0.990808 0.220520 0.155694
v 1.005899 0.223350 0.143460
v 0.887944 0.206600 0.177347
v 0.933450 0.123728 0.147016
v 0.936341 0.182969 0.136147
v 0.931190 0.114920 0.146229
v 0.945187 0.117821 0.130966
v 0.937553 0.102294 0.132610
v -0.386100 0.389268 0.166491
v -0.392359 0.405780 0.154417
v -0.401830 0.389983 0.150020
v -0.389191 0.379842 0.165778
v -0.396907 0.318613 0.143225
v -0.345224 0.282248 0.181515
v -0.385861 0.310286 0.159588
v -0.451085 0.285126 0.159367
v -0.396907 0.318613 0.143225
v -0.458488 0.278495 0.158993
v -0.464468 0.294129 0.143532
v -0.475341 0.278795 0.145822
v 0.908399 0.309673 0.163161
v 0.922382 0.312700 0.147908
v 0.911428 0.325551 0.152020
v 0.912634 0.301616 0.162483
v 0.928807 0.247353 0.141743
v 0.887944 0.206600 0.177347
v 0.920227 0.238157 0.156859
v 0.983096 0.225387 0.156098
v 0.928807 0.247353 0.141743
v 0.990808 0.220520 0.155694
v 0.993692 0.235554 0.141447
v 1.005899 0.223350 0.143460
v -0.379345 0.184947 0.148746
v -0.393344 0.248073 0.137061
v -0.391046 0.176474 0.131363
v -0.383042 0.254505 0.154712
v -0.375323 0.175898 0.147845
v -0.380004 0.161181 0.133043
v -0.345224 0.282248 0.181515
v -0.450456 0.272673 0.158278
v -0.393344 0.248073 0.137061
v -0.458488 0.278495 0.158993
v -0.463010 0.265253 0.141009
v -0.475341 0.278795 0.145822
v 0.854860 0.328389 -0.146442
v 0.869267 0.319332 -0.142917
v 0.856460 0.312619 -0.158024
v 0.862935 0.306195 -0.157669
v 0.895176 0.258816 -0.138913
v 0.867558 0.208557 -0.175100
v 0.889378 0.247845 -0.154166
v 0.953179 0.254573 -0.154844
v 0.895176 0.258816 -0.138913
v 0.962004 0.252246 -0.154720
v 0.960595 0.267090 -0.140058
v 0.975850 0.259179 -0.142654
v -0.367858 0.240922 -0.147732
v -0.436686 0.229672 -0.142878
v -0.347989 0.278099 -0.181515
v -0.372688 0.233077 -0.128389
v -0.443178 0.219973 -0.123522
v -0.446441 0.231611 -0.142839
v -0.460452 0.226668 -0.127448
v -0.334911 0.180107 -0.137563
v -0.372688 0.233077 -0.128389
v -0.327411 0.173643 -0.136625
v -0.340181 0.169812 -0.118144
v -0.324001 0.160216 -0.120324
v -0.307842 0.395732 -0.162702
v -0.297587 0.381999 -0.177719
v -0.306593 0.377936 -0.176582
v -0.289812 0.399068 -0.167433
v -0.356735 0.344531 -0.150371
v -0.347989 0.278099 -0.181515
v -0.355243 0.329058 -0.165116
v -0.418110 0.359453 -0.168475
v -0.356735 0.344531 -0.150371
v -0.428008 0.360382 -0.168237
v -0.420698 0.377025 -0.154498
v -0.439321 0.374287 -0.156563
v 0.872343 0.166501 -0.149287
v 0.824697 0.123610 -0.146718
v 0.867558 0.208557 -0.175100
v 0.816187 0.120317 -0.146490
v 0.825601 0.110822 -0.130412
v 0.808694 0.107942 -0.133220
v 0.873634 0.155952 -0.132744
v 0.928094 0.134793 -0.147659
v 0.873634 0.155952 -0.132744
v 0.937114 0.133397 -0.147592
v 0.930240 0.122139 -0.131365
v 0.947319 0.122936 -0.134483
v 0.879422 0.165881 0.150380
v 0.923010 0.118958 0.146558
v 0.887944 0.206600 0.177347
v 0.931190 0.114920 0.146229
v 0.920979 0.106762 0.129904
v 0.937553 0.102294 0.132610
v 0.877205 0.155956 0.133552
v 0.821041 0.139385 0.147941
v 0.877205 0.155956 0.133552
v 0.811932 0.138809 0.147846
v 0.817786 0.127433 0.131304
v 0.800843 0.129679 0.134465
v -0.374725 0.400354 0.150154
v -0.386100 0.389268 0.166491
v -0.377501 0.384315 0.165835
v -0.392359 0.405780 0.154417
v -0.330691 0.343948 0.143551
v -0.345224 0.282248 0.181515
v -0.333498 0.330322 0.159845
v -0.268137 0.355127 0.160264
v -0.330691 0.343948 0.143551
v -0.258197 0.355133 0.159977
v -0.264047 0.370817 0.144517
v -0.245736 0.366650 0.146950
v 0.908399 0.309673 0.163161
v 0.911428 0.325551 0.152020
v 0.896266 0.317930 0.148263
v 0.901372 0.303872 0.162634
v 0.865015 0.260132 0.142609
v 0.887944 0.206600 0.177347
v 0.869782 0.248262 0.157542
v 0.806845 0.260692 0.158487
v 0.865015 0.260132 0.142609
v 0.797848 0.259172 0.158311
v 0.800606 0.274232 0.144065
v 0.784697 0.267659 0.146459
v -0.328938 0.240065 0.151957
v -0.261425 0.222224 0.148650
v -0.345224 0.282248 0.181515
v -0.324926 0.229813 0.133576
v -0.255923 0.209984 0.130462
v -0.251536 0.223263 0.148454
v -0.238099 0.215479 0.133740
v -0.367268 0.181724 0.148131
v -0.324926 0.229813 0.133576
v -0.375323 0.175898 0.147845
v -0.363037 0.168999 0.129937
v -0.380004 0.161181 0.133043
v 0.842788 0.316468 -0.142676
v 0.856460 0.312619 -0.158024
v 0.851515 0.304961 -0.157565
v 0.854860 0.328389 -0.146442
v 0.830491 0.251821 -0.138324
v 0.867558 0.208557 -0.175100
v 0.838225 0.242313 -0.153700
v 0.774460 0.235244 -0.153215
v 0.830491 0.251821 -0.138324
v 0.766341 0.231083 -0.152938
v 0.764805 0.245913 -0.138275
v 0.751551 0.234919 -0.140611
v -0.245736 0.366650 0.146950
v -0.249167 0.358207 0.128103
v -0.246717 0.367879 0.128321
v -0.256654 0.367445 0.129107
v -0.245836 0.348350 0.142075
v -0.264047 0.370817 0.144517
v -0.292971 0.289926 0.123853
v -0.332745 0.338993 0.129184
v -0.286204 0.289067 0.137588
v -0.330691 0.343948 0.143551
v -0.240073 0.234241 0.132105
v -0.384239 0.401495 0.135605
v -0.242523 0.226667 0.116609
v -0.374725 0.400354 0.150154
v -0.238099 0.215479 0.133740
v -0.392359 0.405780 0.154417
v -0.239117 0.217400 0.115171
v -0.392668 0.406830 0.135754
v -0.249040 0.216694 0.115934
v -0.395383 0.397230 0.135550
v -0.255923 0.209984 0.130462
v -0.401830 0.389983 0.150020
v -0.327591 0.236949 0.120267
v -0.391945 0.316341 0.128893
v -0.324926 0.229813 0.133576
v -0.396907 0.318613 0.143225
v -0.372519 0.169447 0.115327
v -0.467590 0.286733 0.128071
v -0.363037 0.168999 0.129937
v -0.464468 0.294129 0.143532
v -0.380004 0.161181 0.133043
v -0.475341 0.278795 0.145822
v -0.380370 0.163351 0.114478
v -0.475271 0.280425 0.127198
v -0.384032 0.172520 0.115913
v -0.463010 0.265253 0.141009
v -0.391046 0.176474 0.131363
v -0.466990 0.274862 0.127034
v -0.388760 0.253275 0.123382
v -0.393344 0.248073 0.137061
v -0.302925 0.244640 -0.133461
v -0.322596 0.182148 -0.138459
v -0.312690 0.250066 -0.151744
v -0.311621 0.174546 -0.120221
v -0.327411 0.173643 -0.136625
v -0.324001 0.160216 -0.120324
v -0.347989 0.278099 -0.181515
v -0.243933 0.261621 -0.156890
v -0.302925 0.244640 -0.133461
v -0.235415 0.266589 -0.158181
v -0.232015 0.254973 -0.138874
v -0.218539 0.266766 -0.145036
v 0.758174 0.228949 -0.123594
v 0.751551 0.234919 -0.140611
v 0.759356 0.219889 -0.136714
v 0.817178 0.188247 -0.134512
v 0.752129 0.235826 -0.123487
v 0.822561 0.191403 -0.121897
v 0.760416 0.239649 -0.124235
v 0.802489 0.124042 -0.131135
v 0.764805 0.245913 -0.138275
v 0.807898 0.118459 -0.117163
v 0.830491 0.251821 -0.138324
v 0.808694 0.107942 -0.133220
v 0.834464 0.248242 -0.125306
v 0.809010 0.109430 -0.116131
v 0.850308 0.320983 -0.129310
v 0.817398 0.113024 -0.116866
v 0.842788 0.316468 -0.142676
v 0.825601 0.110822 -0.130412
v 0.854860 0.328389 -0.146442
v 0.873634 0.155952 -0.132744
v 0.854963 0.328866 -0.129291
v 0.873035 0.162529 -0.120317
v 0.861195 0.322159 -0.129409
v 0.930240 0.122139 -0.131365
v 0.869267 0.319332 -0.142917
v 0.938024 0.126071 -0.117965
v 0.895176 0.258816 -0.138913
v 0.947319 0.122936 -0.134483
v 0.892296 0.254497 -0.125832
v 0.946999 0.124354 -0.117387
v 0.960595 0.267090 -0.140058
v 0.946137 0.133412 -0.118423
v 0.966476 0.261936 -0.126113
v 0.949974 0.139993 -0.132479
v 0.975850 0.259179 -0.142654
v 0.916135 0.201525 -0.122750
v 0.975401 0.259974 -0.125520
v 0.921841 0.199566 -0.135465
v 0.970964 0.251964 -0.125533
v 0.971510 0.242834 -0.138646
v 1.005899 0.223350 0.143460
v 0.998785 0.218476 0.126292
v 1.005427 0.224780 0.126370
v 0.997518 0.229313 0.127234
v 0.996777 0.209198 0.139156
v 0.993692 0.235554 0.141447
v 0.936341 0.182969 0.136147
v 0.928807 0.247353 0.141743
v 0.931281 0.186947 0.123631
v 0.924543 0.244511 0.128636
v 0.945187 0.117821 0.130966
v 0.915314 0.318242 0.134682
v 0.939315 0.113140 0.116851
v 0.922382 0.312700 0.147908
v 0.937553 0.102294 0.132610
v 0.911428 0.325551 0.152020
v 0.937396 0.104279 0.115568
v 0.911388 0.326513 0.134889
v 0.929363 0.108593 0.116414
v 0.904577 0.320394 0.134827
v 0.920979 0.106762 0.129904
v 0.896266 0.317930 0.148263
v 0.877205 0.155956 0.133552
v 0.865015 0.260132 0.142609
v 0.878410 0.162796 0.121312
v 0.867511 0.255936 0.129409
v 0.817786 0.127433 0.131304
v 0.800606 0.274232 0.144065
v 0.810404 0.132422 0.118028
v 0.794303 0.270019 0.129991
v 0.800843 0.129679 0.134465
v 0.784697 0.267659 0.146459
v 0.801311 0.131539 0.117414
v 0.785238 0.268887 0.129354
v 0.802986 0.140448 0.118699
v 0.788934 0.260512 0.129138
v 0.799739 0.146955 0.132939
v 0.787551 0.251107 0.141993
v 0.838997 0.205433 0.124883
v 0.833124 0.203645 0.137546
v -0.289812 0.399068 -0.167433
v -0.281778 0.383038 -0.161341
v -0.297587 0.381999 -0.177719
v -0.295353 0.372463 -0.175995
v -0.293065 0.313522 -0.147047
v -0.347989 0.278099 -0.181515
v -0.304892 0.304537 -0.162487
v -0.242193 0.273781 -0.159290
v -0.293065 0.313522 -0.147047
v -0.235415 0.266589 -0.158181
v -0.227979 0.283171 -0.144434
v -0.218539 0.266766 -0.145036
v -0.436572 0.367616 -0.136911
v -0.439321 0.374287 -0.156563
v -0.440843 0.356673 -0.149777
v -0.438144 0.377389 -0.138164
v -0.399064 0.296509 -0.125242
v -0.428290 0.375984 -0.138853
v -0.405946 0.294812 -0.138839
v -0.420698 0.377025 -0.154498
v -0.454958 0.239166 -0.111578
v -0.355066 0.340960 -0.135550
v -0.456793 0.245246 -0.127799
v -0.356735 0.344531 -0.150371
v -0.460452 0.226668 -0.127448
v -0.298194 0.397547 -0.148310
v -0.459177 0.230447 -0.109182
v -0.307842 0.395732 -0.162702
v -0.449361 0.228776 -0.109819
v -0.289812 0.399068 -0.167433
v -0.443178 0.219973 -0.123522
v -0.289320 0.402057 -0.148984
v -0.369329 0.241315 -0.115898
v -0.287478 0.392330 -0.147750
v -0.372688 0.233077 -0.128389
v -0.281778 0.383038 -0.161341
v -0.330629 0.170952 -0.103620
v -0.298141 0.313237 -0.132579
v -0.340181 0.169812 -0.118144
v -0.293065 0.313522 -0.147047
v -0.324001 0.160216 -0.120324
v -0.225461 0.277204 -0.128263
v -0.323352 0.164299 -0.102091
v -0.227979 0.283171 -0.144434
v -0.318888 0.172898 -0.104473
v -0.218539 0.266766 -0.145036
v -0.311621 0.174546 -0.120221
v -0.218374 0.270360 -0.126690
v -0.306956 0.251653 -0.120433
v -0.232015 0.254973 -0.138874
v -0.302925 0.244640 -0.133461
v -0.227120 0.265612 -0.125976
v 0.817178 0.188247 -0.134512
v 0.772109 0.224020 -0.152543
v 0.827698 0.192039 -0.150685
v 0.759356 0.219889 -0.136714
v 0.766341 0.231083 -0.152938
v 0.751551 0.234919 -0.140611
v 0.867558 0.208557 -0.175100
v 0.814731 0.129311 -0.147030
v 0.817178 0.188247 -0.134512
v 0.816187 0.120317 -0.146490
v 0.802489 0.124042 -0.131135
v 0.808694 0.107942 -0.133220
v 0.813260 0.147803 0.148647
v 0.833124 0.203645 0.137546
v 0.799739 0.146955 0.132939
v 0.844561 0.203593 0.153539
v 0.811932 0.138809 0.147846
v 0.800843 0.129679 0.134465
v 0.887944 0.206600 0.177347
v 0.801216 0.250720 0.157595
v 0.833124 0.203645 0.137546
v 0.797848 0.259172 0.158311
v 0.787551 0.251107 0.141993
v 0.784697 0.267659 0.146459
v -0.260284 0.345439 0.159212
v -0.286204 0.289067 0.137588
v -0.245836 0.348350 0.142075
v -0.258197 0.355133 0.159977
v -0.245736 0.366650 0.146950
v -0.345224 0.282248 0.181515
v -0.298318 0.286923 0.155128
v -0.254589 0.232684 0.149358
v -0.251536 0.223263 0.148454
v -0.240073 0.234241 0.132105
v -0.286204 0.289067 0.137588
v -0.238099 0.215479 0.133740
vn -0.7618 -0.4925 -0.4208
vn -0.6505 -0.3417 -0.6783
vn -0.6197 -0.0699 -0.7817
vn -0.7919 -0.3033 -0.5301
vn -0.7236 -0.1872 -0.6644
vn -0.7918 -0.1754 -0.5851
vn -0.4869 -0.0962 -0.8681
vn -0.5709 0.2125 -0.7930
vn -0.6743 0.1107 -0.7301
vn -0.7027 0.3018 -0.6443
vn -0.6217 0.4861 -0.6142
vn -0.7449 0.1517 -0.6497
vn 0.6291 0.1129 -0.7691
vn 0.7647 0.3219 -0.5583
vn 0.7783 0.1216 -0.6160
vn 0.5784 -0.1704 -0.7978
vn 0.6920 -0.0304 -0.7213
vn 0.7669 -0.0270 -0.6412
vn 0.4450 -0.1441 -0.8839
vn 0.5125 -0.4461 -0.7337
vn 0.5583 -0.6626 -0.4992
vn 0.6309 -0.3325 -0.7010
vn 0.6519 -0.4873 -0.5810
vn 0.6989 -0.3550 -0.6209
vn 0.3663 -0.6025 0.7091
vn 0.3411 -0.8152 0.4682
vn 0.4847 -0.6783 0.5522
vn 0.5139 -0.3614 0.7780
vn 0.5140 -0.5288 0.6754
vn 0.5694 -0.5682 0.5941
vn 0.3954 -0.2988 0.8686
vn 0.6463 -0.1067 0.7556
vn 0.8351 0.0600 0.5468
vn 0.6627 -0.2595 0.7025
vn 0.7892 -0.1364 0.5988
vn 0.7339 -0.2764 0.6205
vn -0.6308 0.1766 0.7556
vn -0.7019 0.2117 0.6801
vn -0.7646 0.0868 0.6386
vn -0.6258 0.0117 0.7799
vn -0.8271 -0.0992 0.5533
vn -0.3569 0.1730 0.9180
vn -0.4745 0.2509 0.8437
vn -0.3136 0.4896 0.8136
vn -0.2770 0.7427 0.6096
vn -0.4611 0.4330 0.7745
vn -0.4244 0.6067 0.6722
vn -0.5187 0.4930 0.6985
vn 0.6000 0.2808 0.7491
vn 0.7458 0.2150 0.6306
vn 0.6629 0.3273 0.6733
vn 0.6224 0.1180 0.7738
vn 0.8374 0.0415 0.5450
vn 0.3312 0.2317 0.9147
vn 0.4333 0.3279 0.8395
vn 0.2347 0.5364 0.8107
vn 0.1547 0.7796 0.6069
vn 0.3891 0.5060 0.7698
vn 0.3231 0.6709 0.6675
vn 0.4358 0.5737 0.6935
vn -0.6124 -0.2135 0.7612
vn -0.8283 -0.0808 0.5544
vn -0.7497 -0.2665 0.6057
vn -0.4378 -0.4430 0.7823
vn -0.6031 -0.3670 0.7082
vn -0.6711 -0.3958 0.6269
vn -0.3325 -0.3607 0.8714
vn -0.2539 -0.6558 0.7110
vn -0.1963 -0.8605 0.4700
vn -0.4115 -0.6079 0.6790
vn -0.3598 -0.7498 0.5553
vn -0.4610 -0.6550 0.5987
vn 0.5171 0.5286 -0.6732
vn 0.6315 0.4440 -0.6356
vn 0.4689 0.4669 -0.7498
vn 0.5376 0.3193 -0.7804
vn 0.7724 0.3050 -0.5572
vn 0.2240 0.3431 -0.9122
vn 0.2933 0.4648 -0.8354
vn 0.0411 0.6030 -0.7967
vn -0.1017 0.8048 -0.5848
vn 0.2006 0.6192 -0.7592
vn 0.0905 0.7529 -0.6519
vn 0.2253 0.6953 -0.6825
vn -0.2926 -0.6753 -0.6770
vn -0.0302 -0.7832 -0.6211
vn -0.2382 -0.5680 -0.7878
vn 0.1343 -0.9167 -0.3764
vn -0.0671 -0.8932 -0.4447
vn -0.1878 -0.8017 -0.5675
vn -0.2038 -0.8535 -0.4796
vn -0.5421 -0.5346 -0.6484
vn -0.7705 -0.4764 -0.4235
vn -0.4655 -0.6648 -0.5843
vn -0.6271 -0.6188 -0.4731
vn -0.5052 -0.7066 -0.4954
vn -0.4562 0.5442 -0.7040
vn -0.2980 0.4928 -0.8175
vn -0.4145 0.3759 -0.8288
vn -0.3211 0.5789 -0.7495
vn -0.6347 0.4729 -0.6112
vn -0.1141 0.2752 -0.9546
vn -0.1375 0.4206 -0.8968
vn 0.1464 0.4678 -0.8716
vn 0.3565 0.6375 -0.6830
vn 0.0054 0.5412 -0.8409
vn 0.1574 0.6458 -0.7471
vn 0.0096 0.6341 -0.7732
vn 0.0616 -0.6373 -0.7682
vn 0.3452 -0.5956 -0.7253
vn 0.0473 -0.5060 -0.8613
vn 0.2252 -0.6992 -0.6785
vn 0.3877 -0.7284 -0.5649
vn 0.2466 -0.7644 -0.5957
vn 0.5725 -0.6497 -0.5002
vn -0.2230 -0.6573 -0.7198
vn -0.4289 -0.7581 -0.4913
vn -0.0821 -0.7332 -0.6751
vn -0.2321 -0.7960 -0.5590
vn -0.0881 -0.8005 -0.5928
vn -0.1201 -0.6510 0.7495
vn -0.3977 -0.5824 0.7090
vn -0.0940 -0.5237 0.8467
vn -0.2877 -0.6950 0.6589
vn -0.4528 -0.7059 0.5447
vn -0.3146 -0.7556 0.5746
vn -0.6291 -0.6094 0.4825
vn 0.1617 -0.6950 0.7006
vn 0.3580 -0.8073 0.4692
vn 0.0156 -0.7562 0.6541
vn 0.1586 -0.8285 0.5370
vn 0.0145 -0.8217 0.5697
vn 0.5066 0.5727 0.6445
vn 0.3457 0.5498 0.7604
vn 0.4512 0.4239 0.7853
vn 0.3753 0.6242 0.6852
vn 0.6775 0.4768 0.5601
vn 0.1426 0.3633 0.9207
vn 0.1779 0.5002 0.8474
vn -0.1007 0.5710 0.8147
vn -0.2948 0.7358 0.6096
vn 0.0471 0.6281 0.7767
vn -0.0944 0.7324 0.6743
vn 0.0518 0.7106 0.7017
vn -0.4252 0.4860 0.7635
vn -0.4681 0.5542 0.6883
vn -0.5895 0.4814 0.6487
vn -0.5080 0.3444 0.7895
vn -0.7423 0.3577 0.5666
vn -0.1927 0.3359 0.9220
vn -0.2508 0.4656 0.8487
vn 0.0121 0.5813 0.8136
vn 0.1729 0.7758 0.6068
vn -0.1444 0.6127 0.7770
vn -0.0234 0.7398 0.6724
vn -0.1630 0.6939 0.7014
vn 0.2338 -0.6220 0.7473
vn -0.0366 -0.7119 0.7013
vn 0.1878 -0.5014 0.8446
vn -0.2135 -0.8559 0.4710
vn -0.0135 -0.8436 0.5368
vn 0.1176 -0.7481 0.6531
vn 0.1283 -0.8124 0.5688
vn 0.4965 -0.5087 0.7034
vn 0.7268 -0.4960 0.4752
vn 0.4063 -0.6381 0.6540
vn 0.5688 -0.6213 0.5389
vn 0.4416 -0.6930 0.5699
vn -0.7228 0.2977 -0.6236
vn -0.5714 0.3549 -0.7400
vn -0.6076 0.1949 -0.7699
vn -0.6301 0.4050 -0.6625
vn -0.8296 0.1313 -0.5427
vn -0.3082 0.2858 -0.9073
vn -0.4013 0.3898 -0.8289
vn -0.1845 0.5783 -0.7947
vn -0.0832 0.8069 -0.5848
vn -0.3413 0.5605 -0.7545
vn -0.2608 0.7147 -0.6490
vn -0.3807 0.6299 -0.6769
vn 0.7778 0.6147 -0.1306
vn 0.9450 -0.1996 -0.2591
vn 0.7476 0.6520 -0.1267
vn -0.0266 0.9908 -0.1325
vn 0.8694 -0.3366 -0.3618
vn -0.1799 0.9585 -0.2214
vn 0.8694 0.0749 -0.4884
vn 0.2245 0.8884 -0.4004
vn 0.8672 0.1108 -0.4855
vn 0.2044 0.8936 -0.3996
vn 0.8328 0.4733 -0.2871
vn 0.4976 0.8533 -0.1556
vn 0.9126 0.3460 -0.2176
vn 0.6139 0.7439 -0.2640
vn 0.8143 -0.5328 -0.2303
vn -0.3575 0.9312 -0.0715
vn 0.8320 -0.5056 -0.2283
vn -0.3547 0.9322 -0.0715
vn 0.0697 -0.9502 -0.3037
vn -0.9388 0.3038 -0.1625
vn -0.0799 -0.9206 -0.3822
vn -0.9513 0.1455 -0.2717
vn 0.3010 -0.7816 -0.5464
vn -0.7574 0.5118 -0.4054
vn 0.3030 -0.7807 -0.5465
vn -0.7441 0.5320 -0.4041
vn 0.5853 -0.7529 -0.3009
vn -0.6403 0.7559 -0.1363
vn 0.6770 -0.6313 -0.3783
vn -0.5044 0.8343 -0.2225
vn -0.2503 -0.9390 -0.2360
vn -0.9883 -0.0620 -0.1392
vn -0.2780 -0.9316 -0.2340
vn -0.9907 -0.0125 -0.1354
vn -0.9083 -0.3512 -0.2273
vn -0.4197 -0.8295 -0.3686
vn -0.9334 -0.2029 -0.2959
vn -0.5673 -0.7791 -0.2670
vn -0.6933 -0.5226 -0.4961
vn -0.7147 -0.4957 -0.4935
vn 0.8150 -0.2132 -0.5389
vn 0.5847 -0.3498 -0.7320
vn 0.3931 -0.5618 -0.7279
vn 0.7224 -0.3919 -0.5697
vn 0.5631 -0.4923 -0.6637
vn 0.6302 -0.5183 -0.5781
vn 0.2964 -0.4774 -0.8272
vn 0.1891 -0.7489 -0.6351
vn 0.1157 -0.9196 -0.3754
vn 0.3535 -0.7122 -0.6064
vn 0.2920 -0.8313 -0.4729
vn 0.3972 -0.7539 -0.5233
vn -0.7443 -0.6174 0.2546
vn -0.9687 0.1957 0.1529
vn -0.6152 -0.7059 0.3510
vn -0.8104 -0.3200 0.4907
vn -0.9618 0.2283 0.1509
vn -0.8013 -0.3396 0.4925
vn -0.4252 0.8897 0.1664
vn -0.9515 0.0351 0.3056
vn -0.2734 0.9282 0.2525
vn -0.9661 -0.1171 0.2302
vn -0.5835 0.6886 0.4305
vn -0.4843 -0.8486 0.2128
vn -0.5966 0.6767 0.4315
vn -0.4978 -0.8408 0.2129
vn -0.8298 0.5263 0.1858
vn 0.3756 -0.8863 0.2708
vn -0.8801 0.3766 0.2892
vn 0.4972 -0.7934 0.3512
vn -0.1090 0.9886 0.1036
vn 0.0985 -0.8484 0.5201
vn -0.1031 0.9894 0.1025
vn 0.0956 -0.8486 0.5203
vn 0.7016 0.6915 0.1722
vn -0.3104 -0.8803 0.3588
vn 0.7842 0.5568 0.2737
vn -0.1712 -0.9461 0.2748
vn 0.4334 0.7968 0.4209
vn 0.6550 -0.7278 0.2032
vn 0.4438 0.7906 0.4219
vn 0.6732 -0.7113 0.2022
vn 0.0721 0.9657 0.2496
vn 0.9729 0.0925 0.2119
vn 0.2297 0.9601 0.1597
vn 0.9273 0.2389 0.2883
vn 0.9066 0.3997 0.1355
vn 0.8643 -0.1601 0.4768
vn 0.8942 0.4273 0.1335
vn 0.8689 -0.1371 0.4756
vn 0.8642 -0.4428 0.2389
vn 0.7573 -0.5579 0.3395
vn 0.9833 0.1047 -0.1489
vn 0.6866 -0.6743 -0.2719
vn 0.9775 0.1533 -0.1450
vn 0.5034 0.8521 -0.1430
vn 0.5496 -0.7483 -0.3715
vn 0.3568 0.9061 -0.2272
vn 0.7824 -0.3714 -0.5000
vn 0.6400 0.6491 -0.4112
vn 0.7664 -0.3997 -0.5028
vn 0.6581 0.6296 -0.4129
vn 0.9514 -0.0450 -0.3047
vn 0.8732 0.4563 -0.1712
vn 0.9522 -0.1951 -0.2350
vn 0.9111 0.3018 -0.2806
vn 0.4029 -0.8838 -0.2379
vn 0.1984 0.9772 -0.0754
vn 0.4245 -0.8739 -0.2368
vn 0.1917 0.9786 -0.0753
vn -0.4540 -0.8404 -0.2960
vn -0.6347 0.7579 -0.1509
vn -0.5654 -0.7365 -0.3714
vn -0.7312 0.6314 -0.2582
vn -0.1752 -0.8209 -0.5435
vn -0.3566 0.8450 -0.3985
vn -0.1704 -0.8220 -0.5434
vn -0.3723 0.8378 -0.3994
vn 0.2292 -0.8948 -0.3831
vn 0.0163 0.9746 -0.2235
vn 0.0863 -0.9494 -0.3019
vn -0.1412 0.9810 -0.1334
vn -0.7150 -0.6628 -0.2224
vn -0.8701 0.4770 -0.1238
vn -0.7390 -0.6366 -0.2204
vn -0.8483 0.5158 -0.1199
vn -0.9598 0.1876 -0.2089
vn -0.9008 -0.3555 -0.2495
vn -0.9027 0.3272 -0.2795
vn -0.8038 -0.4781 -0.3541
vn -0.8740 -0.0719 -0.4805
vn -0.8777 -0.0370 -0.4778
vn 0.7150 0.0751 -0.6950
vn 0.7659 -0.0482 -0.6412
vn 0.6403 0.0378 -0.7672
vn 0.6217 -0.1298 -0.7725
vn 0.8124 -0.2315 -0.5351
vn 0.3655 0.0425 -0.9298
vn 0.4914 0.1133 -0.8635
vn 0.3518 0.3663 -0.8614
vn 0.3402 0.6457 -0.6836
vn 0.4926 0.3032 -0.8157
vn 0.4720 0.4938 -0.7304
vn 0.5573 0.3669 -0.7448
vn -0.9595 -0.0807 0.2698
vn -0.7355 0.6745 0.0649
vn -0.8927 -0.2193 0.3938
vn -0.6720 0.7388 0.0503
vn -0.8586 0.1907 0.4759
vn 0.1149 0.9930 0.0262
vn -0.8465 0.2657 0.4614
vn 0.2701 0.9552 0.1210
vn -0.8723 0.4549 0.1791
vn -0.1470 0.9413 0.3039
vn -0.7895 0.5692 0.2294
vn -0.1157 0.9463 0.3018
vn -0.8480 -0.4471 0.2845
vn -0.4157 0.9076 0.0591
vn -0.8869 -0.3735 0.2718
vn -0.5467 0.8167 0.1848
vn -0.1528 -0.9026 0.4025
vn 0.4521 0.8916 -0.0251
vn -0.0045 -0.8789 0.4769
vn 0.4284 0.9032 -0.0262
vn -0.3640 -0.6906 0.6250
vn 0.9624 0.2393 0.1288
vn -0.3800 -0.6829 0.6239
vn 0.9613 0.0823 0.2630
vn -0.6531 -0.6554 0.3794
vn 0.8095 0.4677 0.3549
vn -0.7266 -0.5299 0.4373
vn 0.7795 0.5226 0.3455
vn 0.1627 -0.9282 0.3347
vn 0.7025 0.7090 0.0610
vn 0.2027 -0.9213 0.3318
vn 0.5810 0.8029 0.1336
vn 0.8773 -0.3961 0.2710
vn 0.9747 -0.1612 0.1548
vn 0.9116 -0.2611 0.3175
vn 0.9893 -0.0573 0.1345
vn 0.6414 -0.5315 0.5532
vn 0.3467 -0.8204 0.4547
vn 0.6843 -0.4871 0.5427
vn 0.4981 -0.7936 0.3494
vn -0.4129 -0.7676 -0.4903
vn -0.4184 -0.5466 -0.7254
vn -0.5434 -0.2912 -0.7873
vn -0.5428 -0.6168 -0.5700
vn -0.5581 -0.4611 -0.6899
vn -0.6174 -0.4978 -0.6091
vn -0.4198 -0.2376 -0.8760
vn -0.6525 -0.0258 -0.7574
vn -0.8258 0.1496 -0.5437
vn -0.6828 -0.1794 -0.7082
vn -0.7971 -0.0493 -0.6018
vn -0.7551 -0.1917 -0.6270
vn -0.6176 0.1459 0.7729
vn -0.7333 0.3739 0.5679
vn -0.7650 0.1748 0.6198
vn -0.5921 -0.1400 0.7936
vn -0.6923 0.0118 0.7215
vn -0.7676 0.0239 0.6405
vn -0.4575 -0.1276 0.8800
vn -0.5510 -0.4195 0.7214
vn -0.6165 -0.6229 0.4817
vn -0.6597 -0.2937 0.6918
vn -0.6947 -0.4414 0.5680
vn -0.7281 -0.3080 0.6123
vn 0.6210 -0.3215 0.7149
vn 0.7168 -0.5116 0.4739
vn 0.7636 -0.3193 0.5612
vn 0.7059 -0.1801 0.6850
vn 0.7754 -0.1823 0.6046
vn 0.4804 -0.0499 0.8756
vn 0.6153 -0.0395 0.7873
vn 0.5916 0.2473 0.7673
vn 0.6876 0.1276 0.7148
vn 0.7305 0.3001 0.6134
vn 0.6656 0.4909 0.5621
vn 0.7586 0.1516 0.6337
vt 0.000000 0.000000
s 1
usemtl Material.001
f 1/1/1 2/1/2 3/1/3
f 2/1/2 1/1/1 4/1/4
f 4/1/4 5/1/5 2/1/2
f 5/1/5 4/1/4 6/1/6
f 2/1/2 5/1/5 7/1/7
f 3/1/3 2/1/2 7/1/7
f 8/1/8 3/1/3 7/1/7
f 9/1/9 8/1/8 7/1/7
f 10/1/10 3/1/3 8/1/8
f 9/1/9 10/1/10 8/1/8
f 3/1/3 10/1/10 11/1/11
f 9/1/9 12/1/12 10/1/10
f 13/1/13 14/1/14 15/1/15
f 14/1/14 13/1/13 16/1/16
f 15/1/15 17/1/17 13/1/13
f 17/1/17 15/1/15 18/1/18
f 13/1/13 17/1/17 19/1/19
f 16/1/16 13/1/13 19/1/19
f 20/1/20 16/1/16 19/1/19
f 16/1/16 20/1/20 21/1/21
f 22/1/22 20/1/20 19/1/19
f 21/1/21 20/1/20 23/1/23
f 23/1/23 20/1/20 22/1/22
f 22/1/22 24/1/24 23/1/23
f 25/1/25 26/1/26 27/1/27
f 26/1/26 25/1/25 28/1/28
f 27/1/27 29/1/29 25/1/25
f 29/1/29 27/1/27 30/1/30
f 25/1/25 29/1/29 31/1/31
f 28/1/28 25/1/25 31/1/31
f 32/1/32 28/1/28 31/1/31
f 28/1/28 32/1/32 33/1/33
f 34/1/34 32/1/32 31/1/31
f 35/1/35 33/1/33 32/1/32
f 34/1/34 35/1/35 32/1/32
f 36/1/36 35/1/35 34/1/34
f 37/1/37 38/1/38 39/1/39
f 39/1/39 40/1/40 37/1/37
f 39/1/39 41/1/41 40/1/40
f 37/1/37 40/1/40 42/1/42
f 43/1/43 40/1/40 41/1/41
f 40/1/40 43/1/43 42/1/42
f 43/1/43 44/1/44 42/1/42
f 45/1/45 44/1/44 43/1/43
f 44/1/44 46/1/46 42/1/42
f 44/1/44 45/1/45 47/1/47
f 47/1/47 46/1/46 44/1/44
f 46/1/46 47/1/47 48/1/48
f 49/1/49 50/1/50 51/1/51
f 50/1/50 49/1/49 52/1/52
f 52/1/52 53/1/53 50/1/50
f 52/1/52 49/1/49 54/1/54
f 53/1/53 52/1/52 55/1/55
f 55/1/55 52/1/52 54/1/54
f 56/1/56 55/1/55 54/1/54
f 55/1/55 56/1/56 57/1/57
f 58/1/58 56/1/56 54/1/54
f 59/1/59 57/1/57 56/1/56
f 59/1/59 56/1/56 58/1/58
f 59/1/59 58/1/58 60/1/60
f 61/1/61 62/1/62 63/1/63
f 62/1/62 61/1/61 64/1/64
f 63/1/63 65/1/65 61/1/61
f 65/1/65 63/1/63 66/1/66
f 61/1/61 65/1/65 67/1/67
f 64/1/64 61/1/61 67/1/67
f 68/1/68 64/1/64 67/1/67
f 64/1/64 68/1/68 69/1/69
f 70/1/70 68/1/68 67/1/67
f 71/1/71 69/1/69 68/1/68
f 70/1/70 71/1/71 68/1/68
f 70/1/70 72/1/72 71/1/71
f 73/1/73 74/1/74 75/1/75
f 74/1/74 76/1/76 75/1/75
f 77/1/77 76/1/76 74/1/74
f 75/1/75 76/1/76 78/1/78
f 79/1/79 76/1/76 77/1/77
f 76/1/76 79/1/79 78/1/78
f 79/1/79 80/1/80 78/1/78
f 81/1/81 80/1/80 79/1/79
f 80/1/80 82/1/82 78/1/78
f 80/1/80 81/1/81 83/1/83
f 83/1/83 82/1/82 80/1/80
f 82/1/82 83/1/83 84/1/84
f 85/1/85 86/1/86 87/1/87
f 88/1/88 86/1/86 85/1/85
f 86/1/86 88/1/88 89/1/89
f 89/1/89 90/1/90 86/1/86
f 86/1/86 90/1/90 87/1/87
f 90/1/90 89/1/89 91/1/91
f 92/1/92 85/1/85 87/1/87
f 85/1/85 92/1/92 93/1/93
f 94/1/94 92/1/92 87/1/87
f 93/1/93 92/1/92 95/1/95
f 96/1/96 92/1/92 94/1/94
f 92/1/92 96/1/96 95/1/95
f 97/1/97 98/1/98 99/1/99
f 98/1/98 97/1/97 100/1/100
f 99/1/99 101/1/101 97/1/97
f 99/1/99 98/1/98 102/1/102
f 101/1/101 99/1/99 103/1/103
f 103/1/103 99/1/99 102/1/102
f 104/1/104 103/1/103 102/1/102
f 103/1/103 104/1/104 105/1/105
f 106/1/106 104/1/104 102/1/102
f 107/1/107 105/1/105 104/1/104
f 106/1/106 107/1/107 104/1/104
f 108/1/108 107/1/107 106/1/106
f 109/1/109 110/1/110 111/1/111
f 110/1/110 112/1/112 111/1/111
f 113/1/113 112/1/112 110/1/110
f 109/1/109 113/1/113 110/1/110
f 112/1/112 113/1/113 114/1/114
f 113/1/113 109/1/109 115/1/115
f 116/1/116 109/1/109 111/1/111
f 116/1/116 117/1/117 109/1/109
f 118/1/118 116/1/116 111/1/111
f 117/1/117 116/1/116 119/1/119
f 119/1/119 116/1/116 118/1/118
f 118/1/118 120/1/120 119/1/119
f 121/1/121 122/1/122 123/1/123
f 122/1/122 124/1/124 123/1/123
f 125/1/125 124/1/124 122/1/122
f 122/1/122 121/1/121 125/1/125
f 124/1/124 125/1/125 126/1/126
f 127/1/127 125/1/125 121/1/121
f 128/1/128 121/1/121 123/1/123
f 121/1/121 128/1/128 129/1/129
f 130/1/130 128/1/128 123/1/123
f 131/1/131 129/1/129 128/1/128
f 130/1/130 131/1/131 128/1/128
f 132/1/132 131/1/131 130/1/130
f 133/1/133 134/1/134 135/1/135
f 134/1/134 133/1/133 136/1/136
f 135/1/135 137/1/137 133/1/133
f 135/1/135 134/1/134 138/1/138
f 137/1/137 135/1/135 139/1/139
f 139/1/139 135/1/135 138/1/138
f 140/1/140 139/1/139 138/1/138
f 139/1/139 140/1/140 141/1/141
f 142/1/142 140/1/140 138/1/138
f 143/1/143 141/1/141 140/1/140
f 142/1/142 143/1/143 140/1/140
f 144/1/144 143/1/143 142/1/142
f 145/1/145 146/1/146 147/1/147
f 147/1/147 148/1/148 145/1/145
f 147/1/147 149/1/149 148/1/148
f 145/1/145 148/1/148 150/1/150
f 151/1/151 148/1/148 149/1/149
f 148/1/148 151/1/151 150/1/150
f 151/1/151 152/1/152 150/1/150
f 153/1/153 152/1/152 151/1/151
f 152/1/152 154/1/154 150/1/150
f 152/1/152 153/1/153 155/1/155
f 155/1/155 154/1/154 152/1/152
f 154/1/154 155/1/155 156/1/156
f 157/1/157 158/1/158 159/1/159
f 160/1/160 158/1/158 157/1/157
f 158/1/158 160/1/160 161/1/161
f 161/1/161 162/1/162 158/1/158
f 158/1/158 162/1/162 159/1/159
f 162/1/162 161/1/161 163/1/163
f 164/1/164 157/1/157 159/1/159
f 157/1/157 164/1/164 165/1/165
f 166/1/166 164/1/164 159/1/159
f 167/1/167 165/1/165 164/1/164
f 168/1/168 164/1/164 166/1/166
f 164/1/164 168/1/168 167/1/167
f 169/1/169 170/1/170 171/1/171
f 170/1/170 169/1/169 172/1/172
f 171/1/171 173/1/173 169/1/169
f 171/1/171 170/1/170 174/1/174
f 173/1/173 171/1/171 175/1/175
f 175/1/175 171/1/171 174/1/174
f 176/1/176 175/1/175 174/1/174
f 175/1/175 176/1/176 177/1/177
f 178/1/178 176/1/176 174/1/174
f 177/1/177 176/1/176 179/1/179
f 178/1/178 179/1/179 176/1/176
f 178/1/178 180/1/180 179/1/179
f 181/1/181 182/1/182 183/1/183
f 184/1/184 181/1/181 183/1/183
f 182/1/182 181/1/181 185/1/185
f 181/1/181 184/1/184 186/1/186
f 185/1/185 187/1/187 182/1/182
f 184/1/184 188/1/188 186/1/186
f 187/1/187 185/1/185 189/1/189
f 190/1/190 186/1/186 188/1/188
f 189/1/189 191/1/191 187/1/187
f 188/1/188 192/1/192 190/1/190
f 193/1/193 187/1/187 191/1/191
f 194/1/194 190/1/190 192/1/192
f 195/1/195 193/1/193 191/1/191
f 192/1/192 196/1/196 194/1/194
f 193/1/193 195/1/195 197/1/197
f 196/1/196 192/1/192 198/1/198
f 195/1/195 199/1/199 197/1/197
f 196/1/196 198/1/198 200/1/200
f 199/1/199 195/1/195 201/1/201
f 200/1/200 202/1/202 196/1/196
f 201/1/201 203/1/203 199/1/199
f 200/1/200 204/1/204 202/1/202
f 203/1/203 201/1/201 205/1/205
f 206/1/206 202/1/202 204/1/204
f 205/1/205 207/1/207 203/1/203
f 204/1/204 208/1/208 206/1/206
f 207/1/207 205/1/205 209/1/209
f 210/1/210 206/1/206 208/1/208
f 211/1/211 207/1/207 209/1/209
f 208/1/208 212/1/212 210/1/210
f 207/1/207 211/1/211 213/1/213
f 212/1/212 208/1/208 214/1/214
f 211/1/211 215/1/215 213/1/213
f 214/1/214 216/1/216 212/1/212
f 215/1/215 211/1/211 217/1/217
f 216/1/216 214/1/214 218/1/218
f 217/1/217 219/1/219 215/1/215
f 218/1/218 220/1/220 216/1/216
f 219/1/219 217/1/217 220/1/220
f 220/1/220 218/1/218 219/1/219
f 221/1/221 222/1/222 223/1/223
f 222/1/222 221/1/221 224/1/224
f 224/1/224 225/1/225 222/1/222
f 225/1/225 224/1/224 226/1/226
f 222/1/222 225/1/225 227/1/227
f 223/1/223 222/1/222 227/1/227
f 228/1/228 223/1/223 227/1/227
f 223/1/223 228/1/228 229/1/229
f 230/1/230 228/1/228 227/1/227
f 229/1/229 228/1/228 231/1/231
f 231/1/231 228/1/228 230/1/230
f 231/1/231 230/1/230 232/1/232
f 233/1/233 234/1/234 235/1/235
f 236/1/236 233/1/233 235/1/235
f 234/1/234 233/1/233 237/1/237
f 233/1/233 236/1/236 238/1/238
f 234/1/234 237/1/237 239/1/239
f 240/1/240 238/1/238 236/1/236
f 239/1/239 241/1/241 234/1/234
f 238/1/238 240/1/240 242/1/242
f 239/1/239 243/1/243 241/1/241
f 240/1/240 244/1/244 242/1/242
f 243/1/243 239/1/239 245/1/245
f 244/1/244 246/1/246 242/1/242
f 247/1/247 243/1/243 245/1/245
f 244/1/244 248/1/248 246/1/246
f 243/1/243 247/1/247 249/1/249
f 248/1/248 244/1/244 250/1/250
f 247/1/247 251/1/251 249/1/249
f 252/1/252 248/1/248 250/1/250
f 251/1/251 247/1/247 253/1/253
f 248/1/248 252/1/252 254/1/254
f 255/1/255 251/1/251 253/1/253
f 256/1/256 254/1/254 252/1/252
f 257/1/257 251/1/251 255/1/255
f 254/1/254 256/1/256 258/1/258
f 255/1/255 259/1/259 257/1/257
f 256/1/256 260/1/260 258/1/258
f 259/1/259 255/1/255 261/1/261
f 260/1/260 262/1/262 258/1/258
f 261/1/261 263/1/263 259/1/259
f 260/1/260 264/1/264 262/1/262
f 263/1/263 261/1/261 265/1/265
f 264/1/264 260/1/260 266/1/266
f 265/1/265 267/1/267 263/1/263
f 266/1/266 268/1/268 264/1/264
f 267/1/267 265/1/265 269/1/269
f 268/1/268 266/1/266 270/1/270
f 267/1/267 269/1/269 271/1/271
f 272/1/272 268/1/268 270/1/270
f 271/1/271 272/1/272 267/1/267
f 268/1/268 272/1/272 271/1/271
f 273/1/273 274/1/274 275/1/275
f 276/1/276 273/1/273 275/1/275
f 274/1/274 273/1/273 277/1/277
f 273/1/273 276/1/276 278/1/278
f 277/1/277 279/1/279 274/1/274
f 276/1/276 280/1/280 278/1/278
f 281/1/281 274/1/274 279/1/279
f 280/1/280 276/1/276 282/1/282
f 279/1/279 283/1/283 281/1/281
f 282/1/282 284/1/284 280/1/280
f 285/1/285 281/1/281 283/1/283
f 286/1/286 280/1/280 284/1/284
f 287/1/287 285/1/285 283/1/283
f 284/1/284 288/1/288 286/1/286
f 285/1/285 287/1/287 289/1/289
f 288/1/288 284/1/284 290/1/290
f 287/1/287 291/1/291 289/1/289
f 288/1/288 290/1/290 292/1/292
f 291/1/291 287/1/287 293/1/293
f 292/1/292 294/1/294 288/1/288
f 293/1/293 295/1/295 291/1/291
f 292/1/292 296/1/296 294/1/294
f 297/1/297 291/1/291 295/1/295
f 296/1/296 292/1/292 298/1/298
f 295/1/295 299/1/299 297/1/297
f 298/1/298 300/1/300 296/1/296
f 301/1/301 297/1/297 299/1/299
f 300/1/300 298/1/298 302/1/302
f 303/1/303 301/1/301 299/1/299
f 302/1/302 304/1/304 300/1/300
f 301/1/301 303/1/303 305/1/305
f 304/1/304 302/1/302 306/1/306
f 303/1/303 307/1/307 305/1/305
f 308/1/308 304/1/304 306/1/306
f 307/1/307 303/1/303 309/1/309
f 304/1/304 308/1/308 310/1/310
f 309/1/309 311/1/311 307/1/307
f 308/1/308 311/1/311 310/1/310
f 311/1/311 309/1/309 312/1/312
f 312/1/312 310/1/310 311/1/311
f 313/1/313 314/1/314 315/1/315
f 314/1/314 316/1/316 315/1/315
f 317/1/317 316/1/316 314/1/314
f 315/1/315 316/1/316 318/1/318
f 319/1/319 316/1/316 317/1/317
f 316/1/316 319/1/319 318/1/318
f 319/1/319 320/1/320 318/1/318
f 321/1/321 320/1/320 319/1/319
f 320/1/320 322/1/322 318/1/318
f 320/1/320 321/1/321 323/1/323
f 323/1/323 322/1/322 320/1/320
f 322/1/322 323/1/323 324/1/324
f 325/1/325 326/1/326 327/1/327
f 326/1/326 325/1/325 328/1/328
f 327/1/327 329/1/329 325/1/325
f 326/1/326 328/1/328 330/1/330
f 329/1/329 327/1/327 331/1/331
f 332/1/332 326/1/326 330/1/330
f 331/1/331 333/1/333 329/1/329
f 334/1/334 332/1/332 330/1/330
f 333/1/333 331/1/331 335/1/335
f 332/1/332 334/1/334 336/1/336
f 335/1/335 337/1/337 333/1/333
f 338/1/338 336/1/336 334/1/334
f 337/1/337 339/1/339 333/1/333
f 336/1/336 338/1/338 340/1/340
f 337/1/337 341/1/341 339/1/339
f 338/1/338 342/1/342 340/1/340
f 341/1/341 337/1/337 343/1/343
f 342/1/342 338/1/338 344/1/344
f 343/1/343 345/1/345 341/1/341
f 346/1/346 342/1/342 344/1/344
f 345/1/345 343/1/343 347/1/347
f 348/1/348 342/1/342 346/1/346
f 347/1/347 349/1/349 345/1/345
f 350/1/350 348/1/348 346/1/346
f 349/1/349 347/1/347 351/1/351
f 348/1/348 350/1/350 352/1/352
f 349/1/349 351/1/351 353/1/353
f 354/1/354 352/1/352 350/1/350
f 353/1/353 355/1/355 349/1/349
f 352/1/352 354/1/354 356/1/356
f 353/1/353 357/1/357 355/1/355
f 354/1/354 358/1/358 356/1/356
f 357/1/357 353/1/353 359/1/359
f 358/1/358 354/1/354 360/1/360
f 359/1/359 361/1/361 357/1/357
f 360/1/360 362/1/362 358/1/358
f 361/1/361 359/1/359 363/1/363
f 362/1/362 360/1/360 364/1/364
f 363/1/363 364/1/364 361/1/361
f 364/1/364 363/1/363 362/1/362
f 365/1/365 366/1/366 367/1/367
f 366/1/366 365/1/365 368/1/368
f 368/1/368 369/1/369 366/1/366
f 369/1/369 368/1/368 370/1/370
f 366/1/366 369/1/369 371/1/371
f 367/1/367 366/1/366 371/1/371
f 372/1/372 367/1/367 371/1/371
f 372/1/372 373/1/373 367/1/367
f 374/1/374 372/1/372 371/1/371
f 373/1/373 372/1/372 375/1/375
f 375/1/375 372/1/372 374/1/374
f 374/1/374 376/1/376 375/1/375
f 377/1/377 378/1/378 379/1/379
f 378/1/378 377/1/377 380/1/380
f 379/1/379 381/1/381 377/1/377
f 381/1/381 379/1/379 382/1/382
f 377/1/377 381/1/381 383/1/383
f 380/1/380 377/1/377 383/1/383
f 384/1/384 380/1/380 383/1/383
f 385/1/385 380/1/380 384/1/384
f 386/1/386 384/1/384 383/1/383
f 387/1/387 385/1/385 384/1/384
f 386/1/386 387/1/387 384/1/384
f 388/1/388 387/1/387 386/1/386
f 389/1/389 390/1/390 391/1/391
f 391/1/391 392/1/392 389/1/389
f 392/1/392 391/1/391 393/1/393
f 389/1/389 392/1/392 394/1/394
f 390/1/390 389/1/389 395/1/395
f 395/1/395 389/1/389 394/1/394
f 396/1/396 395/1/395 394/1/394
f 397/1/397 396/1/396 394/1/394
f 398/1/398 395/1/395 396/1/396
f 397/1/397 398/1/398 396/1/396
f 395/1/395 398/1/398 399/1/399
f 398/1/398 397/1/397 400/1/400
o RenderMesh_124155566482910
v 0.675105 0.530379 -0.080362
v 0.685102 0.501634 -0.102827
v 0.675105 0.530380 -0.102827
v 0.685104 0.501634 -0.080362
v 0.656024 0.539612 -0.102827
v 0.656024 0.539612 -0.080362
v 0.675105 0.530379 0.080361
v 0.685102 0.501634 0.102826
v 0.685104 0.501634 0.080361
v 0.675105 0.530380 0.102826
v 0.656024 0.539612 0.102826
v 0.656024 0.539612 0.080361
v -1.487918 0.295948 -0.084221
v -1.492823 0.330833 -0.078937
v -1.487918 0.330833 -0.098671
v -1.487918 0.365719 -0.084221
v -1.492823 0.302925 -0.067377
v -1.492823 0.358742 -0.067377
v -1.514592 0.295948 -0.084221
v -1.514592 0.365719 -0.084221
v -1.514592 0.302925 -0.067377
v -1.514592 0.358742 -0.067377
v -1.534516 0.289115 -0.081390
v -1.534516 0.372552 -0.081390
v -1.534516 0.296092 -0.064546
v -1.534516 0.365576 -0.064546
v -1.534516 0.275017 -0.055817
v -1.534516 0.386650 -0.055817
v -1.534516 0.261063 -0.069771
v -1.534516 0.400604 -0.069771
v -1.534516 0.249443 -0.041718
v -1.534516 0.412224 -0.041718
v -1.534516 0.266287 -0.034741
v -1.534516 0.395380 -0.034741
v -1.514592 0.263457 -0.027908
v -1.514592 0.398210 -0.027908
v -1.514592 0.246613 -0.034885
v -1.514592 0.415054 -0.034885
v -1.492823 0.263457 -0.027908
v -1.492823 0.398210 -0.027908
v -1.487918 0.246613 -0.034885
v -1.487918 0.415054 -0.034885
v -1.492823 0.251897 -0.000000
v -1.492823 0.409771 -0.000000
v -1.487918 0.232163 -0.000000
v -1.487918 0.429504 -0.000000
v -1.487918 0.246613 0.034885
v -1.487918 0.415054 0.034885
v -1.492823 0.263457 0.027908
v -1.492823 0.398210 0.027908
v -1.514592 0.246613 0.034885
v -1.514592 0.415054 0.034885
v -1.514592 0.263457 0.027908
v -1.514592 0.398210 0.027908
v -1.534516 0.249443 0.041718
v -1.534516 0.412224 0.041718
v -1.534516 0.266287 0.034741
v -1.534516 0.395380 0.034741
v -1.534516 0.275017 0.055817
v -1.534516 0.386650 0.055817
v -1.534516 0.261063 0.069771
v -1.534516 0.400604 0.069771
v -1.534516 0.289115 0.081390
v -1.534516 0.372552 0.081390
v -1.534516 0.296092 0.064546
v -1.534516 0.365576 0.064546
v -1.514592 0.302925 0.067377
v -1.514592 0.358742 0.067377
v -1.514592 0.295948 0.084221
v -1.514592 0.365719 0.084221
v -1.492823 0.302925 0.067377
v -1.492823 0.358742 0.067377
v -1.487918 0.295948 0.084221
v -1.487918 0.365719 0.084221
v -1.492823 0.330833 0.078937
v -1.487918 0.330833 0.098671
v -1.492823 0.330833 -0.078937
v -1.440602 0.349725 -0.045609
v -1.492823 0.358742 -0.067377
v -1.440602 0.330833 -0.053435
v -1.440602 0.369535 -0.038701
v -1.440602 0.311941 -0.045609
v -1.492823 0.388004 -0.057171
v -1.492823 0.302925 -0.067377
v -1.492823 0.398210 -0.027908
v -1.440602 0.292132 -0.038701
v -1.440602 0.376443 -0.018892
v -1.492823 0.273662 -0.057171
v -1.492823 0.409771 -0.000000
v -1.492823 0.263457 -0.027908
v -1.440602 0.384269 -0.000000
v -1.440602 0.285224 -0.018892
v -1.440602 0.376443 0.018892
v -1.492823 0.251897 -0.000000
v -1.492823 0.398210 0.027908
v -1.440602 0.277399 -0.000000
v -1.440602 0.369535 0.038701
v -1.440602 0.285224 0.018892
v -1.492823 0.388004 0.057171
v -1.492823 0.263457 0.027908
v -1.492823 0.358742 0.067377
v -1.440602 0.292132 0.038701
v -1.440602 0.349725 0.045609
v -1.492823 0.273662 0.057171
v -1.492823 0.330833 0.078937
v -1.492823 0.302925 0.067377
v -1.440602 0.330833 0.053435
v -1.440602 0.311941 0.045609
v 0.147265 0.609633 0.133701
v 0.147265 0.640676 0.164451
v 0.099995 0.609633 0.114121
v 0.205407 0.676324 0.140368
v 0.147265 0.676324 0.164451
v 0.194535 0.609633 0.114121
v 0.205407 0.640676 0.140368
v 0.241806 0.609633 0.094541
v 0.263550 0.676324 0.116285
v 0.205407 0.702475 0.140368
v 0.216795 0.722010 0.135651
v 0.263550 0.722010 0.116285
v 0.282916 0.722010 0.069530
v 0.287632 0.702475 0.058142
v 0.287632 0.676324 0.058142
v 0.263550 0.640676 0.116285
v 0.287632 0.640676 0.058142
v 0.311716 0.676324 -0.000000
v 0.261386 0.609633 0.047270
v 0.311716 0.640676 -0.000000
v 0.280966 0.609633 -0.000000
v 0.287632 0.676324 -0.058142
v 0.261386 0.609633 -0.047270
v 0.287632 0.640676 -0.058142
v 0.241806 0.609633 -0.094541
v 0.263550 0.676324 -0.116285
v 0.287632 0.702475 -0.058142
v 0.282916 0.722010 -0.069530
v 0.263550 0.722010 -0.116285
v 0.216795 0.722010 -0.135651
v 0.205407 0.702475 -0.140368
v 0.205407 0.676324 -0.140368
v 0.263550 0.640676 -0.116285
v 0.205407 0.640676 -0.140368
v 0.147265 0.676324 -0.164451
v 0.194535 0.609633 -0.114121
v 0.147265 0.640676 -0.164451
v 0.040273 0.414446 -0.052951
v 0.040273 0.621271 -0.052951
v 0.040273 0.621271 0.052951
v 0.040273 0.414446 0.052951
v 0.040273 0.637430 0.041115
v 0.040273 0.637430 -0.041115
v -1.210878 0.640676 -0.140368
v -1.247277 0.609633 -0.094541
v -1.269020 0.640676 -0.116285
v -1.200006 0.609633 -0.114121
v -1.293104 0.640676 -0.058142
v -1.152736 0.640676 -0.164451
v -1.152736 0.609633 -0.133701
v -1.105466 0.609633 -0.114121
v -1.266857 0.609633 -0.047270
v -1.210878 0.676324 -0.140368
v -1.152736 0.676324 -0.164451
v -1.269020 0.676324 -0.116285
v -1.210878 0.702475 -0.140368
v -1.222267 0.722010 -0.135651
v -1.269020 0.722010 -0.116285
v -1.288386 0.722010 -0.069530
v -1.293104 0.702475 -0.058142
v -1.293104 0.676324 -0.058142
v -1.317186 0.676324 -0.000000
v -1.317186 0.640676 -0.000000
v -1.286436 0.609633 -0.000000
v -1.293104 0.676324 0.058142
v -1.266857 0.609633 0.047270
v -1.293104 0.640676 0.058142
v -1.247277 0.609633 0.094541
v -1.269020 0.676324 0.116285
v -1.293104 0.702475 0.058142
v -1.288386 0.722010 0.069530
v -1.269020 0.722010 0.116285
v -1.222267 0.722010 0.135651
v -1.210878 0.702475 0.140368
v -1.210878 0.676324 0.140368
v -1.269020 0.640676 0.116285
v -1.210878 0.640676 0.140368
v -1.152736 0.676324 0.164451
v -1.200006 0.609633 0.114121
v -1.152736 0.640676 0.164451
v -0.011929 0.258196 -0.035082
v -0.024448 0.134413 0.035643
v -0.024448 0.134413 -0.035082
v -0.011929 0.258196 0.035643
v 0.051506 0.042023 0.035643
v 0.051506 0.042023 -0.035082
v 0.083223 -0.066063 0.035643
v 0.083223 -0.066063 -0.035082
v 0.114940 -0.174150 0.035643
v 0.114940 -0.174150 -0.035082
v 0.089362 0.722010 -0.107577
v 0.051980 0.681133 -0.095285
v 0.100751 0.702475 -0.112294
v 0.100751 0.681133 -0.112294
v 0.054236 0.722010 -0.093028
v 0.039688 0.722010 -0.057902
v 0.034971 0.702475 -0.046514
v 0.034971 0.681133 -0.046514
v 0.039688 0.722010 0.057902
v 0.051980 0.681133 0.095285
v 0.034971 0.702475 0.046514
v 0.034971 0.681133 0.046514
v 0.054236 0.722010 0.093028
v 0.089362 0.722010 0.107577
v 0.100751 0.702475 0.112294
v 0.100751 0.681133 0.112294
v -1.322735 0.101751 0.122468
v -1.368898 0.150481 0.077930
v -1.333094 0.084989 0.077930
v -1.352735 0.161751 0.122468
v -0.545195 0.083546 0.077930
v -0.552735 0.101751 0.122468
v -1.402736 0.214984 0.135571
v -0.522736 0.131751 0.122468
v -0.515195 0.113546 0.077930
v -0.302735 0.131751 0.122468
v -0.545195 0.083546 -0.077930
v -0.300253 0.112203 0.077930
v 0.007265 0.211751 0.122468
v -0.515195 0.113546 -0.077930
v -0.300253 0.112203 -0.077930
v -0.302735 0.131751 -0.122468
v -0.522736 0.131751 -0.122468
v 0.007265 0.211751 -0.122468
v -0.552735 0.101751 -0.122468
v -1.322735 0.101751 -0.122468
v 0.009747 0.192203 -0.077930
v 0.009747 0.192203 0.077930
v 0.218730 0.193991 -0.077930
v 0.227264 0.211751 -0.122468
v 0.267265 0.161751 -0.122468
v 0.218730 0.193991 0.077930
v 0.227264 0.211751 0.122468
v 0.267265 0.161751 0.122468
v 0.248736 0.155048 -0.077930
v 0.268643 0.090773 -0.122468
v 0.248736 0.155048 0.077930
v 0.268643 0.090773 0.122468
v 0.250550 0.082969 -0.077930
v 0.298665 0.035779 -0.077930
v 0.306116 0.054019 -0.122468
v 0.250550 0.082969 0.077930
v 0.399515 0.054019 -0.122468
v 0.298665 0.035779 0.077930
v 0.306116 0.054019 0.122468
v 0.399515 0.054019 0.122468
v 0.409216 0.036869 -0.077930
v 0.409216 0.036869 0.077930
v 0.463483 0.127277 0.077930
v 0.463483 0.127277 -0.077930
v 0.453878 0.144482 -0.122468
v 0.738749 0.141217 -0.122468
v 0.453878 0.144482 0.122468
v 0.738749 0.141217 0.122468
v 0.729897 0.123613 -0.077930
v 0.837264 0.011751 -0.122468
v 0.729897 0.123613 0.077930
v 0.837264 0.011751 0.122468
v 0.828514 -0.005904 -0.077930
v 1.057264 -0.007954 -0.077930
v 1.057264 0.011751 -0.122468
v 0.828514 -0.005904 0.077930
v 1.057264 -0.007954 0.077930
v 1.057264 0.011751 0.122468
v -1.059707 0.722010 -0.093028
v -1.057451 0.681133 -0.095285
v -1.045158 0.722010 -0.057902
v -1.040441 0.702475 -0.046514
v -1.040441 0.681133 -0.046514
v -1.094833 0.722010 -0.107577
v -1.106221 0.702475 -0.112294
v -1.106221 0.681133 -0.112294
v -1.057451 0.681133 0.095285
v -1.106221 0.702475 0.112294
v -1.094833 0.722010 0.107577
v -1.106221 0.681133 0.112294
v -1.059707 0.722010 0.093028
v -1.045158 0.722010 0.057902
v -1.040441 0.702475 0.046514
v -1.040441 0.681133 0.046514
v 0.089123 0.676324 -0.140368
v 0.147265 0.681133 -0.131561
v 0.147265 0.676324 -0.164451
v 0.205407 0.676324 -0.140368
v 0.100751 0.681133 -0.112294
v 0.193779 0.681133 -0.112294
v 0.089123 0.702475 -0.140368
v 0.205407 0.702475 -0.140368
v 0.100751 0.702475 -0.112294
v 0.193779 0.702475 -0.112294
v 0.077734 0.722010 -0.135651
v 0.216795 0.722010 -0.135651
v 0.089362 0.722010 -0.107577
v 0.205167 0.722010 -0.107577
v 0.054236 0.722010 -0.093028
v 0.240293 0.722010 -0.093028
v 0.030980 0.722010 -0.116285
v 0.263550 0.722010 -0.116285
v 0.011614 0.722010 -0.069530
v 0.282916 0.722010 -0.069530
v 0.039688 0.722010 -0.057902
v 0.254842 0.722010 -0.057902
v 0.034971 0.702475 -0.046514
v 0.259559 0.702475 -0.046514
v 0.006897 0.702475 -0.058142
v 0.287632 0.702475 -0.058142
v 0.034971 0.681133 -0.046514
v 0.259559 0.681133 -0.046514
v 0.006897 0.676324 -0.058142
v 0.287632 0.676324 -0.058142
v 0.015703 0.681133 -0.000000
v 0.278825 0.681133 -0.000000
v -0.017186 0.676324 -0.000000
v 0.311716 0.676324 -0.000000
v 0.006897 0.676324 0.058142
v 0.287632 0.676324 0.058142
v 0.034971 0.681133 0.046514
v 0.259559 0.681133 0.046514
v 0.006897 0.702475 0.058142
v 0.287632 0.702475 0.058142
v 0.034971 0.702475 0.046514
v 0.259559 0.702475 0.046514
v 0.011614 0.722010 0.069530
v 0.282916 0.722010 0.069530
v 0.039688 0.722010 0.057902
v 0.254842 0.722010 0.057902
v 0.054236 0.722010 0.093028
v 0.240293 0.722010 0.093028
v 0.030980 0.722010 0.116285
v 0.263550 0.722010 0.116285
v 0.077734 0.722010 0.135651
v 0.216795 0.722010 0.135651
v 0.089362 0.722010 0.107577
v 0.205167 0.722010 0.107577
v 0.100751 0.702475 0.112294
v 0.193779 0.702475 0.112294
v 0.089123 0.702475 0.140368
v 0.205407 0.702475 0.140368
v 0.100751 0.681133 0.112294
v 0.193779 0.681133 0.112294
v 0.089123 0.676324 0.140368
v 0.205407 0.676324 0.140368
v 0.147265 0.681133 0.131561
v 0.147265 0.676324 0.164451
v -1.210878 0.676324 -0.140368
v -1.152736 0.681133 -0.131561
v -1.152736 0.676324 -0.164451
v -1.094593 0.676324 -0.140368
v -1.199249 0.681133 -0.112294
v -1.106221 0.681133 -0.112294
v -1.210878 0.702475 -0.140368
v -1.094593 0.702475 -0.140368
v -1.199249 0.702475 -0.112294
v -1.106221 0.702475 -0.112294
v -1.222267 0.722010 -0.135651
v -1.083205 0.722010 -0.135651
v -1.210637 0.722010 -0.107577
v -1.094833 0.722010 -0.107577
v -1.245764 0.722010 -0.093028
v -1.059707 0.722010 -0.093028
v -1.269020 0.722010 -0.116285
v -1.036450 0.722010 -0.116285
v -1.288386 0.722010 -0.069530
v -1.017085 0.722010 -0.069530
v -1.260312 0.722010 -0.057902
v -1.045158 0.722010 -0.057902
v -1.265030 0.702475 -0.046514
v -1.040441 0.702475 -0.046514
v -1.293104 0.702475 -0.058142
v -1.012368 0.702475 -0.058142
v -1.265030 0.681133 -0.046514
v -1.040441 0.681133 -0.046514
v -1.293104 0.676324 -0.058142
v -1.012368 0.676324 -0.058142
v -1.284296 0.681133 -0.000000
v -1.021174 0.681133 -0.000000
v -1.317186 0.676324 -0.000000
v -0.988285 0.676324 -0.000000
v -1.293104 0.676324 0.058142
v -1.012368 0.676324 0.058142
v -1.265030 0.681133 0.046514
v -1.040441 0.681133 0.046514
v -1.293104 0.702475 0.058142
v -1.012368 0.702475 0.058142
v -1.265030 0.702475 0.046514
v -1.040441 0.702475 0.046514
v -1.288386 0.722010 0.069530
v -1.017085 0.722010 0.069530
v -1.260312 0.722010 0.057902
v -1.045158 0.722010 0.057902
v -1.245764 0.722010 0.093028
v -1.059707 0.722010 0.093028
v -1.269020 0.722010 0.116285
v -1.036450 0.722010 0.116285
v -1.222267 0.722010 0.135651
v -1.083205 0.722010 0.135651
v -1.210637 0.722010 0.107577
v -1.094833 0.722010 0.107577
v -1.199249 0.702475 0.112294
v -1.106221 0.702475 0.112294
v -1.210878 0.702475 0.140368
v -1.094593 0.702475 0.140368
v -1.199249 0.681133 0.112294
v -1.106221 0.681133 0.112294
v -1.210878 0.676324 0.140368
v -1.094593 0.676324 0.140368
v -1.152736 0.681133 0.131561
v -1.152736 0.676324 0.164451
v -0.028118 0.658203 -0.023870
v -0.028118 0.627768 -0.046336
v -0.028118 0.658203 -0.046336
v -0.028118 0.627768 -0.023870
v -0.043106 0.673191 -0.046336
v -0.043106 0.673191 -0.023870
v -0.241618 0.673191 -0.023870
v -0.241618 0.673191 -0.046336
v -0.256607 0.658203 -0.046336
v -0.256607 0.658203 -0.023870
v -0.256607 0.627768 -0.023870
v -0.256607 0.627768 -0.046336
v -0.388118 0.658203 -0.023870
v -0.388118 0.627768 -0.046336
v -0.388118 0.658203 -0.046336
v -0.388118 0.627768 -0.023870
v -0.403106 0.673191 -0.046336
v -0.403106 0.673191 -0.023870
v -0.601619 0.673191 -0.023870
v -0.601619 0.673191 -0.046336
v -0.616607 0.658203 -0.046336
v -0.616607 0.658203 -0.023870
v -0.616607 0.627768 -0.023870
v -0.616607 0.627768 -0.046336
v -0.748118 0.658203 -0.023870
v -0.748118 0.627768 -0.046336
v -0.748118 0.658203 -0.046336
v -0.748118 0.627768 -0.023870
v -0.763106 0.673191 -0.046336
v -0.763106 0.673191 -0.023870
v -0.961619 0.673191 -0.023870
v -0.961619 0.673191 -0.046336
v -0.976607 0.658203 -0.046336
v -0.976607 0.658203 -0.023870
v -0.976607 0.627768 -0.023870
v -0.976607 0.627768 -0.046336
v -0.028118 0.658203 0.023870
v -0.028118 0.627768 0.046335
v -0.028118 0.627768 0.023870
v -0.028118 0.658203 0.046335
v -0.043106 0.673191 0.046335
v -0.043106 0.673191 0.023870
v -0.241618 0.673191 0.023870
v -0.241618 0.673191 0.046335
v -0.256607 0.658203 0.046335
v -0.256607 0.658203 0.023870
v -0.256607 0.627768 0.023870
v -0.256607 0.627768 0.046335
v -0.388118 0.658203 0.023870
v -0.388118 0.627768 0.046336
v -0.388118 0.627768 0.023870
v -0.388118 0.658203 0.046336
v -0.403106 0.673191 0.046336
v -0.403106 0.673191 0.023870
v -0.601619 0.673191 0.023870
v -0.601619 0.673191 0.046336
v -0.616607 0.658203 0.046336
v -0.616607 0.658203 0.023870
v -0.616607 0.627768 0.023870
v -0.616607 0.627768 0.046336
v -0.748118 0.658203 0.023871
v -0.748118 0.627768 0.046336
v -0.748118 0.627768 0.023871
v -0.748118 0.658203 0.046336
v -0.763106 0.673191 0.046336
v -0.763106 0.673191 0.023871
v -0.961619 0.673191 0.023871
v -0.961619 0.673191 0.046336
v -0.976607 0.658203 0.046336
v -0.976607 0.658203 0.023871
v -0.976607 0.627768 0.023871
v -0.976607 0.627768 0.046336
v 0.213030 0.660381 -0.065766
v 0.186013 0.629938 -0.093545
v 0.179369 0.660381 -0.077506
v 0.226640 0.629938 -0.079376
v 0.240810 0.629938 -0.038748
v 0.147265 0.629938 -0.109595
v 0.224771 0.660381 -0.032104
v 0.256860 0.629938 -0.000000
v 0.197624 0.676736 -0.050360
v 0.147265 0.660381 -0.090804
v 0.238068 0.660381 -0.000000
v 0.171848 0.676736 -0.059349
v 0.224771 0.660381 0.032104
v 0.206614 0.676736 -0.024583
v 0.240810 0.629938 0.038748
v 0.147265 0.694247 -0.000000
v 0.147265 0.676736 -0.069532
v 0.115161 0.660381 -0.077506
v 0.108517 0.629938 -0.093545
v 0.122681 0.676736 -0.059349
v 0.081499 0.660381 -0.065766
v 0.067888 0.629938 -0.079376
v 0.053719 0.629938 -0.038748
v 0.096905 0.676736 -0.050360
v 0.069759 0.660381 -0.032104
v 0.037670 0.629938 -0.000000
v 0.087916 0.676736 -0.024583
v 0.056460 0.660381 -0.000000
v 0.077733 0.676736 -0.000000
v 0.069759 0.660381 0.032104
v 0.053719 0.629938 0.038748
v 0.087916 0.676736 0.024583
v 0.081499 0.660381 0.065766
v 0.067888 0.629938 0.079376
v 0.108517 0.629938 0.093545
v 0.096905 0.676736 0.050360
v 0.115161 0.660381 0.077506
v 0.147265 0.629938 0.109595
v 0.122681 0.676736 0.059349
v 0.147265 0.660381 0.090804
v 0.147265 0.676736 0.069532
v 0.179369 0.660381 0.077506
v 0.186013 0.629938 0.093545
v 0.171848 0.676736 0.059349
v 0.213030 0.660381 0.065766
v 0.226640 0.629938 0.079376
v 0.197624 0.676736 0.050360
v 0.206614 0.676736 0.024583
v 0.216796 0.676736 -0.000000
v 0.186013 0.629938 -0.093545
v 0.147265 0.681133 -0.131561
v 0.147265 0.629938 -0.109595
v 0.108517 0.629938 -0.093545
v 0.193779 0.681133 -0.112294
v 0.100751 0.681133 -0.112294
v 0.226640 0.629938 -0.079376
v 0.067888 0.629938 -0.079376
v 0.242550 0.681133 -0.095285
v 0.051980 0.681133 -0.095285
v 0.259559 0.681133 -0.046514
v 0.034971 0.681133 -0.046514
v 0.240810 0.629938 -0.038748
v 0.053719 0.629938 -0.038748
v 0.278825 0.681133 -0.000000
v 0.015703 0.681133 -0.000000
v 0.256860 0.629938 -0.000000
v 0.037670 0.629938 -0.000000
v 0.240810 0.629938 0.038748
v 0.053719 0.629938 0.038748
v 0.259559 0.681133 0.046514
v 0.034971 0.681133 0.046514
v 0.226640 0.629938 0.079376
v 0.067888 0.629938 0.079376
v 0.242550 0.681133 0.095285
v 0.051980 0.681133 0.095285
v 0.193779 0.681133 0.112294
v 0.100751 0.681133 0.112294
v 0.186013 0.629938 0.093545
v 0.108517 0.629938 0.093545
v 0.147265 0.681133 0.131561
v 0.147265 0.629938 0.109595
v -1.113987 0.629938 -0.093545
v -1.152736 0.681133 -0.131561
v -1.152736 0.629938 -0.109595
v -1.191483 0.629938 -0.093545
v -1.106221 0.681133 -0.112294
v -1.199249 0.681133 -0.112294
v -1.073359 0.629938 -0.079376
v -1.232112 0.629938 -0.079376
v -1.057451 0.681133 -0.095285
v -1.248021 0.681133 -0.095285
v -1.040441 0.681133 -0.046514
v -1.265030 0.681133 -0.046514
v -1.059190 0.629938 -0.038748
v -1.246281 0.629938 -0.038748
v -1.021174 0.681133 -0.000000
v -1.284296 0.681133 -0.000000
v -1.043141 0.629938 -0.000000
v -1.262331 0.629938 -0.000000
v -1.059190 0.629938 0.038748
v -1.246281 0.629938 0.038748
v -1.040441 0.681133 0.046514
v -1.265030 0.681133 0.046514
v -1.073359 0.629938 0.079376
v -1.232112 0.629938 0.079376
v -1.057451 0.681133 0.095285
v -1.248021 0.681133 0.095285
v -1.106221 0.681133 0.112294
v -1.199249 0.681133 0.112294
v -1.113987 0.629938 0.093545
v -1.191483 0.629938 0.093545
v -1.152736 0.681133 0.131561
v -1.152736 0.629938 0.109595
v -1.113987 0.629938 -0.093545
v -1.109825 0.654748 -0.042911
v -1.073359 0.629938 -0.079376
v -1.059190 0.629938 -0.038748
v -1.131788 0.654748 -0.050571
v -1.102164 0.654748 -0.020947
v -1.093488 0.654748 -0.000000
v -1.043141 0.629938 -0.000000
v -1.059190 0.629938 0.038748
v -1.102164 0.654748 0.020947
v -1.109825 0.654748 0.042911
v -1.073359 0.629938 0.079376
v -1.113987 0.629938 0.093545
v -1.131788 0.654748 0.050571
v -1.152736 0.654748 0.059247
v -1.152736 0.629938 0.109595
v -1.191483 0.629938 0.093545
v -1.173682 0.654748 0.050571
v -1.203306 0.654748 0.020947
v -1.195646 0.654748 0.042911
v -1.232112 0.629938 0.079376
v -1.246281 0.629938 0.038748
v -1.211982 0.654748 -0.000000
v -1.262331 0.629938 -0.000000
v -1.246281 0.629938 -0.038748
v -1.203306 0.654748 -0.020947
v -1.195646 0.654748 -0.042911
v -1.232112 0.629938 -0.079376
v -1.191483 0.629938 -0.093545
v -1.173682 0.654748 -0.050571
v -1.152736 0.654748 -0.059247
v -1.152736 0.629938 -0.109595
v -1.071656 0.637430 0.041115
v 0.040273 0.637430 0.041115
v -1.071656 0.637430 -0.041115
v 0.040273 0.637430 -0.041115
v 1.107264 0.374994 -0.137936
v -1.368483 0.389858 -0.137936
v 0.447648 0.421751 -0.104973
v -1.309122 0.421751 -0.104973
v 0.817264 0.551752 -0.104973
v 1.047264 0.551752 -0.104973
v -1.132669 0.317572 -0.155420
v -1.101804 0.350316 -0.162399
v -1.066933 0.364672 -0.155174
v -1.146896 0.277175 -0.146533
v -1.402736 0.341578 -0.166730
v -1.402736 0.214984 -0.135571
v -1.352735 0.161751 -0.122468
v -1.146896 0.152020 -0.122468
v -1.322735 0.101751 -0.122468
v -0.986971 0.152020 -0.122468
v -0.552735 0.101751 -0.122468
v -0.816896 0.152020 -0.122468
v -0.986971 0.277175 -0.144667
v -0.656971 0.152020 -0.122468
v -0.816896 0.277175 -0.141830
v -0.522736 0.131751 -0.122468
v -1.001196 0.317572 -0.153887
v -0.302735 0.131751 -0.122468
v -0.802669 0.317572 -0.150718
v -0.656971 0.277175 -0.139965
v -0.771804 0.350316 -0.157697
v -0.671197 0.317572 -0.149185
v -1.032063 0.350316 -0.161586
v 0.007265 0.211751 -0.122468
v -0.702062 0.350316 -0.156883
v -0.736934 0.364672 -0.154033
v 0.227264 0.211751 -0.122468
v 0.453878 0.144482 -0.122468
v 0.267265 0.161751 -0.122468
v 0.738749 0.141217 -0.122468
v 1.057264 0.011751 -0.122468
v 0.837264 0.011751 -0.122468
v 0.399515 0.054019 -0.122468
v 0.306116 0.054019 -0.122468
v 0.268643 0.090773 -0.122468
v -1.368483 0.389858 0.137936
v 0.447648 0.421751 0.104973
v -1.309122 0.421751 0.104973
v 1.107264 0.374994 0.137936
v 0.817264 0.551752 0.104973
v 1.047264 0.551752 0.104973
v -1.132669 0.317572 0.132987
v -1.101804 0.350316 0.135054
v -1.066933 0.364672 0.135967
v -1.146896 0.277175 0.130445
v -1.402736 0.341578 0.166730
v -1.402736 0.214984 0.135571
v -1.352735 0.161751 0.122468
v -1.146896 0.152020 0.122468
v -1.322735 0.101751 0.122468
v -0.986971 0.152020 0.122468
v -0.552735 0.101751 0.122468
v -0.736934 0.364672 0.136097
v -1.032063 0.350316 0.135076
v -0.771804 0.350316 0.135184
v -1.001196 0.317572 0.133029
v -0.802669 0.317572 0.133117
v -0.816896 0.277175 0.130575
v -0.986971 0.277175 0.130497
v -0.816896 0.152020 0.122468
v -0.656971 0.152020 0.122468
v -0.522736 0.131751 0.122468
v -0.302735 0.131751 0.122468
v -0.656971 0.277175 0.130627
v -0.671196 0.317572 0.133160
v 0.007265 0.211751 0.122468
v -0.702062 0.350316 0.135206
v 0.227264 0.211751 0.122468
v 0.453878 0.144482 0.122468
v 0.267265 0.161751 0.122468
v 0.738749 0.141217 0.122468
v 1.057264 0.011751 0.122468
v 0.837264 0.011751 0.122468
v 0.399515 0.054019 0.122468
v 0.306116 0.054019 0.122468
v 0.268643 0.090773 0.122468
v 0.437921 0.418100 -0.102827
v 0.304197 0.462451 -0.102827
v 0.422705 0.463449 -0.102827
v 0.437769 0.448535 -0.102827
v 0.289436 0.416953 -0.102827
v 0.289283 0.447387 -0.102827
v 0.685102 0.501634 -0.102827
v 0.656024 0.539612 -0.102827
v 0.675105 0.530380 -0.102827
v 0.544221 0.500300 -0.102827
v 0.544987 0.452474 -0.102827
v 0.534988 0.481219 -0.102827
v 0.437921 0.418100 0.102826
v 0.422705 0.463449 0.102826
v 0.304197 0.462451 0.102827
v 0.437769 0.448535 0.102826
v 0.289436 0.416953 0.102827
v 0.289283 0.447387 0.102827
v 0.685102 0.501634 0.102826
v 0.656024 0.539612 0.102826
v 0.544221 0.500300 0.102826
v 0.675105 0.530380 0.102826
v 0.544987 0.452474 0.102826
v 0.534988 0.481219 0.102826
v -0.024448 0.134413 0.035643
v -0.073742 0.245796 0.090062
v -0.086110 0.121336 0.090062
v -0.011929 0.258196 0.035643
v -0.323004 0.195795 0.081591
v -0.010006 0.028269 0.090062
v 0.051506 0.042023 0.035643
v -0.271027 0.084301 0.081591
v -0.309856 0.076067 0.052008
v -0.361928 0.187987 0.052008
v -0.258046 -0.027192 0.081591
v -0.296779 -0.035854 0.052008
v -0.250480 -0.147774 0.052008
v -0.193088 -0.250180 0.081591
v -0.231631 -0.259694 0.052008
v -0.211496 -0.138686 0.081591
v -0.139607 -0.236980 0.083426
v -0.168797 -0.128039 0.083141
v -0.168289 -0.074972 0.083771
v -0.148363 -0.030083 0.084979
v -0.119015 -0.004880 0.086225
v -0.080997 -0.012032 0.087319
v -0.041296 -0.040944 0.088318
v 0.021863 -0.080494 0.090062
v -0.013602 -0.089337 0.088775
v 0.015688 -0.198648 0.088757
v 0.083223 -0.066063 0.035643
v 0.053731 -0.189258 0.090062
v 0.114940 -0.174150 0.035643
v -0.323004 0.195795 -0.081030
v -0.073742 0.245796 -0.089502
v -0.086110 0.121336 -0.089502
v -0.011929 0.258196 -0.035082
v -0.024448 0.134413 -0.035082
v -0.271027 0.084301 -0.081030
v -0.309856 0.076067 -0.051447
v -0.361928 0.187987 -0.051447
v -0.258046 -0.027192 -0.081030
v -0.296779 -0.035854 -0.051447
v -0.010006 0.028269 -0.089502
v 0.051506 0.042023 -0.035082
v -0.250136 -0.147774 -0.051447
v 0.021863 -0.080494 -0.089502
v 0.083223 -0.066063 -0.035082
v 0.053731 -0.189258 -0.089502
v 0.114940 -0.174150 -0.035082
v 0.015688 -0.198648 -0.088196
v -0.013602 -0.089337 -0.088214
v -0.041296 -0.040944 -0.087849
v -0.080997 -0.012032 -0.086848
v -0.119015 -0.004880 -0.085696
v -0.148363 -0.030083 -0.084519
v -0.168289 -0.074972 -0.083325
v -0.211499 -0.138686 -0.081030
v -0.168797 -0.128038 -0.082580
v -0.139607 -0.236980 -0.082866
v -0.193088 -0.250180 -0.081030
v -0.231631 -0.259694 -0.051447
v 0.040273 0.621271 0.052951
v -1.071656 0.637430 0.041115
v -1.071656 0.621271 0.052951
v 0.040273 0.637430 0.041115
v -0.097061 0.603584 0.052951
v -0.934323 0.603584 0.052951
v -0.029496 0.536019 0.052951
v 0.040273 0.414446 0.052951
v -0.029496 0.414446 0.052951
v -0.054113 0.525823 0.040404
v -0.054113 0.414446 0.040404
v -0.107257 0.578967 0.040404
v -0.924126 0.578967 0.040404
v -1.001887 0.536019 0.052951
v -1.071656 0.414446 0.052951
v -0.977271 0.525823 0.040404
v -1.001887 0.414446 0.052951
v -0.977271 0.414446 0.040404
v 0.040273 0.637430 -0.041115
v -1.071656 0.621271 -0.052951
v -1.071656 0.637430 -0.041115
v 0.040273 0.621271 -0.052951
v -0.097061 0.603584 -0.052951
v -0.029496 0.536019 -0.052951
v 0.040273 0.414446 -0.052951
v -0.029496 0.414446 -0.052951
v -0.054113 0.525823 -0.040404
v -0.054113 0.414446 -0.040404
v -0.107257 0.578967 -0.040404
v -0.934323 0.603584 -0.052951
v -0.924126 0.578967 -0.040404
v -1.001887 0.536019 -0.052951
v -1.071656 0.414446 -0.052951
v -0.977271 0.525823 -0.040404
v -1.001887 0.414446 -0.052951
v -0.977271 0.414446 -0.040404
v -0.028118 0.627768 0.046335
v -0.043106 0.673191 0.046335
v -0.241618 0.673191 0.046335
v -0.028118 0.658203 0.046335
v -0.256607 0.627768 0.046335
v -0.256607 0.658203 0.046335
v -0.388118 0.627768 0.046336
v -0.403106 0.673191 0.046336
v -0.601619 0.673191 0.046336
v -0.388118 0.658203 0.046336
v -0.616607 0.627768 0.046336
v -0.616607 0.658203 0.046336
v -0.748118 0.627768 0.046336
v -0.763106 0.673191 0.046336
v -0.961619 0.673191 0.046336
v -0.748118 0.658203 0.046336
v -0.976607 0.627768 0.046336
v -0.976607 0.658203 0.046336
v -0.028118 0.627768 -0.046336
v -0.241618 0.673191 -0.046336
v -0.043106 0.673191 -0.046336
v -0.028118 0.658203 -0.046336
v -0.256607 0.627768 -0.046336
v -0.256607 0.658203 -0.046336
v -0.388118 0.627768 -0.046336
v -0.601619 0.673191 -0.046336
v -0.403106 0.673191 -0.046336
v -0.388118 0.658203 -0.046336
v -0.616607 0.627768 -0.046336
v -0.616607 0.658203 -0.046336
v -0.748118 0.627768 -0.046336
v -0.961619 0.673191 -0.046336
v -0.763106 0.673191 -0.046336
v -0.748118 0.658203 -0.046336
v -0.976607 0.627768 -0.046336
v -0.976607 0.658203 -0.046336
v 0.052724 0.609633 0.094541
v 0.052724 0.345920 0.094541
v 0.099995 0.345920 0.114121
v 0.033144 0.609633 0.047270
v 0.099995 0.609633 0.114121
v 0.033144 0.345920 0.047270
v 0.013565 0.609633 -0.000000
v 0.013565 0.345920 -0.000000
v 0.033144 0.609633 -0.047270
v 0.033144 0.345920 -0.047270
v 0.052724 0.609633 -0.094541
v 0.052724 0.345920 -0.094541
v 0.099995 0.609633 -0.114121
v 0.099995 0.345920 -0.114121
v 0.147265 0.609633 -0.133701
v 0.147265 0.345920 -0.133701
v 0.194535 0.609633 -0.114121
v 0.194535 0.345920 -0.114121
v 0.241806 0.609633 -0.094541
v 0.241806 0.345920 -0.094541
v 0.261386 0.609633 -0.047270
v 0.261386 0.345920 -0.047270
v 0.280966 0.609633 -0.000000
v 0.280966 0.345920 -0.000000
v 0.261386 0.609633 0.047270
v 0.261386 0.345920 0.047270
v 0.241806 0.609633 0.094541
v 0.241806 0.345920 0.094541
v 0.194535 0.609633 0.114121
v 0.194535 0.345920 0.114121
v 0.147265 0.609633 0.133701
v 0.147265 0.345920 0.133701
v -1.247277 0.609633 0.094541
v -1.247277 0.345920 0.094541
v -1.200006 0.345920 0.114121
v -1.266857 0.609633 0.047270
v -1.200006 0.609633 0.114121
v -1.266857 0.345920 0.047270
v -1.286436 0.609633 -0.000000
v -1.286436 0.345920 -0.000000
v -1.266857 0.609633 -0.047270
v -1.266857 0.345920 -0.047270
v -1.247277 0.609633 -0.094541
v -1.152736 0.345920 0.133701
v -1.152736 0.609633 0.133701
v -1.247277 0.345920 -0.094541
v -1.200006 0.609633 -0.114121
v -1.200006 0.345920 -0.114121
v -1.105466 0.345920 0.114121
v -1.152736 0.609633 -0.133701
v -1.105466 0.609633 0.114121
v -1.152736 0.345920 -0.133701
v -1.105466 0.609633 -0.114121
v -1.105466 0.345920 -0.114121
v -1.058194 0.609633 -0.094541
v -1.058194 0.345920 0.094541
v -1.058194 0.609633 0.094541
v -1.058194 0.345920 -0.094541
v -1.038614 0.609633 -0.047270
v -1.038614 0.345920 -0.047270
v -1.019034 0.609633 -0.000000
v -1.038614 0.345920 0.047270
v -1.038614 0.609633 0.047270
v -1.019034 0.345920 -0.000000
v -1.514592 0.398210 -0.027908
v -1.534516 0.386650 -0.055817
v -1.492823 0.388004 -0.057171
v -1.534516 0.395380 -0.034741
v -1.492823 0.398210 -0.027908
v -1.514592 0.358742 -0.067377
v -1.492823 0.358742 -0.067377
v -1.534516 0.365576 -0.064546
v -1.514592 0.358742 0.067377
v -1.534516 0.386650 0.055817
v -1.492823 0.388004 0.057171
v -1.534516 0.365576 0.064546
v -1.492823 0.358742 0.067377
v -1.514592 0.398210 0.027908
v -1.492823 0.398210 0.027908
v -1.534516 0.395380 0.034741
v -0.028118 0.627768 -0.023870
v -0.241618 0.673191 -0.023870
v -0.256607 0.627768 -0.023870
v -0.256607 0.658203 -0.023870
v -0.043106 0.673191 -0.023870
v -0.028118 0.658203 -0.023870
v -0.388118 0.627768 -0.023870
v -0.601619 0.673191 -0.023870
v -0.616607 0.627768 -0.023870
v -0.616607 0.658203 -0.023870
v -0.403106 0.673191 -0.023870
v -0.388118 0.658203 -0.023870
v -0.748118 0.627768 -0.023870
v -0.961619 0.673191 -0.023870
v -0.976607 0.627768 -0.023870
v -0.976607 0.658203 -0.023870
v -0.763106 0.673191 -0.023870
v -0.748118 0.658203 -0.023870
v -0.043106 0.673191 0.023870
v -0.028118 0.627768 0.023870
v -0.241618 0.673191 0.023870
v -0.028118 0.658203 0.023870
v -0.256607 0.627768 0.023870
v -0.256607 0.658203 0.023870
v -0.403106 0.673191 0.023870
v -0.388118 0.627768 0.023870
v -0.601619 0.673191 0.023870
v -0.388118 0.658203 0.023870
v -0.616607 0.627768 0.023870
v -0.616607 0.658203 0.023870
v -0.748118 0.627768 0.023871
v -0.763106 0.673191 0.023871
v -0.748118 0.658203 0.023871
v -0.961619 0.673191 0.023871
v -0.976607 0.627768 0.023871
v -0.976607 0.658203 0.023871
v 0.437769 0.448535 -0.102827
v 0.437769 0.448535 -0.080362
v 0.437921 0.418100 -0.102827
v 0.437921 0.418100 -0.080362
v 0.422705 0.463449 -0.102827
v 0.422705 0.463449 -0.080362
v 0.304197 0.462451 -0.080362
v 0.304197 0.462451 -0.102827
v 0.289283 0.447387 -0.102827
v 0.289283 0.447387 -0.080362
v 0.289436 0.416953 -0.080362
v 0.289436 0.416953 -0.102827
v 0.437769 0.448535 0.080361
v 0.437921 0.418100 0.102826
v 0.437921 0.418100 0.080361
v 0.437769 0.448535 0.102826
v 0.422705 0.463449 0.102826
v 0.422705 0.463449 0.080361
v 0.304197 0.462451 0.080361
v 0.304197 0.462451 0.102827
v 0.289283 0.447387 0.102827
v 0.289283 0.447387 0.080361
v 0.289436 0.416953 0.080361
v 0.289436 0.416953 0.102827
v 0.437921 0.418100 -0.080362
v 0.304197 0.462451 -0.080362
v 0.289436 0.416953 -0.080362
v 0.289283 0.447387 -0.080362
v 0.422705 0.463449 -0.080362
v 0.437769 0.448535 -0.080362
v 0.544987 0.452474 -0.080362
v 0.544221 0.500300 -0.080362
v 0.534988 0.481219 -0.080362
v 0.685104 0.501634 -0.080362
v 0.656024 0.539612 -0.080362
v 0.675105 0.530379 -0.080362
v 0.422705 0.463449 0.080361
v 0.437921 0.418100 0.080361
v 0.304197 0.462451 0.080361
v 0.437769 0.448535 0.080361
v 0.289436 0.416953 0.080361
v 0.289283 0.447387 0.080361
v 0.685104 0.501634 0.080361
v 0.656024 0.539612 0.080361
v 0.675105 0.530379 0.080361
v 0.544221 0.500300 0.080361
v 0.544987 0.452474 0.080361
v 0.534988 0.481219 0.080361
v -0.977271 0.525823 -0.040404
v -0.977271 0.414446 0.040404
v -0.977271 0.414446 -0.040404
v -0.977271 0.525823 0.040404
v -0.924126 0.578967 0.040404
v -0.924126 0.578967 -0.040404
v -0.107257 0.578967 0.040404
v -0.107257 0.578967 -0.040404
v -0.054113 0.525823 0.040404
v -0.054113 0.525823 -0.040404
v -0.054113 0.414446 0.040404
v -0.054113 0.414446 -0.040404
v -0.361928 0.187987 -0.051447
v -0.309856 0.076067 -0.051447
v -0.361928 0.187987 0.052008
v -0.309856 0.076067 0.052008
v -0.296779 -0.035854 -0.051447
v -0.296779 -0.035854 0.052008
v -0.250136 -0.147774 -0.051447
v -0.250480 -0.147774 0.052008
v -0.231631 -0.259694 -0.051447
v -0.231631 -0.259694 0.052008
v -1.333094 0.084989 -0.077930
v -1.368898 0.150481 -0.077930
v -1.352735 0.161751 -0.122468
v -1.402736 0.214984 -0.135571
v -1.421055 0.207729 -0.086267
v -1.421055 0.207729 0.086267
v -1.421510 0.347561 -0.106095
v -1.421510 0.347561 0.106095
v -1.402736 0.341578 0.166730
v -1.368483 0.389858 0.137936
v -1.402736 0.341578 -0.166730
v -1.368483 0.389858 -0.137936
v -1.381527 0.404628 0.087772
v -1.309122 0.421751 0.104973
v -1.381527 0.404628 -0.087772
v -1.309122 0.421751 -0.104973
v -1.313931 0.440859 0.066797
v -1.313931 0.440859 -0.050282
v -0.712767 0.441017 0.050282
v 0.444333 0.441174 0.066797
v 0.447648 0.421751 0.104973
v -0.712767 0.441017 -0.050282
v -0.063388 0.441095 0.050282
v -1.313931 0.440859 -0.066797
v 0.444333 0.441174 -0.066797
v -0.063388 0.441095 -0.050282
v 0.447648 0.421751 -0.104973
v 0.444333 0.441174 -0.050282
v 0.813949 0.571174 -0.066797
v 0.817264 0.551752 -0.104973
v 1.047264 0.571455 -0.066797
v 1.047264 0.551752 -0.104973
v 1.047264 0.571455 0.066797
v 0.813949 0.571174 0.066797
v 0.817264 0.551752 0.104973
v 1.047264 0.551752 0.104973
v -1.451557 0.295948 -0.084221
v -1.419892 0.274109 -0.056724
v -1.451557 0.261063 -0.069771
v -1.419892 0.302471 -0.068472
v -1.451557 0.246613 -0.034885
v -1.451557 0.330833 -0.098671
v -1.419892 0.330833 -0.080220
v -1.419892 0.359196 -0.068472
v -1.419892 0.262361 -0.028362
v -1.487918 0.246613 -0.034885
v -1.487918 0.295948 -0.084221
v -1.487918 0.261063 -0.069771
v -1.487918 0.232163 -0.000000
v -1.487918 0.330833 -0.098671
v -1.514592 0.246613 -0.034885
v -1.514592 0.295948 -0.084221
v -1.534516 0.261063 -0.069771
v -1.534516 0.249443 -0.041718
v -1.534516 0.289115 -0.081390
v -1.451557 0.365719 -0.084221
v -1.487918 0.365719 -0.084221
v -1.419892 0.387559 -0.056724
v -1.451557 0.400604 -0.069771
v -1.487918 0.400604 -0.069771
v -1.451557 0.415054 -0.034885
v -1.419892 0.399306 -0.028362
v -1.514592 0.365719 -0.084221
v -1.534516 0.400604 -0.069771
v -1.534516 0.372552 -0.081390
v -1.514592 0.415054 -0.034885
v -1.534516 0.412224 -0.041718
v -1.487918 0.415054 -0.034885
v -1.451557 0.429504 -0.000000
v -1.514592 0.263457 0.027908
v -1.492823 0.273662 0.057171
v -1.492823 0.263457 0.027908
v -1.534516 0.275017 0.055817
v -1.534516 0.266287 0.034741
v -1.514592 0.302925 0.067377
v -1.492823 0.302925 0.067377
v -1.534516 0.296092 0.064546
v -1.514592 0.302925 -0.067377
v -1.534516 0.275017 -0.055817
v -1.492823 0.273662 -0.057171
v -1.534516 0.296092 -0.064546
v -1.492823 0.302925 -0.067377
v -1.514592 0.263457 -0.027908
v -1.492823 0.263457 -0.027908
v -1.534516 0.266287 -0.034741
v -1.419892 0.411055 -0.000000
v -1.487918 0.429504 -0.000000
v -1.419892 0.399306 0.028362
v -1.451557 0.415054 0.034885
v -1.487918 0.415054 0.034885
v -1.419892 0.387559 0.056724
v -1.451557 0.400604 0.069771
v -1.487918 0.400604 0.069771
v -1.451557 0.365719 0.084221
v -1.419892 0.359196 0.068472
v -1.514592 0.415054 0.034885
v -1.534516 0.400604 0.069771
v -1.534516 0.412224 0.041718
v -1.514592 0.365719 0.084221
v -1.534516 0.372552 0.081390
v -1.487918 0.365719 0.084221
v -1.451557 0.330833 0.098671
v -1.419892 0.330833 0.080220
v -1.487918 0.330833 0.098671
v -1.419892 0.302471 0.068472
v -1.451557 0.295948 0.084221
v -1.487918 0.295948 0.084221
v -1.419892 0.274109 0.056724
v -1.451557 0.261063 0.069771
v -1.487918 0.261063 0.069771
v -1.451557 0.246613 0.034885
v -1.419892 0.262361 0.028362
v -1.514592 0.295948 0.084221
v -1.534516 0.261063 0.069771
v -1.534516 0.289115 0.081390
v -1.514592 0.246613 0.034885
v -1.534516 0.249443 0.041718
v -1.487918 0.246613 0.034885
v -1.451557 0.232163 -0.000000
v -1.419892 0.250613 -0.000000
v -1.152736 0.609633 0.133701
v -1.094593 0.676324 0.140368
v -1.105466 0.609633 0.114121
v -1.094593 0.640676 0.140368
v -1.058194 0.609633 0.094541
v -1.036450 0.676324 0.116285
v -1.094593 0.702475 0.140368
v -1.083205 0.722010 0.135651
v -1.036450 0.722010 0.116285
v -1.017085 0.722010 0.069530
v -1.012368 0.702475 0.058142
v -1.012368 0.676324 0.058142
v -1.036450 0.640676 0.116285
v -1.012368 0.640676 0.058142
v -0.988285 0.676324 -0.000000
v -1.038614 0.609633 0.047270
v -0.988285 0.640676 -0.000000
v -1.019034 0.609633 -0.000000
v -1.012368 0.676324 -0.058142
v -1.038614 0.609633 -0.047270
v -1.012368 0.640676 -0.058142
v -1.058194 0.609633 -0.094541
v -1.036450 0.676324 -0.116285
v -1.012368 0.702475 -0.058142
v -1.017085 0.722010 -0.069530
v -1.036450 0.722010 -0.116285
v -1.083205 0.722010 -0.135651
v -1.094593 0.702475 -0.140368
v -1.094593 0.676324 -0.140368
v -1.036450 0.640676 -0.116285
v -1.094593 0.640676 -0.140368
v -1.260312 0.722010 0.057902
v -1.248021 0.681133 0.095285
v -1.265030 0.702475 0.046514
v -1.265030 0.681133 0.046514
v -1.245764 0.722010 0.093028
v -1.210637 0.722010 0.107577
v -1.199249 0.702475 0.112294
v -1.199249 0.681133 0.112294
v -1.199249 0.702475 -0.112294
v -1.248021 0.681133 -0.095285
v -1.199249 0.681133 -0.112294
v -1.210637 0.722010 -0.107577
v -1.245764 0.722010 -0.093028
v -1.260312 0.722010 -0.057902
v -1.265030 0.702475 -0.046514
v -1.265030 0.681133 -0.046514
v 0.089123 0.640676 -0.140368
v 0.052724 0.609633 -0.094541
v 0.030980 0.640676 -0.116285
v 0.099995 0.609633 -0.114121
v 0.006897 0.640676 -0.058142
v 0.147265 0.609633 -0.133701
v 0.033144 0.609633 -0.047270
v 0.089123 0.676324 -0.140368
v 0.030980 0.676324 -0.116285
v 0.089123 0.702475 -0.140368
v 0.077734 0.722010 -0.135651
v 0.030980 0.722010 -0.116285
v 0.011614 0.722010 -0.069530
v 0.006897 0.702475 -0.058142
v 0.006897 0.676324 -0.058142
v -0.017186 0.676324 -0.000000
v -0.017186 0.640676 -0.000000
v 0.013565 0.609633 -0.000000
v 0.006897 0.676324 0.058142
v 0.033144 0.609633 0.047270
v 0.006897 0.640676 0.058142
v 0.052724 0.609633 0.094541
v 0.030980 0.676324 0.116285
v 0.006897 0.702475 0.058142
v 0.011614 0.722010 0.069530
v 0.030980 0.722010 0.116285
v 0.077734 0.722010 0.135651
v 0.089123 0.702475 0.140368
v 0.089123 0.676324 0.140368
v 0.030980 0.640676 0.116285
v 0.089123 0.640676 0.140368
v 0.240293 0.722010 -0.093028
v 0.242550 0.681133 -0.095285
v 0.254842 0.722010 -0.057902
v 0.259559 0.702475 -0.046514
v 0.259559 0.681133 -0.046514
v 0.205167 0.722010 -0.107577
v 0.193779 0.702475 -0.112294
v 0.193779 0.681133 -0.112294
v 0.242550 0.681133 0.095285
v 0.193779 0.702475 0.112294
v 0.205167 0.722010 0.107577
v 0.193779 0.681133 0.112294
v 0.240293 0.722010 0.093028
v 0.254842 0.722010 0.057902
v 0.259559 0.702475 0.046514
v 0.259559 0.681133 0.046514
v 0.534988 0.481219 -0.102827
v 0.544221 0.500300 -0.080362
v 0.544221 0.500300 -0.102827
v 0.656024 0.539612 -0.102827
v 0.656024 0.539612 -0.080362
v 0.534988 0.481219 -0.080362
v 0.544987 0.452474 -0.080362
v 0.544987 0.452474 -0.102827
v 0.534988 0.481219 0.080361
v 0.534988 0.481219 0.102826
v 0.544221 0.500300 0.080361
v 0.544987 0.452474 0.080361
v 0.544987 0.452474 0.102826
v 0.544221 0.500300 0.102826
v 0.656024 0.539612 0.102826
v 0.656024 0.539612 0.080361
v -1.419892 0.274109 0.056724
v -1.236878 0.274109 0.056724
v -1.236878 0.302471 0.068472
v -1.419892 0.262361 0.028362
v -1.419892 0.302471 0.068472
v -1.236878 0.262361 0.028362
v -1.419892 0.250613 -0.000000
v -1.236878 0.250613 -0.000000
v -1.419892 0.262361 -0.028362
v -1.236878 0.262361 -0.028362
v -1.419892 0.274109 -0.056724
v -1.236878 0.330833 0.080220
v -1.419892 0.330833 0.080220
v -1.236878 0.274109 -0.056724
v -1.419892 0.302471 -0.068472
v -1.236878 0.302471 -0.068472
v -1.419892 0.330833 -0.080220
v -1.236878 0.359196 0.068472
v -1.419892 0.359196 0.068472
v -1.236878 0.330833 -0.080220
v -1.419892 0.359196 -0.068472
v -1.236878 0.359196 -0.068472
v -1.419892 0.387559 -0.056724
v -1.236878 0.387559 0.056724
v -1.419892 0.387559 0.056724
v -1.236878 0.399306 0.028362
v -1.419892 0.399306 0.028362
v -1.236878 0.387559 -0.056724
v -1.419892 0.399306 -0.028362
v -1.236878 0.411055 -0.000000
v -1.419892 0.411055 -0.000000
v -1.236878 0.399306 -0.028362
vn 0.7470 0.6649 0.0005
vn 0.9444 0.3288 0.0005
vn 0.7469 0.6650 -0.0000
vn 0.9444 0.3288 0.0004
vn 0.4356 0.9002 -0.0000
vn 0.4353 0.9003 0.0004
vn 0.9444 0.3289 0.0006
vn 0.9444 0.3287 0.0004
vn 0.7469 0.6649 0.0005
vn 0.4353 0.9003 0.0006
vn -0.7480 0.5077 -0.4275
vn -0.9706 0.0004 -0.2409
vn -0.9706 0.0005 -0.2409
vn -0.7480 -0.5077 -0.4275
vn -0.6123 0.6514 -0.4481
vn -0.6123 -0.6514 -0.4481
vn -0.1755 0.9095 -0.3768
vn -0.1755 -0.9095 -0.3768
vn -0.1782 0.9091 -0.3766
vn -0.1782 -0.9091 -0.3766
vn -0.8054 0.5475 -0.2271
vn -0.8054 -0.5476 -0.2268
vn -0.8308 0.5144 -0.2125
vn -0.8309 -0.5143 -0.2125
vn -1.0000 0.0005 0.0005
vn -0.8182 -0.2203 0.5310
vn -0.8182 0.2203 0.5310
vn -0.7918 -0.2340 0.5642
vn -0.7918 0.2337 0.5643
vn -0.1744 -0.3765 0.9098
vn -0.1744 0.3765 0.9098
vn -0.1771 -0.3767 0.9093
vn -0.1772 0.3767 0.9092
vn -0.6133 -0.4481 0.6504
vn -0.6133 0.4480 0.6505
vn -0.6982 -0.4379 0.5663
vn -0.6981 0.4382 0.5662
vn -0.9705 -0.2409 0.0004
vn -0.9705 0.2409 0.0004
vn -0.9706 -0.2408 0.0005
vn -0.9706 0.2408 0.0004
vn -0.6981 -0.4382 -0.5662
vn -0.6982 0.4379 -0.5663
vn -0.6133 -0.4480 -0.6505
vn -0.6133 0.4481 -0.6504
vn -0.1772 -0.3767 -0.9092
vn -0.1772 0.3767 -0.9092
vn -0.1744 -0.3765 -0.9098
vn -0.1744 0.3765 -0.9098
vn -0.8182 -0.2203 -0.5310
vn -0.8182 0.2203 -0.5310
vn -0.7918 -0.2337 -0.5643
vn -0.7918 0.2340 -0.5642
vn -0.8054 0.5476 0.2268
vn -0.8054 -0.5475 0.2271
vn -0.8308 0.5144 0.2125
vn -0.8309 -0.5143 0.2125
vn -0.1782 0.9091 0.3766
vn -0.1781 -0.9091 0.3766
vn -0.1755 0.9095 0.3768
vn -0.1755 -0.9095 0.3768
vn -0.6123 0.6514 0.4481
vn -0.6123 -0.6514 0.4481
vn -0.7480 0.5077 0.4275
vn -0.7480 -0.5077 0.4275
vn -0.9705 0.0004 0.2409
vn -0.9706 0.0005 0.2408
vn -0.4392 0.0005 0.8984
vn -0.4111 -0.3245 0.8519
vn -0.4391 0.0004 0.8984
vn -0.4469 -0.6286 0.6365
vn -0.4111 0.3243 0.8520
vn -0.4471 -0.6142 0.6503
vn -0.4111 0.3245 0.8519
vn -0.4108 -0.8523 0.3239
vn -0.4469 0.6286 0.6365
vn -0.4111 -0.8517 0.3248
vn -0.4471 0.6142 0.6503
vn -0.4393 -0.8984 0.0006
vn -0.4108 0.8522 0.3239
vn -0.4392 -0.8984 0.0005
vn -0.4111 0.8518 0.3248
vn -0.4111 -0.8517 -0.3248
vn -0.4391 0.8984 0.0004
vn -0.4109 -0.8521 -0.3241
vn -0.4469 -0.6286 -0.6365
vn -0.4111 0.8518 -0.3248
vn -0.4471 -0.6142 -0.6503
vn -0.4108 0.8523 -0.3239
vn -0.4111 -0.3245 -0.8519
vn -0.4469 0.6286 -0.6365
vn -0.4111 -0.3241 -0.8520
vn -0.4471 0.6142 -0.6503
vn -0.4392 0.0005 -0.8984
vn -0.4111 0.3245 -0.8519
vn -0.4391 0.0004 -0.8984
vn -0.4111 0.3244 -0.8519
vn 0.0005 -0.7037 0.7105
vn 0.0005 -0.3367 0.9416
vn -0.2819 -0.6754 0.6814
vn 0.3826 0.0005 0.9239
vn 0.0005 0.0005 1.0000
vn 0.2819 -0.6754 0.6814
vn 0.3580 -0.3541 0.8640
vn 0.5054 -0.7036 0.4995
vn 0.6963 0.0005 0.7178
vn 0.9239 0.0005 0.3826
vn 0.9239 0.0007 0.3826
vn 0.9239 -0.0000 0.3827
vn 0.6503 -0.3454 0.6766
vn 0.8614 -0.3611 0.3572
vn 1.0000 0.0005 0.0005
vn 0.6816 -0.6751 0.2823
vn 0.9355 -0.3532 0.0005
vn 0.7105 -0.7037 0.0005
vn 0.9239 -0.0000 -0.3827
vn 0.6814 -0.6753 -0.2821
vn 0.8614 -0.3613 -0.3571
vn 0.5054 -0.7036 -0.4995
vn 0.6963 0.0005 -0.7178
vn 0.9239 0.0007 -0.3826
vn 0.9239 0.0005 -0.3826
vn 0.3826 0.0005 -0.9239
vn 0.3826 0.0003 -0.9239
vn 0.6503 -0.3454 -0.6766
vn 0.3579 -0.3541 -0.8640
vn 0.0005 0.0005 -1.0000
vn 0.2819 -0.6754 -0.6814
vn 0.0005 -0.3367 -0.9416
vn -0.3580 -0.3541 -0.8640
vn -0.5054 -0.7036 -0.4995
vn -0.6503 -0.3454 -0.6766
vn -0.2823 -0.6751 -0.6816
vn -0.8614 -0.3613 -0.3570
vn 0.0005 -0.7037 -0.7105
vn 0.2820 -0.6754 -0.6814
vn -0.6815 -0.6753 -0.2820
vn -0.3826 0.0005 -0.9239
vn -0.6963 0.0005 -0.7178
vn -0.9239 -0.0000 -0.3827
vn -0.9239 0.0005 -0.3826
vn -0.9355 -0.3532 0.0005
vn -0.7105 -0.7037 0.0005
vn -0.9239 0.0006 0.3826
vn -0.6816 -0.6751 0.2823
vn -0.8614 -0.3612 0.3572
vn -0.5054 -0.7036 0.4995
vn -0.6963 0.0005 0.7178
vn -0.9239 0.0003 0.3826
vn -0.9239 0.0005 0.3826
vn -0.3826 0.0005 0.9239
vn -0.3826 0.0003 0.9239
vn -0.6503 -0.3454 0.6766
vn -0.3579 -0.3541 0.8640
vn -0.2819 -0.6755 0.6814
vn 0.9950 -0.1001 0.0005
vn 0.9571 0.2897 0.0004
vn 0.9572 0.2894 -0.0000
vn 0.8839 0.4678 -0.0000
vn 0.9595 0.2816 -0.0000
vn 0.9595 0.2817 0.0003
vn 0.3541 -0.0376 0.9344
vn 0.6922 -0.0415 0.7205
vn 0.3541 -0.0376 0.9345
vn 0.6952 -0.0415 0.7176
vn 0.9344 -0.0376 0.3541
vn 0.9345 -0.0376 0.3541
vn 0.9344 -0.0376 -0.3541
vn 0.6922 -0.0415 -0.7205
vn 0.9345 -0.0376 -0.3541
vn 0.6952 -0.0415 -0.7176
vn 0.3541 -0.0376 -0.9344
vn 0.3541 -0.0376 -0.9345
vn -0.4675 -0.7754 0.4245
vn -0.7931 -0.5790 0.1891
vn -0.5037 -0.8388 0.2066
vn -0.7355 -0.5625 0.3778
vn 0.3739 -0.9065 0.1960
vn 0.3500 -0.8480 0.3979
vn -0.8645 -0.3485 0.3622
vn 0.3483 -0.8426 0.4108
vn 0.3718 -0.9013 0.2223
vn 0.1138 -0.9099 0.3990
vn 0.3739 -0.9065 -0.1960
vn 0.1207 -0.9719 0.2020
vn 0.1168 -0.9106 0.3964
vn 0.3718 -0.9013 -0.2222
vn 0.1207 -0.9719 -0.2019
vn 0.1138 -0.9099 -0.3990
vn 0.3483 -0.8426 -0.4108
vn 0.1168 -0.9106 -0.3964
vn 0.3500 -0.8480 -0.3979
vn -0.4675 -0.7754 -0.4245
vn 0.1266 -0.9702 -0.2067
vn 0.1266 -0.9702 0.2067
vn -0.4254 -0.8758 -0.2281
vn -0.3955 -0.8179 -0.4180
vn -0.8633 -0.3102 -0.3982
vn -0.4254 -0.8758 0.2281
vn -0.3955 -0.8179 0.4180
vn -0.8633 -0.3102 0.3982
vn -0.9202 -0.3288 -0.2126
vn -0.8381 -0.3632 -0.4070
vn -0.9201 -0.3289 0.2125
vn -0.8381 -0.3631 0.4070
vn -0.8985 -0.3904 -0.2008
vn -0.3670 -0.9092 -0.1967
vn -0.3435 -0.8497 -0.4001
vn -0.8985 -0.3904 0.2008
vn 0.4519 -0.7929 -0.4089
vn -0.3670 -0.9092 0.1967
vn -0.3435 -0.8497 0.4001
vn 0.4519 -0.7929 0.4089
vn 0.4862 -0.8507 -0.1998
vn 0.4862 -0.8507 0.1998
vn 0.4744 -0.8515 0.2232
vn 0.4744 -0.8515 -0.2233
vn 0.4452 -0.7970 -0.4081
vn -0.4118 -0.8182 -0.4012
vn 0.4452 -0.7970 0.4081
vn -0.4118 -0.8182 0.4012
vn -0.4390 -0.8715 -0.2184
vn -0.4068 -0.8140 -0.4146
vn -0.4390 -0.8716 0.2183
vn -0.4068 -0.8140 0.4146
vn -0.4380 -0.8756 -0.2036
vn -0.0063 -0.9800 -0.1987
vn -0.0044 -0.9219 -0.3874
vn -0.4380 -0.8756 0.2036
vn -0.0063 -0.9800 0.1987
vn -0.0044 -0.9219 0.3874
vn -0.6952 -0.0415 0.7176
vn -0.6922 -0.0415 0.7205
vn -0.9344 -0.0376 0.3541
vn -0.9345 -0.0376 0.3541
vn -0.3541 -0.0376 0.9344
vn -0.3541 -0.0376 0.9345
vn -0.6922 -0.0415 -0.7205
vn -0.3541 -0.0376 -0.9344
vn -0.3541 -0.0376 -0.9345
vn -0.6952 -0.0415 -0.7176
vn -0.9344 -0.0376 -0.3541
vn -0.9345 -0.0376 -0.3541
vn 0.5651 0.7419 -0.3609
vn 0.0004 0.9894 -0.1451
vn -0.5651 0.7419 -0.3609
vn 0.6600 0.6454 -0.3845
vn -0.6600 0.6454 -0.3845
vn 0.8886 0.2741 -0.3678
vn -0.8886 0.2741 -0.3678
vn 0.8868 0.2809 -0.3669
vn -0.8868 0.2810 -0.3669
vn 0.4646 0.8642 -0.1930
vn -0.4646 0.8643 -0.1930
vn 0.4323 0.8837 -0.1793
vn -0.4324 0.8837 -0.1791
vn 0.0005 1.0000 0.0005
vn -0.1842 0.8773 0.4433
vn 0.1843 0.8772 0.4433
vn -0.1968 0.8571 0.4761
vn 0.1972 0.8571 0.4760
vn -0.3688 0.2701 0.8894
vn 0.3688 0.2701 0.8894
vn -0.3676 0.2777 0.8875
vn 0.3676 0.2777 0.8875
vn -0.3834 0.6492 0.6569
vn 0.3833 0.6492 0.6570
vn -0.3753 0.6873 0.6219
vn 0.3756 0.6872 0.6218
vn -0.1451 0.9894 0.0004
vn 0.1451 0.9894 0.0004
vn -0.1451 0.9894 0.0005
vn -0.3756 0.6872 -0.6218
vn 0.3753 0.6873 -0.6219
vn -0.3833 0.6492 -0.6570
vn 0.3834 0.6491 -0.6570
vn -0.3676 0.2777 -0.8875
vn 0.3676 0.2777 -0.8875
vn -0.3688 0.2701 -0.8894
vn 0.3688 0.2701 -0.8894
vn -0.1842 0.8773 -0.4433
vn 0.1843 0.8772 -0.4433
vn -0.1972 0.8571 -0.4760
vn 0.1968 0.8571 -0.4761
vn 0.4646 0.8642 0.1930
vn -0.4646 0.8643 0.1930
vn 0.4324 0.8837 0.1791
vn -0.4323 0.8837 0.1793
vn 0.8868 0.2809 0.3669
vn -0.8868 0.2810 0.3669
vn 0.8886 0.2741 0.3678
vn -0.8886 0.2741 0.3678
vn 0.6600 0.6454 0.3845
vn -0.6600 0.6454 0.3845
vn 0.5651 0.7419 0.3609
vn -0.5651 0.7419 0.3609
vn 0.0004 0.9894 0.1451
vn 0.8868 0.2810 -0.3669
vn 0.4324 0.8837 -0.1793
vn 0.1842 0.8773 0.4433
vn -0.3678 0.2779 0.8874
vn 0.3756 0.6873 0.6218
vn -0.1450 0.9894 0.0004
vn 0.1452 0.9894 0.0006
vn -0.3756 0.6873 -0.6218
vn 0.3834 0.6492 -0.6569
vn 0.1842 0.8773 -0.4433
vn -0.8868 0.2809 0.3669
vn 0.9239 0.3826 0.0005
vn 0.9239 0.3827 -0.0000
vn 0.3826 0.9239 0.0005
vn 0.3826 0.9239 0.0006
vn -0.3827 0.9239 -0.0000
vn -0.3826 0.9239 0.0005
vn -0.9239 0.3826 0.0007
vn -0.9239 0.3826 0.0006
vn -0.3826 0.9239 0.0006
vn -0.3826 0.9239 0.0003
vn -0.9239 0.3826 0.0005
vn 0.9239 0.3826 0.0006
vn -0.3826 0.9239 0.0007
vn 0.3826 0.9239 0.0007
vn -0.3825 0.9239 0.0006
vn 0.9239 0.3826 0.0007
vn 0.3827 0.9239 -0.0000
vn 0.5291 0.6522 -0.5428
vn 0.3092 0.4952 -0.8119
vn 0.2731 0.6415 -0.7168
vn 0.5790 0.5340 -0.6161
vn 0.8124 0.4949 -0.3084
vn -0.0000 0.5252 -0.8509
vn 0.7153 0.6434 -0.2728
vn 0.8509 0.5253 0.0003
vn 0.3354 0.8807 -0.3345
vn 0.0005 0.6428 -0.7660
vn 0.7597 0.6503 0.0005
vn 0.1645 0.8872 -0.4311
vn 0.7153 0.6434 0.2728
vn 0.4294 0.8882 -0.1637
vn 0.8124 0.4949 0.3083
vn -0.0000 1.0000 -0.0000
vn 0.0005 0.8761 -0.4822
vn -0.2731 0.6416 -0.7168
vn -0.3092 0.4952 -0.8119
vn -0.1645 0.8872 -0.4311
vn -0.5291 0.6522 -0.5428
vn -0.5790 0.5340 -0.6161
vn -0.8124 0.4949 -0.3083
vn -0.3354 0.8807 -0.3345
vn -0.7153 0.6433 -0.2729
vn -0.8509 0.5252 -0.0000
vn -0.4295 0.8881 -0.1637
vn -0.7597 0.6503 0.0005
vn -0.4715 0.8819 0.0005
vn -0.7153 0.6433 0.2728
vn -0.8124 0.4949 0.3083
vn -0.4295 0.8881 0.1637
vn -0.5291 0.6522 0.5428
vn -0.5790 0.5340 0.6161
vn -0.3092 0.4952 0.8119
vn -0.3355 0.8806 0.3345
vn -0.2731 0.6416 0.7168
vn -0.0000 0.5252 0.8509
vn -0.1645 0.8872 0.4311
vn 0.0005 0.6428 0.7660
vn 0.0005 0.8761 0.4822
vn 0.2731 0.6415 0.7168
vn 0.3092 0.4952 0.8119
vn 0.1645 0.8872 0.4311
vn 0.5291 0.6522 0.5428
vn 0.5790 0.5340 0.6161
vn 0.3355 0.8807 0.3345
vn 0.4295 0.8881 0.1637
vn 0.4715 0.8819 0.0005
vn -0.3308 0.3686 0.8687
vn -0.0000 0.3943 0.9190
vn 0.0005 0.3943 0.9190
vn 0.3307 0.3687 0.8688
vn -0.3312 0.3685 0.8686
vn 0.3313 0.3686 0.8686
vn -0.6425 0.4021 0.6523
vn 0.6425 0.4021 0.6523
vn -0.6286 0.4020 0.6658
vn 0.6286 0.4020 0.6658
vn -0.8688 0.3684 0.3309
vn 0.8688 0.3684 0.3309
vn -0.8683 0.3688 0.3317
vn 0.8683 0.3688 0.3317
vn -0.9190 0.3943 -0.0000
vn 0.9190 0.3943 0.0005
vn -0.9190 0.3943 0.0006
vn 0.9190 0.3943 -0.0000
vn -0.8684 0.3687 -0.3315
vn 0.8683 0.3688 -0.3316
vn -0.8688 0.3684 -0.3309
vn 0.8688 0.3684 -0.3309
vn -0.6425 0.4021 -0.6523
vn 0.6425 0.4021 -0.6523
vn -0.6286 0.4020 -0.6658
vn 0.6286 0.4020 -0.6658
vn -0.3313 0.3685 -0.8686
vn 0.3313 0.3686 -0.8686
vn -0.3308 0.3686 -0.8687
vn 0.3313 0.3684 -0.8687
vn 0.0006 0.3943 -0.9190
vn -0.0000 0.3943 -0.9190
vn 0.3308 0.3686 0.8687
vn -0.3313 0.3685 0.8686
vn 0.3313 0.3685 0.8686
vn -0.6286 0.4020 0.6657
vn -0.8683 0.3689 0.3317
vn 0.8684 0.3687 0.3316
vn -0.8683 0.3688 -0.3316
vn 0.8684 0.3687 -0.3316
vn -0.6286 0.4020 -0.6657
vn -0.3313 0.3686 -0.8686
vn 0.3313 0.3685 -0.8686
vn 0.3310 0.3685 -0.8687
vn 0.0003 0.3943 -0.9190
vn 0.0005 0.3943 -0.9190
vn 0.1674 0.8823 -0.4400
vn 0.2027 0.9592 -0.1969
vn 0.2955 0.9012 -0.3170
vn 0.4403 0.8822 -0.1668
vn 0.0874 0.9695 -0.2290
vn 0.2272 0.9699 -0.0875
vn 0.2749 0.9615 0.0005
vn 0.4419 0.8970 0.0005
vn 0.4403 0.8822 0.1668
vn 0.2272 0.9699 0.0875
vn 0.2027 0.9592 0.1969
vn 0.2955 0.9012 0.3170
vn 0.1674 0.8823 0.4400
vn 0.0874 0.9695 0.2291
vn 0.0005 0.9580 0.2867
vn 0.0003 0.8970 0.4420
vn -0.1675 0.8823 0.4400
vn -0.0874 0.9695 0.2290
vn -0.2272 0.9699 0.0875
vn -0.2028 0.9592 0.1969
vn -0.2955 0.9012 0.3170
vn -0.4404 0.8822 0.1666
vn -0.2749 0.9615 0.0005
vn -0.4420 0.8970 -0.0000
vn -0.4403 0.8822 -0.1668
vn -0.2272 0.9699 -0.0875
vn -0.2027 0.9592 -0.1969
vn -0.2955 0.9012 -0.3170
vn -0.1676 0.8820 -0.4405
vn -0.0874 0.9695 -0.2290
vn 0.0005 0.9580 -0.2868
vn -0.0000 0.8970 -0.4420
vn -0.0034 0.1968 -0.9804
vn -0.0005 0.0847 -0.9964
vn -0.0112 0.4618 -0.8869
vn -0.0113 0.4618 -0.8869
vn -0.0113 0.4617 -0.8870
vn 0.0034 -0.0396 -0.9992
vn 0.0024 -0.0601 -0.9982
vn 0.0024 -0.0640 -0.9979
vn 0.0024 -0.0933 -0.9956
vn 0.0024 -0.0932 -0.9956
vn 0.0024 -0.0747 -0.9972
vn 0.0025 -0.0640 -0.9979
vn 0.0034 -0.0397 -0.9992
vn 0.0034 -0.0406 -0.9992
vn 0.0034 -0.0395 -0.9992
vn 0.0005 0.0679 0.9977
vn -0.0112 0.4618 0.8869
vn -0.0034 0.1852 0.9827
vn -0.0112 0.4617 0.8870
vn 0.0034 -0.0611 0.9981
vn 0.0044 -0.0543 0.9985
vn 0.0034 -0.0610 0.9981
vn 0.0044 -0.0532 0.9986
vn 0.0064 -0.0445 0.9990
vn 0.0063 -0.0444 0.9990
vn 0.0044 -0.0533 0.9986
vn 0.0054 -0.0503 0.9987
vn 0.0063 -0.0445 0.9990
vn 0.0034 -0.0601 0.9982
vn 0.6229 0.2019 0.7558
vn 0.3934 -0.0445 0.9183
vn 0.2281 0.0659 0.9714
vn 0.6675 -0.0669 0.7416
vn -0.3405 -0.1529 0.9277
vn 0.3239 0.1852 0.9278
vn 0.5944 0.2983 0.7468
vn -0.2896 -0.0806 0.9537
vn -0.5751 -0.1668 0.8009
vn -0.5517 -0.2567 0.7936
vn -0.3365 -0.0913 0.9372
vn -0.5778 -0.1490 0.8025
vn -0.5728 -0.1665 0.8026
vn -0.3327 -0.0562 0.9414
vn -0.5886 -0.0982 0.8025
vn -0.2936 -0.0835 0.9523
vn -0.0335 -0.0060 0.9994
vn -0.0328 -0.0093 0.9994
vn -0.0316 -0.0128 0.9994
vn -0.0317 -0.0123 0.9994
vn -0.0316 -0.0125 0.9994
vn -0.0317 -0.0122 0.9994
vn -0.0318 -0.0122 0.9994
vn 0.3111 0.0904 0.9461
vn -0.0329 -0.0102 0.9994
vn -0.0324 -0.0093 0.9994
vn 0.6275 0.1841 0.7565
vn 0.3189 0.0943 0.9431
vn 0.6273 0.1841 0.7567
vn -0.3405 -0.1529 -0.9277
vn 0.3934 -0.0445 -0.9183
vn 0.2281 0.0659 -0.9714
vn 0.6674 -0.0670 -0.7417
vn 0.6229 0.2019 -0.7558
vn -0.2896 -0.0806 -0.9537
vn -0.5751 -0.1668 -0.8009
vn -0.5515 -0.2565 -0.7938
vn -0.3365 -0.0913 -0.9372
vn -0.5788 -0.1498 -0.8016
vn 0.3239 0.1852 -0.9278
vn 0.5944 0.2982 -0.7468
vn -0.5745 -0.1669 -0.8013
vn 0.3111 0.0904 -0.9461
vn 0.6276 0.1841 -0.7565
vn 0.3189 0.0943 -0.9431
vn 0.6273 0.1841 -0.7567
vn -0.0324 -0.0094 -0.9994
vn -0.0328 -0.0103 -0.9994
vn -0.0327 -0.0111 -0.9994
vn -0.0327 -0.0112 -0.9994
vn -0.0327 -0.0113 -0.9994
vn -0.2946 -0.0835 -0.9520
vn -0.0327 -0.0093 -0.9994
vn -0.0335 -0.0060 -0.9994
vn -0.3348 -0.0552 -0.9407
vn -0.5907 -0.0977 -0.8010
vn 0.0005 0.3045 0.9525
vn 0.0006 0.5908 0.8068
vn 0.0007 0.5908 0.8068
vn -0.0836 -0.2018 0.9759
vn 0.0836 -0.2018 0.9759
vn -0.2018 -0.0836 0.9759
vn -0.2311 0.0005 0.9729
vn -0.3936 -0.1630 0.9047
vn -0.4540 0.0005 0.8910
vn -0.1627 -0.3935 0.9048
vn 0.1630 -0.3936 0.9047
vn 0.2018 -0.0836 0.9759
vn 0.3936 -0.1630 0.9047
vn 0.2313 0.0005 0.9729
vn 0.4540 0.0006 0.8910
vn 0.0005 0.5908 -0.8068
vn 0.0005 0.3045 -0.9525
vn 0.0007 0.5908 -0.8068
vn -0.0836 -0.2018 -0.9759
vn -0.2018 -0.0836 -0.9759
vn -0.2311 0.0005 -0.9729
vn -0.3936 -0.1630 -0.9047
vn -0.4540 0.0005 -0.8910
vn -0.1630 -0.3936 -0.9047
vn 0.0836 -0.2018 -0.9759
vn 0.1626 -0.3934 -0.9049
vn 0.2018 -0.0836 -0.9759
vn 0.3936 -0.1630 -0.9047
vn 0.2313 0.0005 -0.9729
vn 0.4540 0.0006 -0.8910
vn -0.5514 -0.6110 0.5680
vn -0.2818 -0.6755 0.6813
vn -0.9239 -0.0000 0.3827
vn -0.3827 -0.0000 0.9239
vn -0.6581 -0.7021 0.2721
vn -0.7713 -0.6365 0.0005
vn -0.9239 0.0003 -0.3826
vn -0.6580 -0.7021 -0.2721
vn -0.5514 -0.6110 -0.5680
vn -0.3827 -0.0000 -0.9239
vn -0.2818 -0.6755 -0.6814
vn 0.0005 -0.5836 -0.8121
vn 0.3827 -0.0000 -0.9239
vn 0.2818 -0.6755 -0.6814
vn 0.5514 -0.6110 -0.5680
vn 0.6581 -0.7021 -0.2721
vn 0.7713 -0.6365 0.0005
vn 0.6580 -0.7021 0.2721
vn 0.5514 -0.6110 0.5680
vn 0.3827 -0.0000 0.9239
vn 0.2818 -0.6755 0.6814
vn 0.0005 -0.5836 0.8121
vn -0.2818 -0.6755 0.6814
vn 0.9239 0.0003 -0.3826
vn 0.6580 -0.7021 -0.2721
vn 0.6581 -0.7020 0.2721
vn 0.0220 -0.9349 0.3543
vn 0.0239 -0.6951 0.7185
vn 0.0240 -0.6936 0.7200
vn 0.0220 -0.3543 0.9349
vn 0.0220 -0.3543 -0.9349
vn 0.0239 -0.6951 -0.7185
vn 0.0240 -0.6936 -0.7200
vn 0.0220 -0.9349 -0.3543
vn 0.9219 0.3874 0.0006
vn 0.9219 0.3874 0.0003
vn 1.0000 0.0053 0.0004
vn 1.0000 0.0052 0.0003
vn 0.3765 0.9264 -0.0000
vn 0.3765 0.9264 0.0006
vn -0.3894 0.9211 0.0004
vn -0.3893 0.9211 0.0004
vn -0.9259 0.3779 0.0003
vn -0.9259 0.3778 0.0004
vn -1.0000 -0.0054 0.0005
vn -1.0000 -0.0050 -0.0000
vn -0.9259 0.3777 0.0005
vn 0.9239 -0.3827 -0.0000
vn 0.9239 -0.3826 0.0005
vn 0.3827 -0.9239 -0.0000
vn -0.3826 -0.9239 0.0005
vn -0.3827 -0.9239 -0.0000
vn -0.9239 -0.3827 -0.0000
vn -0.9067 -0.4218 0.0007
vn -0.9622 -0.2724 -0.0000
vn -0.9067 -0.4218 0.0003
vn -0.9622 -0.2722 0.0005
vn -0.9675 -0.2528 -0.0000
vn -0.9677 -0.2522 -0.0007
vn -0.9611 -0.2760 -0.0016
vn -0.9611 -0.2761 -0.0016
vn -0.9863 -0.1647 -0.0015
vn -0.9864 -0.1646 -0.0015
vn -0.5037 -0.8388 -0.2067
vn -0.7931 -0.5790 -0.1891
vn -0.7355 -0.5625 -0.3778
vn -0.8645 -0.3485 -0.3622
vn -0.9070 -0.3805 -0.1802
vn -0.9071 -0.3805 0.1802
vn -0.9304 0.3111 -0.1939
vn -0.9304 0.3111 0.1939
vn -0.8971 0.2769 0.3443
vn -0.5713 0.7394 0.3563
vn -0.8971 0.2769 -0.3443
vn -0.5713 0.7394 -0.3563
vn -0.6025 0.7754 0.1891
vn -0.1686 0.8900 0.4237
vn -0.6025 0.7754 -0.1891
vn -0.1686 0.8900 -0.4237
vn -0.2125 0.9571 0.1969
vn -0.2437 0.9699 -0.0000
vn -0.0005 1.0000 0.0003
vn -0.1636 0.9562 0.2427
vn -0.1500 0.8768 0.4569
vn -0.0005 1.0000 -0.0005
vn -0.0005 1.0000 0.0004
vn -0.2125 0.9571 -0.1969
vn -0.1636 0.9560 -0.2437
vn -0.0005 1.0000 -0.0004
vn -0.1500 0.8768 -0.4568
vn -0.1684 0.9857 -0.0000
vn -0.1637 0.9583 -0.2341
vn -0.1500 0.8753 -0.4598
vn -0.0005 0.9715 -0.2370
vn -0.0005 0.8900 -0.4560
vn -0.0005 0.9715 0.2370
vn -0.1637 0.9583 0.2341
vn -0.1500 0.8753 0.4598
vn -0.0005 0.8900 0.4560
vn 0.2418 -0.3717 -0.8963
vn 0.5035 -0.6100 -0.6119
vn 0.2439 -0.6719 -0.6993
vn 0.4743 -0.3367 -0.8134
vn 0.2437 -0.8962 -0.3707
vn 0.2399 0.0005 -0.9708
vn 0.5035 -0.0000 -0.8640
vn 0.4744 0.3366 -0.8134
vn 0.4744 -0.8134 -0.3366
vn 0.0005 -0.9239 -0.3826
vn 0.0005 -0.3826 -0.9239
vn 0.0005 -0.6963 -0.7178
vn 0.0005 -1.0000 0.0005
vn 0.0006 -0.9239 -0.3826
vn 0.0003 -0.3826 -0.9239
vn 0.0004 -0.3826 -0.9239
vn 0.2418 0.3717 -0.8963
vn 0.0005 0.3826 -0.9239
vn 0.5035 0.6100 -0.6119
vn 0.2439 0.6720 -0.6992
vn 0.0005 0.6963 -0.7178
vn 0.2437 0.8962 -0.3707
vn 0.4740 0.8135 -0.3370
vn 0.0006 0.3826 -0.9239
vn 0.0003 0.3826 -0.9239
vn 0.0005 0.9239 -0.3826
vn 0.0006 0.9239 -0.3826
vn 0.2477 0.9688 0.0005
vn 0.0220 0.9349 -0.3543
vn 0.0240 0.6936 -0.7200
vn 0.0239 0.6951 -0.7185
vn 0.0220 0.3543 -0.9349
vn 0.0220 0.3543 0.9349
vn 0.0239 0.6951 0.7185
vn 0.0240 0.6936 0.7200
vn 0.0220 0.9349 0.3543
vn 0.5035 0.8640 0.0005
vn 0.4743 0.8134 0.3367
vn 0.2439 0.8961 0.3708
vn 0.0003 0.9239 0.3826
vn 0.5035 0.6099 0.6119
vn 0.2439 0.6720 0.6993
vn 0.0005 0.6963 0.7178
vn 0.2418 0.3717 0.8963
vn 0.4740 0.3370 0.8135
vn 0.0005 0.9239 0.3826
vn 0.0006 0.9239 0.3826
vn -0.0000 0.3827 0.9239
vn 0.0003 0.3826 0.9239
vn 0.2399 0.0005 0.9708
vn 0.5035 -0.0000 0.8640
vn 0.4740 -0.3370 0.8135
vn 0.2418 -0.3717 0.8963
vn 0.0003 -0.3826 0.9239
vn 0.5035 -0.6101 0.6118
vn 0.2439 -0.6720 0.6992
vn 0.0005 -0.6963 0.7178
vn 0.2439 -0.8961 0.3708
vn 0.4740 -0.8135 0.3370
vn -0.0000 -0.3827 0.9239
vn 0.0006 -0.9239 0.3826
vn 0.0003 -0.9239 0.3826
vn 0.2477 -0.9688 0.0005
vn 0.5036 -0.8639 0.0007
vn 0.2820 -0.6754 0.6814
vn 0.3826 0.0003 0.9239
vn 0.3826 0.0006 0.9239
vn 0.9239 0.0003 0.3826
vn 0.9239 0.0006 0.3826
vn 0.9356 -0.3531 0.0005
vn 0.7105 -0.7037 0.0006
vn 0.6816 -0.6751 -0.2823
vn 0.8614 -0.3611 -0.3572
vn 0.3826 0.0006 -0.9239
vn -0.2819 -0.6754 -0.6814
vn -0.8614 -0.3612 -0.3571
vn -0.6814 -0.6754 -0.2820
vn -0.3826 0.0003 -0.9239
vn -0.9356 -0.3532 0.0005
vn -0.6814 -0.6754 0.2820
vn -0.8614 -0.3611 0.3572
vn -0.9983 0.0581 0.0005
vn -0.6662 0.7458 -0.0000
vn -0.3317 0.9434 0.0006
vn -0.3317 0.9434 0.0005
vn -0.9983 0.0579 -0.0000
vn -0.9444 -0.3289 0.0007
vn -0.9444 -0.3289 0.0006
vn -0.9444 -0.3287 0.0003
vn -0.6659 0.7460 0.0005
vn 0.6110 -0.5514 0.5680
vn 0.6755 -0.2818 0.6813
vn 0.0005 -0.9239 0.3826
vn 0.0005 -0.3826 0.9239
vn 0.7021 -0.6581 0.2721
vn 0.6365 -0.7713 0.0005
vn -0.0000 -0.9239 -0.3827
vn 0.7021 -0.6581 -0.2721
vn 0.5836 0.0005 0.8120
vn 0.6110 -0.5514 -0.5680
vn -0.0000 -0.3827 -0.9239
vn 0.6755 -0.2818 -0.6814
vn 0.6755 0.2818 0.6814
vn 0.5836 0.0005 -0.8120
vn -0.0000 0.3827 -0.9239
vn 0.6755 0.2818 -0.6813
vn 0.6110 0.5514 0.5680
vn 0.7021 0.6580 0.2721
vn -0.0000 0.9239 0.3827
vn 0.6110 0.5514 -0.5680
vn 0.6365 0.7713 0.0005
vn 0.7021 0.6581 -0.2721
vt 0.000000 0.000000
s 1
f 401/2/401 402/2/402 403/2/403
f 402/2/402 401/2/401 404/2/404
f 403/2/403 405/2/405 401/2/401
f 405/2/405 406/2/406 401/2/401
f 407/2/401 408/2/407 409/2/408
f 408/2/407 407/2/401 410/2/409
f 407/2/401 411/2/405 410/2/409
f 407/2/401 412/2/410 411/2/405
f 413/2/411 414/2/412 415/2/413
f 416/2/414 415/2/413 414/2/412
f 414/2/412 413/2/411 417/2/415
f 416/2/414 414/2/412 418/2/416
f 419/2/417 417/2/415 413/2/411
f 418/2/416 420/2/418 416/2/414
f 417/2/415 419/2/417 421/2/419
f 420/2/418 418/2/416 422/2/420
f 423/2/421 421/2/419 419/2/417
f 422/2/420 424/2/422 420/2/418
f 421/2/419 423/2/421 425/2/423
f 424/2/422 422/2/420 426/2/424
f 423/2/421 427/2/425 425/2/423
f 428/2/425 424/2/422 426/2/424
f 427/2/425 423/2/421 429/2/425
f 424/2/422 428/2/425 430/2/425
f 431/2/426 427/2/425 429/2/425
f 432/2/427 430/2/425 428/2/425
f 427/2/425 431/2/426 433/2/428
f 428/2/425 434/2/429 432/2/427
f 431/2/426 435/2/430 433/2/428
f 436/2/431 432/2/427 434/2/429
f 435/2/430 431/2/426 437/2/432
f 432/2/427 436/2/431 438/2/433
f 437/2/432 439/2/434 435/2/430
f 440/2/435 438/2/433 436/2/431
f 439/2/434 437/2/432 441/2/436
f 438/2/433 440/2/435 442/2/437
f 443/2/438 439/2/434 441/2/436
f 444/2/439 442/2/437 440/2/435
f 441/2/436 445/2/440 443/2/438
f 442/2/437 444/2/439 446/2/441
f 447/2/442 443/2/438 445/2/440
f 444/2/439 448/2/443 446/2/441
f 443/2/438 447/2/442 449/2/444
f 448/2/443 444/2/439 450/2/445
f 451/2/446 449/2/444 447/2/442
f 450/2/445 452/2/447 448/2/443
f 449/2/444 451/2/446 453/2/448
f 452/2/447 450/2/445 454/2/449
f 455/2/450 453/2/448 451/2/446
f 454/2/449 456/2/451 452/2/447
f 453/2/448 455/2/450 457/2/452
f 456/2/451 454/2/449 458/2/453
f 455/2/450 459/2/425 457/2/452
f 460/2/425 456/2/451 458/2/453
f 461/2/425 459/2/425 455/2/450
f 456/2/451 460/2/425 462/2/425
f 463/2/454 459/2/425 461/2/425
f 464/2/455 462/2/425 460/2/425
f 459/2/425 463/2/454 465/2/456
f 466/2/457 464/2/455 460/2/425
f 463/2/454 467/2/458 465/2/456
f 466/2/457 468/2/459 464/2/455
f 467/2/458 463/2/454 469/2/460
f 468/2/459 470/2/461 464/2/455
f 471/2/462 467/2/458 469/2/460
f 472/2/463 470/2/461 468/2/459
f 469/2/460 473/2/464 471/2/462
f 470/2/461 472/2/463 474/2/465
f 473/2/464 475/2/466 471/2/462
f 475/2/466 474/2/465 472/2/463
f 475/2/466 473/2/464 476/2/467
f 474/2/465 475/2/466 476/2/467
f 477/2/468 478/2/469 479/2/469
f 478/2/469 477/2/468 480/2/470
f 481/2/471 479/2/469 478/2/469
f 477/2/468 482/2/472 480/2/470
f 479/2/469 481/2/471 483/2/473
f 482/2/472 477/2/468 484/2/474
f 481/2/471 485/2/475 483/2/473
f 484/2/474 486/2/476 482/2/472
f 485/2/475 481/2/471 487/2/477
f 486/2/476 484/2/474 488/2/478
f 487/2/477 489/2/479 485/2/475
f 490/2/480 486/2/476 488/2/478
f 489/2/479 487/2/477 491/2/481
f 486/2/476 490/2/480 492/2/482
f 493/2/483 489/2/479 491/2/481
f 494/2/484 492/2/482 490/2/480
f 489/2/479 493/2/483 495/2/485
f 492/2/482 494/2/484 496/2/484
f 497/2/486 495/2/485 493/2/483
f 496/2/484 494/2/484 498/2/487
f 495/2/485 497/2/486 499/2/488
f 500/2/489 498/2/487 494/2/484
f 497/2/486 501/2/490 499/2/488
f 498/2/487 500/2/489 502/2/491
f 501/2/490 497/2/486 503/2/492
f 504/2/493 502/2/491 500/2/489
f 503/2/492 505/2/494 501/2/490
f 506/2/495 502/2/491 504/2/493
f 505/2/494 503/2/492 507/2/496
f 502/2/491 506/2/495 508/2/497
f 505/2/494 508/2/497 506/2/495
f 508/2/497 505/2/494 507/2/496
f 509/2/498 510/2/499 511/2/500
f 510/2/499 512/2/501 513/2/502
f 514/2/503 510/2/499 509/2/498
f 510/2/499 514/2/503 515/2/504
f 512/2/501 510/2/499 515/2/504
f 516/2/505 515/2/504 514/2/503
f 515/2/504 517/2/506 512/2/501
f 517/2/506 518/2/501 512/2/501
f 518/2/501 517/2/506 519/2/501
f 519/2/501 517/2/506 520/2/506
f 517/2/506 521/2/507 520/2/506
f 521/2/507 517/2/506 522/2/508
f 522/2/508 517/2/506 523/2/509
f 524/2/510 517/2/506 515/2/504
f 524/2/510 523/2/509 517/2/506
f 515/2/504 516/2/505 524/2/510
f 523/2/509 524/2/510 525/2/511
f 525/2/511 524/2/510 516/2/505
f 525/2/511 526/2/512 523/2/509
f 525/2/511 516/2/505 527/2/513
f 526/2/512 525/2/511 528/2/514
f 527/2/513 528/2/514 525/2/511
f 528/2/514 527/2/513 529/2/515
f 528/2/514 530/2/516 526/2/512
f 531/2/517 528/2/514 529/2/515
f 528/2/514 531/2/517 532/2/518
f 530/2/516 528/2/514 532/2/518
f 533/2/519 532/2/518 531/2/517
f 532/2/518 534/2/520 530/2/516
f 534/2/520 535/2/521 530/2/516
f 535/2/521 534/2/520 536/2/522
f 536/2/522 534/2/520 537/2/520
f 538/2/523 537/2/520 534/2/520
f 534/2/520 539/2/524 538/2/523
f 539/2/524 534/2/520 540/2/523
f 534/2/520 532/2/518 541/2/525
f 540/2/523 534/2/520 541/2/525
f 532/2/518 533/2/519 541/2/525
f 540/2/523 541/2/525 542/2/526
f 542/2/526 541/2/525 533/2/519
f 543/2/527 540/2/523 542/2/526
f 533/2/519 544/2/528 542/2/526
f 543/2/527 542/2/526 545/2/529
f 545/2/529 542/2/526 544/2/528
f 546/2/512 547/2/512 548/2/512
f 546/2/512 548/2/512 549/2/512
f 547/2/512 550/2/512 548/2/512
f 550/2/512 547/2/512 551/2/512
f 552/2/530 553/2/531 554/2/532
f 553/2/531 552/2/530 555/2/533
f 554/2/532 553/2/531 556/2/534
f 557/2/529 555/2/533 552/2/530
f 555/2/533 557/2/529 558/2/535
f 557/2/529 559/2/536 558/2/535
f 553/2/531 560/2/537 556/2/534
f 561/2/538 557/2/529 552/2/530
f 561/2/538 562/2/527 557/2/529
f 563/2/539 561/2/538 552/2/530
f 563/2/539 552/2/530 554/2/532
f 563/2/539 564/2/538 561/2/538
f 564/2/538 563/2/539 565/2/538
f 565/2/538 563/2/539 566/2/539
f 566/2/539 563/2/539 567/2/540
f 563/2/539 568/2/541 567/2/540
f 563/2/539 569/2/541 568/2/541
f 563/2/539 554/2/532 569/2/541
f 554/2/532 556/2/534 569/2/541
f 569/2/541 556/2/534 570/2/425
f 556/2/534 571/2/542 570/2/425
f 556/2/534 560/2/537 571/2/542
f 560/2/537 572/2/543 571/2/542
f 570/2/425 571/2/542 573/2/544
f 574/2/545 571/2/542 572/2/543
f 571/2/542 574/2/545 575/2/546
f 571/2/542 575/2/546 573/2/544
f 576/2/547 575/2/546 574/2/545
f 573/2/544 575/2/546 577/2/548
f 577/2/548 578/2/549 573/2/544
f 578/2/549 577/2/548 579/2/550
f 579/2/550 577/2/548 580/2/548
f 577/2/548 581/2/551 580/2/548
f 581/2/551 577/2/548 582/2/552
f 582/2/552 577/2/548 583/2/551
f 575/2/546 584/2/553 577/2/548
f 584/2/553 583/2/551 577/2/548
f 575/2/546 576/2/547 584/2/553
f 585/2/554 583/2/551 584/2/553
f 576/2/547 585/2/554 584/2/553
f 585/2/554 586/2/502 583/2/551
f 587/2/555 585/2/554 576/2/547
f 586/2/502 585/2/554 588/2/499
f 587/2/555 588/2/499 585/2/554
f 589/2/556 590/2/557 591/2/558
f 590/2/557 589/2/556 592/2/556
f 593/2/559 591/2/558 590/2/557
f 591/2/558 593/2/559 594/2/559
f 595/2/560 594/2/559 593/2/559
f 594/2/559 595/2/560 596/2/560
f 597/2/561 596/2/560 595/2/560
f 596/2/560 597/2/561 598/2/561
f 599/2/562 600/2/563 601/2/562
f 600/2/563 602/2/564 601/2/562
f 600/2/563 599/2/562 603/2/565
f 604/2/566 600/2/563 603/2/565
f 605/2/566 600/2/563 604/2/566
f 600/2/563 605/2/566 606/2/567
f 607/2/568 608/2/569 609/2/568
f 609/2/568 608/2/569 610/2/570
f 608/2/569 607/2/568 611/2/571
f 611/2/571 612/2/572 608/2/569
f 613/2/572 608/2/569 612/2/572
f 608/2/569 613/2/572 614/2/573
f 615/2/574 616/2/575 617/2/576
f 616/2/575 615/2/574 618/2/577
f 619/2/578 615/2/574 617/2/576
f 615/2/574 619/2/578 620/2/579
f 616/2/575 618/2/577 621/2/580
f 619/2/578 622/2/581 620/2/579
f 622/2/581 619/2/578 623/2/582
f 623/2/582 624/2/583 622/2/581
f 617/2/576 625/2/584 619/2/578
f 624/2/583 623/2/582 626/2/585
f 626/2/585 627/2/586 624/2/583
f 619/2/578 628/2/587 623/2/582
f 628/2/587 619/2/578 625/2/584
f 629/2/588 626/2/585 623/2/582
f 628/2/587 629/2/588 623/2/582
f 629/2/588 628/2/587 630/2/589
f 631/2/590 630/2/589 628/2/587
f 625/2/584 631/2/590 628/2/587
f 630/2/589 632/2/591 629/2/588
f 631/2/590 625/2/584 633/2/592
f 634/2/593 633/2/592 625/2/584
f 629/2/588 635/2/594 626/2/585
f 635/2/594 629/2/588 632/2/591
f 636/2/595 626/2/585 635/2/594
f 627/2/586 626/2/585 636/2/595
f 632/2/591 637/2/596 635/2/594
f 635/2/594 637/2/596 636/2/595
f 637/2/596 632/2/591 638/2/597
f 638/2/597 639/2/598 637/2/596
f 636/2/595 640/2/599 627/2/586
f 637/2/596 640/2/599 636/2/595
f 641/2/600 627/2/586 640/2/599
f 640/2/599 642/2/601 641/2/600
f 639/2/598 643/2/602 637/2/596
f 640/2/599 637/2/596 643/2/602
f 639/2/598 644/2/603 643/2/602
f 642/2/601 640/2/599 645/2/604
f 643/2/602 645/2/604 640/2/599
f 645/2/604 646/2/605 642/2/601
f 644/2/603 647/2/606 643/2/602
f 645/2/604 643/2/602 647/2/606
f 644/2/603 648/2/607 647/2/606
f 648/2/607 644/2/603 649/2/608
f 647/2/606 650/2/609 645/2/604
f 646/2/605 645/2/604 650/2/609
f 648/2/607 650/2/609 647/2/606
f 649/2/608 651/2/610 648/2/607
f 652/2/611 646/2/605 650/2/609
f 650/2/609 648/2/607 652/2/611
f 646/2/605 652/2/611 653/2/612
f 652/2/611 654/2/613 653/2/612
f 648/2/607 655/2/614 652/2/611
f 655/2/614 648/2/607 651/2/610
f 654/2/613 652/2/611 656/2/615
f 655/2/614 656/2/615 652/2/611
f 656/2/615 657/2/616 654/2/613
f 651/2/610 658/2/617 655/2/614
f 655/2/614 658/2/617 656/2/615
f 658/2/617 651/2/610 659/2/618
f 658/2/617 657/2/616 656/2/615
f 659/2/618 660/2/619 658/2/617
f 657/2/616 661/2/620 654/2/613
f 657/2/616 662/2/621 661/2/620
f 663/2/622 658/2/617 660/2/619
f 658/2/617 663/2/622 657/2/616
f 660/2/619 664/2/623 663/2/622
f 662/2/621 657/2/616 665/2/624
f 663/2/622 665/2/624 657/2/616
f 665/2/624 666/2/625 662/2/621
f 667/2/626 663/2/622 664/2/623
f 663/2/622 667/2/626 665/2/624
f 664/2/623 668/2/627 667/2/626
f 668/2/627 664/2/623 669/2/628
f 667/2/626 670/2/629 665/2/624
f 667/2/626 668/2/627 670/2/629
f 666/2/625 665/2/624 670/2/629
f 668/2/627 671/2/630 670/2/629
f 670/2/629 671/2/630 666/2/625
f 672/2/631 666/2/625 671/2/630
f 673/2/632 674/2/633 675/2/634
f 674/2/633 676/2/634 675/2/634
f 674/2/633 677/2/635 676/2/634
f 678/2/636 674/2/633 673/2/632
f 679/2/636 674/2/633 678/2/636
f 674/2/633 679/2/636 680/2/637
f 681/2/638 682/2/639 683/2/639
f 682/2/639 681/2/638 684/2/640
f 683/2/639 685/2/641 681/2/638
f 686/2/642 681/2/638 685/2/641
f 687/2/642 681/2/638 686/2/642
f 681/2/638 687/2/642 688/2/643
f 689/2/644 690/2/645 691/2/645
f 692/2/646 691/2/645 690/2/645
f 690/2/645 689/2/644 693/2/647
f 692/2/646 690/2/645 694/2/648
f 695/2/649 693/2/647 689/2/644
f 692/2/646 694/2/648 696/2/650
f 693/2/647 695/2/649 697/2/651
f 696/2/650 694/2/648 698/2/652
f 699/2/653 697/2/651 695/2/649
f 698/2/652 700/2/654 696/2/650
f 697/2/651 699/2/653 701/2/655
f 700/2/654 698/2/652 702/2/656
f 699/2/653 703/2/657 701/2/655
f 704/2/657 700/2/654 702/2/656
f 703/2/657 699/2/653 705/2/657
f 700/2/654 704/2/657 706/2/657
f 707/2/658 703/2/657 705/2/657
f 708/2/659 706/2/657 704/2/657
f 703/2/657 707/2/658 709/2/660
f 704/2/657 710/2/661 708/2/659
f 707/2/658 711/2/662 709/2/660
f 708/2/659 710/2/661 712/2/663
f 711/2/662 707/2/658 713/2/664
f 712/2/663 714/2/665 708/2/659
f 713/2/664 715/2/666 711/2/662
f 716/2/667 714/2/665 712/2/663
f 715/2/666 713/2/664 717/2/668
f 714/2/665 716/2/667 718/2/669
f 719/2/670 715/2/666 717/2/668
f 720/2/671 718/2/669 716/2/667
f 717/2/668 721/2/672 719/2/670
f 718/2/669 720/2/671 722/2/671
f 723/2/673 719/2/670 721/2/672
f 720/2/671 724/2/674 722/2/671
f 719/2/670 723/2/673 725/2/675
f 724/2/674 720/2/671 726/2/676
f 727/2/677 725/2/675 723/2/673
f 728/2/678 724/2/674 726/2/676
f 725/2/675 727/2/677 729/2/679
f 730/2/680 728/2/678 726/2/676
f 731/2/681 729/2/679 727/2/677
f 730/2/680 732/2/682 728/2/678
f 733/2/683 729/2/679 731/2/681
f 732/2/682 730/2/680 734/2/684
f 731/2/681 735/2/657 733/2/683
f 736/2/657 732/2/682 734/2/684
f 737/2/657 735/2/657 731/2/681
f 732/2/682 736/2/657 738/2/657
f 739/2/685 735/2/657 737/2/657
f 740/2/686 738/2/657 736/2/657
f 735/2/657 739/2/685 741/2/687
f 742/2/688 740/2/686 736/2/657
f 739/2/685 743/2/689 741/2/687
f 742/2/688 744/2/690 740/2/686
f 743/2/689 739/2/685 745/2/691
f 744/2/690 746/2/692 740/2/686
f 747/2/693 743/2/689 745/2/691
f 748/2/694 746/2/692 744/2/690
f 745/2/691 749/2/695 747/2/693
f 746/2/692 748/2/694 750/2/696
f 749/2/695 751/2/697 747/2/693
f 751/2/697 750/2/696 748/2/694
f 751/2/697 749/2/695 752/2/697
f 750/2/696 751/2/697 752/2/697
f 753/2/644 754/2/645 755/2/645
f 756/2/646 755/2/645 754/2/645
f 754/2/645 753/2/644 757/2/647
f 756/2/646 754/2/645 758/2/648
f 759/2/649 757/2/647 753/2/644
f 756/2/646 758/2/648 760/2/650
f 757/2/647 759/2/649 761/2/698
f 760/2/650 758/2/648 762/2/652
f 763/2/653 761/2/698 759/2/649
f 762/2/652 764/2/654 760/2/650
f 761/2/698 763/2/653 765/2/699
f 764/2/654 762/2/652 766/2/656
f 763/2/653 767/2/657 765/2/699
f 768/2/657 764/2/654 766/2/656
f 767/2/657 763/2/653 769/2/657
f 764/2/654 768/2/657 770/2/657
f 771/2/658 767/2/657 769/2/657
f 772/2/700 770/2/657 768/2/657
f 767/2/657 771/2/658 773/2/660
f 768/2/657 774/2/661 772/2/700
f 771/2/658 775/2/662 773/2/660
f 772/2/700 774/2/661 776/2/663
f 775/2/662 771/2/658 777/2/701
f 776/2/663 778/2/665 772/2/700
f 777/2/701 779/2/666 775/2/662
f 780/2/667 778/2/665 776/2/663
f 779/2/666 777/2/701 781/2/668
f 778/2/665 780/2/667 782/2/702
f 783/2/672 779/2/666 781/2/668
f 784/2/671 782/2/702 780/2/667
f 781/2/668 785/2/703 783/2/672
f 782/2/702 784/2/671 786/2/704
f 787/2/705 783/2/672 785/2/703
f 784/2/671 788/2/674 786/2/704
f 783/2/672 787/2/705 789/2/675
f 788/2/674 784/2/671 790/2/706
f 791/2/677 789/2/675 787/2/705
f 792/2/678 788/2/674 790/2/706
f 789/2/675 791/2/677 793/2/679
f 794/2/680 792/2/678 790/2/706
f 795/2/681 793/2/679 791/2/677
f 794/2/680 796/2/707 792/2/678
f 797/2/683 793/2/679 795/2/681
f 796/2/707 794/2/680 798/2/684
f 795/2/681 799/2/657 797/2/683
f 800/2/657 796/2/707 798/2/684
f 801/2/657 799/2/657 795/2/681
f 796/2/707 800/2/657 802/2/657
f 803/2/685 799/2/657 801/2/657
f 804/2/686 802/2/657 800/2/657
f 799/2/657 803/2/685 805/2/687
f 806/2/688 804/2/686 800/2/657
f 803/2/685 807/2/689 805/2/687
f 806/2/688 808/2/708 804/2/686
f 807/2/689 803/2/685 809/2/691
f 808/2/708 810/2/692 804/2/686
f 811/2/693 807/2/689 809/2/691
f 812/2/694 810/2/692 808/2/708
f 809/2/691 813/2/695 811/2/693
f 810/2/692 812/2/694 814/2/696
f 813/2/695 815/2/697 811/2/693
f 815/2/697 814/2/696 812/2/694
f 815/2/697 813/2/695 816/2/697
f 814/2/696 815/2/697 816/2/697
f 817/2/709 818/2/512 819/2/710
f 818/2/512 817/2/709 820/2/512
f 819/2/710 821/2/711 817/2/709
f 821/2/711 822/2/712 817/2/709
f 821/2/711 823/2/713 822/2/712
f 821/2/711 824/2/714 823/2/713
f 825/2/715 823/2/713 824/2/714
f 823/2/713 825/2/715 826/2/716
f 825/2/715 827/2/425 826/2/716
f 825/2/715 828/2/425 827/2/425
f 829/2/709 830/2/512 831/2/710
f 830/2/512 829/2/709 832/2/512
f 831/2/710 833/2/711 829/2/709
f 833/2/711 834/2/712 829/2/709
f 833/2/711 835/2/717 834/2/712
f 833/2/711 836/2/718 835/2/717
f 837/2/719 835/2/717 836/2/718
f 835/2/717 837/2/719 838/2/716
f 837/2/719 839/2/425 838/2/716
f 837/2/719 840/2/425 839/2/425
f 841/2/709 842/2/512 843/2/720
f 842/2/512 841/2/709 844/2/512
f 843/2/720 845/2/712 841/2/709
f 845/2/712 846/2/712 841/2/709
f 845/2/712 847/2/717 846/2/712
f 845/2/712 848/2/721 847/2/717
f 849/2/716 847/2/717 848/2/721
f 847/2/717 849/2/716 850/2/716
f 849/2/716 851/2/425 850/2/716
f 849/2/716 852/2/425 851/2/425
f 853/2/720 854/2/512 855/2/512
f 854/2/512 853/2/720 856/2/709
f 853/2/720 857/2/722 856/2/709
f 853/2/720 858/2/722 857/2/722
f 858/2/722 859/2/723 857/2/722
f 860/2/714 857/2/722 859/2/723
f 859/2/723 861/2/719 860/2/714
f 862/2/719 861/2/719 859/2/723
f 862/2/719 863/2/425 861/2/719
f 863/2/425 864/2/425 861/2/719
f 865/2/709 866/2/512 867/2/512
f 866/2/512 865/2/709 868/2/710
f 865/2/709 869/2/711 868/2/710
f 865/2/709 870/2/712 869/2/711
f 870/2/712 871/2/717 869/2/711
f 872/2/718 869/2/711 871/2/717
f 871/2/717 873/2/719 872/2/718
f 874/2/716 873/2/719 871/2/717
f 874/2/716 875/2/425 873/2/719
f 875/2/425 876/2/425 873/2/719
f 877/2/709 878/2/512 879/2/512
f 878/2/512 877/2/709 880/2/724
f 877/2/709 881/2/711 880/2/724
f 877/2/709 882/2/725 881/2/711
f 882/2/725 883/2/721 881/2/711
f 884/2/721 881/2/711 883/2/721
f 883/2/721 885/2/716 884/2/721
f 885/2/716 883/2/721 886/2/719
f 886/2/719 887/2/425 885/2/716
f 887/2/425 888/2/425 885/2/716
f 889/2/726 890/2/727 891/2/728
f 890/2/727 889/2/726 892/2/729
f 889/2/726 893/2/730 892/2/729
f 894/2/731 891/2/728 890/2/727
f 893/2/730 889/2/726 895/2/732
f 895/2/732 896/2/733 893/2/730
f 891/2/728 897/2/734 889/2/726
f 895/2/732 889/2/726 897/2/734
f 891/2/728 894/2/731 898/2/735
f 896/2/733 895/2/732 899/2/736
f 897/2/734 891/2/728 900/2/737
f 901/2/738 896/2/733 899/2/736
f 897/2/734 902/2/739 895/2/732
f 896/2/733 901/2/738 903/2/740
f 897/2/734 900/2/737 904/2/741
f 902/2/739 897/2/734 904/2/741
f 891/2/728 905/2/742 900/2/737
f 891/2/728 898/2/735 905/2/742
f 900/2/737 905/2/742 904/2/741
f 906/2/743 898/2/735 894/2/731
f 906/2/743 905/2/742 898/2/735
f 894/2/731 907/2/744 906/2/743
f 905/2/742 906/2/743 908/2/745
f 905/2/742 908/2/745 904/2/741
f 909/2/746 906/2/743 907/2/744
f 907/2/744 910/2/747 909/2/746
f 911/2/748 909/2/746 910/2/747
f 906/2/743 912/2/749 908/2/745
f 912/2/749 906/2/743 909/2/746
f 908/2/745 912/2/749 904/2/741
f 909/2/746 911/2/748 913/2/750
f 913/2/750 912/2/749 909/2/746
f 914/2/751 913/2/750 911/2/748
f 912/2/749 913/2/750 915/2/752
f 912/2/749 915/2/752 904/2/741
f 913/2/750 914/2/751 916/2/753
f 917/2/754 915/2/752 913/2/750
f 913/2/750 916/2/753 917/2/754
f 915/2/752 917/2/754 904/2/741
f 916/2/753 914/2/751 918/2/755
f 918/2/755 917/2/754 916/2/753
f 914/2/751 919/2/756 918/2/755
f 917/2/754 918/2/755 920/2/757
f 917/2/754 920/2/757 904/2/741
f 918/2/755 919/2/756 921/2/758
f 919/2/756 922/2/759 921/2/758
f 923/2/760 921/2/758 922/2/759
f 918/2/755 924/2/761 920/2/757
f 918/2/755 921/2/758 924/2/761
f 920/2/757 924/2/761 904/2/741
f 921/2/758 923/2/760 925/2/762
f 925/2/762 924/2/761 921/2/758
f 926/2/763 925/2/762 923/2/760
f 924/2/761 925/2/762 927/2/764
f 924/2/761 927/2/764 904/2/741
f 925/2/762 926/2/763 928/2/765
f 925/2/762 929/2/766 927/2/764
f 929/2/766 925/2/762 928/2/765
f 927/2/764 929/2/766 904/2/741
f 926/2/763 930/2/767 928/2/765
f 930/2/767 929/2/766 928/2/765
f 930/2/767 926/2/763 931/2/768
f 929/2/766 930/2/767 932/2/769
f 929/2/766 932/2/769 904/2/741
f 931/2/768 933/2/770 930/2/767
f 934/2/771 933/2/770 931/2/768
f 903/2/740 933/2/770 934/2/771
f 935/2/772 932/2/769 930/2/767
f 930/2/767 933/2/770 935/2/772
f 932/2/769 935/2/772 904/2/741
f 933/2/770 903/2/740 901/2/738
f 901/2/738 935/2/772 933/2/770
f 935/2/772 901/2/738 936/2/773
f 935/2/772 936/2/773 904/2/741
f 901/2/738 937/2/774 936/2/773
f 936/2/773 937/2/774 904/2/741
f 937/2/774 901/2/738 899/2/736
f 937/2/774 902/2/739 904/2/741
f 895/2/732 937/2/774 899/2/736
f 937/2/774 895/2/732 902/2/739
f 938/2/775 939/2/776 940/2/777
f 941/2/778 940/2/777 939/2/776
f 939/2/776 938/2/775 942/2/779
f 939/2/776 943/2/780 941/2/778
f 944/2/781 942/2/779 938/2/775
f 945/2/782 941/2/778 943/2/780
f 942/2/779 944/2/781 946/2/783
f 943/2/780 947/2/784 945/2/782
f 944/2/781 948/2/785 946/2/783
f 949/2/786 945/2/782 947/2/784
f 948/2/785 944/2/781 950/2/787
f 945/2/782 949/2/786 951/2/788
f 950/2/787 952/2/789 948/2/785
f 953/2/790 951/2/788 949/2/786
f 952/2/789 950/2/787 954/2/791
f 951/2/788 953/2/790 955/2/792
f 956/2/793 952/2/789 954/2/791
f 955/2/792 953/2/790 957/2/794
f 952/2/789 956/2/793 958/2/795
f 953/2/790 959/2/796 957/2/794
f 960/2/797 958/2/795 956/2/793
f 957/2/794 959/2/796 961/2/798
f 958/2/795 960/2/797 962/2/799
f 959/2/796 963/2/800 961/2/798
f 962/2/799 960/2/797 964/2/801
f 965/2/802 961/2/798 963/2/800
f 964/2/801 960/2/797 966/2/803
f 961/2/798 965/2/802 967/2/804
f 966/2/803 968/2/805 964/2/801
f 968/2/805 967/2/804 965/2/802
f 968/2/805 966/2/803 969/2/806
f 967/2/804 968/2/805 969/2/806
f 970/2/775 971/2/776 972/2/776
f 973/2/807 972/2/776 971/2/776
f 971/2/776 970/2/775 974/2/808
f 971/2/776 975/2/809 973/2/807
f 976/2/781 974/2/808 970/2/775
f 977/2/782 973/2/807 975/2/809
f 974/2/808 976/2/781 978/2/810
f 975/2/809 979/2/784 977/2/782
f 976/2/781 980/2/785 978/2/810
f 981/2/786 977/2/782 979/2/784
f 980/2/785 976/2/781 982/2/811
f 977/2/782 981/2/786 983/2/812
f 982/2/811 984/2/789 980/2/785
f 985/2/792 983/2/812 981/2/786
f 984/2/789 982/2/811 986/2/789
f 983/2/812 985/2/792 987/2/790
f 988/2/813 984/2/789 986/2/789
f 987/2/790 985/2/792 989/2/814
f 984/2/789 988/2/813 990/2/795
f 985/2/792 991/2/796 989/2/814
f 992/2/797 990/2/795 988/2/813
f 989/2/814 991/2/796 993/2/798
f 990/2/795 992/2/797 994/2/815
f 991/2/796 995/2/800 993/2/798
f 994/2/815 992/2/797 996/2/816
f 997/2/817 993/2/798 995/2/800
f 996/2/816 992/2/797 998/2/803
f 993/2/798 997/2/817 999/2/818
f 996/2/816 998/2/803 1000/2/819
f 1000/2/819 999/2/818 997/2/817
f 1000/2/819 998/2/803 1001/2/820
f 999/2/818 1000/2/819 1001/2/820
f 1002/2/821 1003/2/822 1004/2/823
f 1005/2/824 1004/2/823 1003/2/822
f 1003/2/822 1002/2/821 1006/2/825
f 1003/2/822 1007/2/826 1005/2/824
f 1006/2/825 1007/2/826 1003/2/822
f 1008/2/827 1005/2/824 1007/2/826
f 1005/2/824 1008/2/827 1009/2/828
f 1008/2/827 1010/2/829 1009/2/828
f 1007/2/826 1011/2/830 1008/2/827
f 1010/2/829 1008/2/827 1011/2/830
f 1006/2/825 1011/2/830 1007/2/826
f 1012/2/831 1010/2/829 1011/2/830
f 1010/2/829 1012/2/831 1013/2/832
f 1014/2/833 1013/2/832 1012/2/831
f 1011/2/830 1015/2/834 1012/2/831
f 1015/2/834 1014/2/833 1012/2/831
f 1006/2/825 1015/2/834 1011/2/830
f 1016/2/835 1014/2/833 1015/2/834
f 1014/2/833 1016/2/835 1017/2/836
f 1016/2/835 1018/2/837 1017/2/836
f 1015/2/834 1019/2/838 1016/2/835
f 1018/2/837 1016/2/835 1019/2/838
f 1015/2/834 1020/2/839 1019/2/838
f 1020/2/839 1015/2/834 1006/2/825
f 1021/2/840 1018/2/837 1019/2/838
f 1019/2/838 1020/2/839 1021/2/840
f 1018/2/837 1021/2/840 1022/2/841
f 1022/2/841 1021/2/840 1023/2/842
f 1023/2/842 1021/2/840 1020/2/839
f 1024/2/843 1023/2/842 1020/2/839
f 1023/2/842 1024/2/843 1025/2/844
f 1026/2/845 1025/2/844 1024/2/843
f 1027/2/846 1024/2/843 1020/2/839
f 1027/2/846 1026/2/845 1024/2/843
f 1020/2/839 1006/2/825 1027/2/846
f 1028/2/847 1026/2/845 1027/2/846
f 1026/2/845 1028/2/847 1029/2/848
f 1028/2/847 1030/2/849 1029/2/848
f 1027/2/846 1031/2/850 1028/2/847
f 1030/2/849 1028/2/847 1031/2/850
f 1027/2/846 1006/2/825 1031/2/850
f 1032/2/851 1030/2/849 1031/2/850
f 1031/2/850 1006/2/825 1032/2/851
f 1030/2/849 1032/2/851 1033/2/852
f 1006/2/825 1002/2/821 1032/2/851
f 1033/2/852 1032/2/851 1002/2/821
f 1034/2/657 1035/2/657 1036/2/657
f 1037/2/657 1036/2/657 1035/2/657
f 1038/2/853 1039/2/854 1040/2/855
f 1040/2/855 1039/2/854 1041/2/855
f 1042/2/856 1038/2/853 1040/2/855
f 1038/2/853 1042/2/856 1043/2/857
f 1044/2/858 1039/2/854 1045/2/858
f 1045/2/858 1039/2/854 1046/2/858
f 1047/2/859 1039/2/854 1044/2/858
f 1039/2/854 1047/2/859 1048/2/858
f 1048/2/858 1047/2/859 1049/2/860
f 1049/2/860 1047/2/859 1050/2/861
f 1051/2/861 1050/2/861 1047/2/859
f 1050/2/861 1051/2/861 1052/2/861
f 1053/2/862 1052/2/861 1051/2/861
f 1053/2/862 1054/2/861 1052/2/861
f 1054/2/861 1053/2/862 1055/2/861
f 1056/2/860 1055/2/861 1053/2/862
f 1057/2/863 1054/2/861 1055/2/861
f 1058/2/864 1055/2/861 1056/2/860
f 1054/2/861 1057/2/863 1059/2/861
f 1060/2/865 1058/2/864 1056/2/860
f 1057/2/863 1061/2/866 1059/2/861
f 1060/2/865 1062/2/858 1058/2/864
f 1061/2/866 1057/2/863 1063/2/865
f 1060/2/865 1064/2/867 1062/2/858
f 1061/2/866 1063/2/865 1065/2/858
f 1066/2/867 1064/2/867 1060/2/865
f 1065/2/858 1067/2/865 1061/2/866
f 1067/2/865 1065/2/858 1068/2/858
f 1064/2/867 1066/2/867 1069/2/858
f 1069/2/858 1067/2/865 1068/2/858
f 1046/2/858 1069/2/858 1066/2/867
f 1039/2/854 1069/2/858 1046/2/858
f 1067/2/865 1069/2/858 1070/2/858
f 1069/2/858 1039/2/854 1038/2/853
f 1069/2/858 1038/2/853 1070/2/858
f 1071/2/858 1070/2/858 1038/2/853
f 1070/2/858 1071/2/858 1072/2/858
f 1073/2/858 1071/2/858 1038/2/853
f 1074/2/858 1073/2/858 1038/2/853
f 1073/2/858 1074/2/858 1075/2/858
f 1076/2/858 1072/2/858 1071/2/858
f 1077/2/858 1072/2/858 1076/2/858
f 1072/2/858 1077/2/858 1078/2/858
f 1079/2/868 1080/2/869 1081/2/869
f 1079/2/868 1082/2/870 1080/2/869
f 1082/2/870 1083/2/869 1080/2/869
f 1083/2/869 1082/2/870 1084/2/871
f 1079/2/868 1085/2/872 1086/2/872
f 1087/2/872 1079/2/868 1086/2/872
f 1079/2/868 1088/2/873 1085/2/872
f 1089/2/874 1088/2/873 1079/2/868
f 1088/2/873 1089/2/874 1090/2/875
f 1088/2/873 1090/2/875 1091/2/876
f 1091/2/876 1092/2/877 1088/2/873
f 1092/2/877 1091/2/876 1093/2/876
f 1093/2/876 1094/2/876 1092/2/877
f 1095/2/876 1094/2/876 1093/2/876
f 1096/2/872 1079/2/868 1087/2/872
f 1082/2/870 1079/2/868 1096/2/872
f 1097/2/872 1096/2/872 1087/2/872
f 1096/2/872 1097/2/872 1098/2/872
f 1099/2/872 1098/2/872 1097/2/872
f 1098/2/872 1099/2/872 1100/2/872
f 1099/2/872 1101/2/875 1100/2/872
f 1101/2/875 1099/2/872 1102/2/878
f 1102/2/878 1094/2/876 1101/2/875
f 1101/2/875 1094/2/876 1103/2/876
f 1094/2/876 1095/2/876 1103/2/876
f 1103/2/876 1095/2/876 1104/2/879
f 1104/2/879 1095/2/876 1105/2/880
f 1106/2/881 1104/2/879 1105/2/880
f 1107/2/872 1104/2/879 1106/2/881
f 1106/2/881 1108/2/872 1107/2/872
f 1109/2/872 1108/2/872 1106/2/881
f 1108/2/872 1109/2/872 1110/2/874
f 1109/2/872 1096/2/872 1110/2/874
f 1111/2/872 1096/2/872 1109/2/872
f 1082/2/870 1096/2/872 1111/2/872
f 1112/2/872 1082/2/870 1111/2/872
f 1113/2/874 1112/2/872 1111/2/872
f 1082/2/870 1112/2/872 1114/2/874
f 1114/2/874 1115/2/872 1082/2/870
f 1115/2/872 1114/2/874 1116/2/874
f 1117/2/874 1112/2/872 1113/2/874
f 1113/2/874 1118/2/874 1117/2/874
f 1118/2/874 1113/2/874 1119/2/874
f 1120/2/527 1121/2/527 1122/2/527
f 1120/2/527 1122/2/527 1123/2/527
f 1121/2/527 1120/2/527 1124/2/527
f 1121/2/527 1124/2/527 1125/2/527
f 1126/2/527 1127/2/527 1128/2/527
f 1126/2/527 1129/2/527 1127/2/527
f 1129/2/527 1126/2/527 1130/2/527
f 1129/2/527 1130/2/527 1131/2/527
f 1132/2/502 1133/2/502 1134/2/502
f 1133/2/502 1132/2/502 1135/2/502
f 1132/2/502 1134/2/502 1136/2/502
f 1136/2/502 1134/2/502 1137/2/502
f 1138/2/502 1139/2/502 1140/2/502
f 1139/2/502 1138/2/502 1141/2/502
f 1138/2/502 1140/2/502 1142/2/502
f 1140/2/502 1143/2/502 1142/2/502
f 1144/2/882 1145/2/883 1146/2/884
f 1145/2/883 1144/2/882 1147/2/885
f 1148/2/886 1146/2/884 1145/2/883
f 1149/2/887 1144/2/882 1146/2/884
f 1144/2/882 1149/2/887 1150/2/888
f 1146/2/884 1148/2/886 1151/2/889
f 1148/2/886 1152/2/890 1151/2/889
f 1152/2/890 1148/2/886 1153/2/891
f 1154/2/892 1146/2/884 1151/2/889
f 1152/2/890 1154/2/892 1151/2/889
f 1146/2/884 1154/2/892 1149/2/887
f 1154/2/892 1152/2/890 1155/2/893
f 1156/2/894 1154/2/892 1155/2/893
f 1157/2/895 1156/2/894 1158/2/896
f 1156/2/894 1157/2/895 1159/2/897
f 1154/2/892 1156/2/894 1159/2/897
f 1160/2/898 1159/2/897 1157/2/895
f 1159/2/897 1160/2/898 1161/2/899
f 1162/2/900 1159/2/897 1161/2/899
f 1162/2/900 1154/2/892 1159/2/897
f 1154/2/892 1162/2/900 1163/2/901
f 1154/2/892 1163/2/901 1164/2/902
f 1149/2/887 1154/2/892 1164/2/902
f 1149/2/887 1164/2/902 1165/2/903
f 1149/2/887 1165/2/903 1166/2/904
f 1166/2/904 1167/2/905 1149/2/887
f 1167/2/905 1150/2/888 1149/2/887
f 1167/2/905 1166/2/904 1168/2/906
f 1169/2/907 1167/2/905 1168/2/906
f 1150/2/888 1167/2/905 1170/2/908
f 1167/2/905 1169/2/907 1171/2/909
f 1171/2/909 1170/2/908 1167/2/905
f 1170/2/908 1171/2/909 1172/2/910
f 1173/2/911 1174/2/912 1175/2/913
f 1176/2/914 1177/2/915 1174/2/912
f 1177/2/915 1175/2/913 1174/2/912
f 1173/2/911 1175/2/913 1178/2/916
f 1179/2/917 1173/2/911 1178/2/916
f 1173/2/911 1179/2/917 1180/2/918
f 1178/2/916 1181/2/919 1179/2/917
f 1175/2/913 1181/2/919 1178/2/916
f 1179/2/917 1181/2/919 1182/2/920
f 1177/2/915 1183/2/921 1175/2/913
f 1181/2/919 1175/2/913 1183/2/921
f 1183/2/921 1177/2/915 1184/2/922
f 1181/2/919 1185/2/923 1182/2/920
f 1184/2/922 1186/2/924 1183/2/921
f 1186/2/924 1184/2/922 1187/2/925
f 1188/2/926 1187/2/925 1189/2/927
f 1187/2/925 1188/2/926 1186/2/924
f 1186/2/924 1188/2/926 1190/2/928
f 1190/2/928 1191/2/929 1186/2/924
f 1191/2/929 1192/2/930 1186/2/924
f 1192/2/930 1183/2/921 1186/2/924
f 1183/2/921 1192/2/930 1193/2/930
f 1183/2/921 1193/2/930 1194/2/930
f 1181/2/919 1183/2/921 1194/2/930
f 1181/2/919 1194/2/930 1195/2/931
f 1181/2/919 1195/2/931 1196/2/932
f 1196/2/932 1197/2/933 1181/2/919
f 1185/2/923 1181/2/919 1197/2/933
f 1197/2/933 1196/2/932 1198/2/934
f 1199/2/935 1197/2/933 1198/2/934
f 1197/2/933 1199/2/935 1200/2/936
f 1197/2/933 1200/2/936 1185/2/923
f 1185/2/923 1200/2/936 1201/2/937
f 1202/2/938 1203/2/939 1204/2/938
f 1203/2/939 1202/2/938 1205/2/940
f 1204/2/938 1206/2/941 1202/2/938
f 1206/2/941 1204/2/938 1207/2/942
f 1206/2/941 1208/2/943 1202/2/938
f 1209/2/502 1202/2/938 1208/2/943
f 1209/2/502 1208/2/943 1210/2/944
f 1210/2/944 1208/2/943 1211/2/945
f 1210/2/944 1211/2/945 1212/2/946
f 1208/2/943 1213/2/947 1211/2/945
f 1213/2/947 1208/2/943 1206/2/941
f 1214/2/948 1213/2/947 1206/2/941
f 1214/2/948 1206/2/941 1207/2/942
f 1204/2/938 1215/2/949 1207/2/942
f 1215/2/949 1214/2/948 1207/2/942
f 1216/2/502 1215/2/949 1204/2/938
f 1214/2/948 1215/2/949 1217/2/950
f 1215/2/949 1216/2/502 1218/2/951
f 1218/2/951 1217/2/950 1215/2/949
f 1217/2/950 1218/2/951 1219/2/952
f 1220/2/953 1221/2/954 1222/2/955
f 1221/2/954 1220/2/953 1223/2/954
f 1224/2/956 1221/2/954 1223/2/954
f 1223/2/954 1225/2/957 1224/2/956
f 1223/2/954 1226/2/527 1225/2/957
f 1227/2/958 1225/2/957 1226/2/527
f 1227/2/958 1228/2/959 1225/2/957
f 1228/2/959 1227/2/958 1229/2/960
f 1230/2/961 1225/2/957 1228/2/959
f 1225/2/957 1230/2/961 1224/2/956
f 1231/2/962 1224/2/956 1230/2/961
f 1221/2/954 1224/2/956 1231/2/962
f 1231/2/962 1230/2/961 1232/2/963
f 1221/2/954 1231/2/962 1233/2/964
f 1233/2/964 1231/2/962 1232/2/963
f 1234/2/527 1221/2/954 1233/2/964
f 1232/2/963 1235/2/965 1233/2/964
f 1233/2/964 1236/2/966 1234/2/527
f 1236/2/966 1233/2/964 1235/2/965
f 1235/2/965 1237/2/967 1236/2/966
f 1238/2/502 1239/2/502 1240/2/502
f 1239/2/502 1238/2/502 1241/2/502
f 1238/2/502 1240/2/502 1242/2/502
f 1242/2/502 1240/2/502 1243/2/502
f 1244/2/502 1245/2/502 1246/2/502
f 1245/2/502 1244/2/502 1247/2/502
f 1244/2/502 1246/2/502 1248/2/502
f 1248/2/502 1246/2/502 1249/2/502
f 1250/2/502 1251/2/502 1252/2/502
f 1251/2/502 1250/2/502 1253/2/502
f 1250/2/502 1252/2/502 1254/2/502
f 1254/2/502 1252/2/502 1255/2/502
f 1256/2/527 1257/2/527 1258/2/527
f 1256/2/527 1258/2/527 1259/2/527
f 1257/2/527 1256/2/527 1260/2/527
f 1257/2/527 1260/2/527 1261/2/527
f 1262/2/527 1263/2/527 1264/2/527
f 1262/2/527 1264/2/527 1265/2/527
f 1263/2/527 1262/2/527 1266/2/527
f 1263/2/527 1266/2/527 1267/2/527
f 1268/2/527 1269/2/527 1270/2/527
f 1268/2/527 1270/2/527 1271/2/527
f 1269/2/527 1268/2/527 1272/2/527
f 1269/2/527 1272/2/527 1273/2/527
f 1274/2/548 1275/2/968 1276/2/969
f 1277/2/970 1275/2/968 1274/2/548
f 1276/2/969 1278/2/971 1274/2/548
f 1277/2/970 1279/2/972 1275/2/968
f 1279/2/972 1276/2/969 1275/2/968
f 1280/2/425 1279/2/972 1277/2/970
f 1280/2/425 1281/2/973 1279/2/972
f 1282/2/974 1281/2/973 1280/2/425
f 1283/2/975 1279/2/972 1281/2/973
f 1282/2/974 1283/2/975 1281/2/973
f 1276/2/969 1279/2/972 1283/2/975
f 1284/2/539 1283/2/975 1282/2/974
f 1284/2/539 1285/2/976 1283/2/975
f 1286/2/977 1285/2/976 1284/2/539
f 1287/2/978 1283/2/975 1285/2/976
f 1285/2/976 1286/2/977 1287/2/978
f 1287/2/978 1276/2/969 1283/2/975
f 1288/2/527 1287/2/978 1286/2/977
f 1287/2/978 1288/2/527 1289/2/979
f 1290/2/980 1289/2/979 1288/2/527
f 1289/2/979 1290/2/980 1291/2/981
f 1287/2/978 1289/2/979 1291/2/981
f 1292/2/520 1291/2/981 1290/2/980
f 1291/2/981 1292/2/520 1293/2/982
f 1293/2/982 1292/2/520 1294/2/522
f 1295/2/983 1287/2/978 1291/2/981
f 1295/2/983 1291/2/981 1293/2/982
f 1293/2/982 1294/2/522 1295/2/983
f 1295/2/983 1276/2/969 1287/2/978
f 1295/2/983 1294/2/522 1296/2/512
f 1295/2/983 1296/2/512 1297/2/984
f 1297/2/984 1296/2/512 1298/2/509
f 1299/2/985 1295/2/983 1297/2/984
f 1297/2/984 1298/2/509 1299/2/985
f 1299/2/985 1276/2/969 1295/2/983
f 1299/2/985 1298/2/509 1300/2/506
f 1299/2/985 1300/2/506 1301/2/986
f 1301/2/986 1300/2/506 1302/2/987
f 1303/2/988 1299/2/985 1301/2/986
f 1302/2/987 1303/2/988 1301/2/986
f 1276/2/969 1299/2/985 1303/2/988
f 1303/2/988 1302/2/987 1304/2/502
f 1276/2/969 1303/2/988 1305/2/989
f 1304/2/502 1305/2/989 1303/2/988
f 1278/2/971 1276/2/969 1305/2/989
f 1305/2/989 1304/2/502 1278/2/971
f 1306/2/548 1307/2/968 1308/2/990
f 1309/2/970 1307/2/968 1306/2/548
f 1308/2/990 1310/2/971 1306/2/548
f 1309/2/970 1311/2/972 1307/2/968
f 1311/2/972 1308/2/990 1307/2/968
f 1312/2/425 1311/2/972 1309/2/970
f 1312/2/425 1313/2/973 1311/2/972
f 1314/2/540 1313/2/973 1312/2/425
f 1315/2/975 1311/2/972 1313/2/973
f 1314/2/540 1315/2/975 1313/2/973
f 1308/2/990 1311/2/972 1315/2/975
f 1316/2/539 1315/2/975 1314/2/540
f 1310/2/971 1308/2/990 1317/2/989
f 1317/2/989 1318/2/502 1310/2/971
f 1316/2/539 1319/2/976 1315/2/975
f 1320/2/977 1319/2/976 1316/2/539
f 1321/2/978 1315/2/975 1319/2/976
f 1319/2/976 1320/2/977 1321/2/978
f 1321/2/978 1308/2/990 1315/2/975
f 1318/2/502 1317/2/989 1322/2/988
f 1308/2/990 1322/2/988 1317/2/989
f 1308/2/990 1321/2/978 1322/2/988
f 1323/2/527 1321/2/978 1320/2/977
f 1322/2/988 1324/2/501 1318/2/502
f 1321/2/978 1323/2/527 1325/2/979
f 1326/2/980 1325/2/979 1323/2/527
f 1321/2/978 1325/2/979 1327/2/981
f 1325/2/979 1326/2/980 1327/2/981
f 1327/2/981 1322/2/988 1321/2/978
f 1328/2/520 1327/2/981 1326/2/980
f 1324/2/501 1322/2/988 1329/2/986
f 1329/2/986 1330/2/506 1324/2/501
f 1327/2/981 1328/2/520 1331/2/982
f 1331/2/982 1328/2/520 1332/2/991
f 1333/2/992 1327/2/981 1331/2/982
f 1331/2/982 1332/2/991 1333/2/992
f 1327/2/981 1333/2/992 1322/2/988
f 1333/2/992 1332/2/991 1334/2/512
f 1335/2/993 1330/2/506 1329/2/986
f 1322/2/988 1335/2/993 1329/2/986
f 1333/2/992 1335/2/993 1322/2/988
f 1335/2/993 1336/2/509 1330/2/506
f 1333/2/992 1334/2/512 1337/2/984
f 1335/2/993 1333/2/992 1337/2/984
f 1337/2/984 1334/2/512 1336/2/509
f 1337/2/984 1336/2/509 1335/2/993
f 1338/2/994 1339/2/995 1340/2/996
f 1339/2/995 1338/2/994 1341/2/994
f 1340/2/996 1342/2/994 1338/2/994
f 1339/2/995 1343/2/997 1340/2/996
f 1340/2/996 1343/2/997 1344/2/997
f 1343/2/997 1339/2/995 1345/2/997
f 1346/2/998 1347/2/999 1348/2/1000
f 1347/2/999 1346/2/998 1349/2/998
f 1348/2/1000 1350/2/998 1346/2/998
f 1347/2/999 1351/2/1001 1348/2/1000
f 1348/2/1000 1351/2/1001 1352/2/1001
f 1351/2/1001 1347/2/999 1353/2/1001
f 1354/2/502 1355/2/502 1356/2/502
f 1356/2/502 1355/2/502 1357/2/502
f 1355/2/502 1354/2/502 1358/2/502
f 1358/2/502 1354/2/502 1359/2/502
f 1360/2/502 1361/2/502 1362/2/502
f 1362/2/502 1361/2/502 1363/2/502
f 1361/2/502 1360/2/502 1364/2/502
f 1364/2/502 1360/2/502 1365/2/502
f 1366/2/502 1367/2/502 1368/2/502
f 1368/2/502 1367/2/502 1369/2/502
f 1367/2/502 1366/2/502 1370/2/502
f 1370/2/502 1366/2/502 1371/2/502
f 1372/2/527 1373/2/527 1374/2/527
f 1373/2/527 1372/2/527 1375/2/527
f 1376/2/527 1374/2/527 1373/2/527
f 1374/2/527 1376/2/527 1377/2/527
f 1378/2/527 1379/2/527 1380/2/527
f 1379/2/527 1378/2/527 1381/2/527
f 1382/2/527 1380/2/527 1379/2/527
f 1380/2/527 1382/2/527 1383/2/527
f 1384/2/527 1385/2/527 1386/2/527
f 1385/2/527 1384/2/527 1387/2/527
f 1388/2/527 1387/2/527 1384/2/527
f 1387/2/527 1388/2/527 1389/2/527
f 1390/2/1002 1391/2/1003 1392/2/1004
f 1392/2/1004 1391/2/1003 1393/2/1005
f 1390/2/1002 1394/2/1006 1391/2/1003
f 1394/2/1006 1395/2/1007 1391/2/1003
f 1394/2/1006 1396/2/1008 1395/2/1007
f 1394/2/1006 1397/2/1009 1396/2/1008
f 1398/2/1010 1396/2/1008 1397/2/1009
f 1396/2/1008 1398/2/1010 1399/2/1011
f 1398/2/1010 1400/2/1012 1399/2/1011
f 1398/2/1010 1401/2/1013 1400/2/1012
f 1402/2/1002 1403/2/1004 1404/2/1005
f 1403/2/1004 1402/2/1002 1405/2/1002
f 1402/2/1002 1406/2/1006 1405/2/1002
f 1402/2/1002 1407/2/1007 1406/2/1006
f 1407/2/1007 1408/2/1008 1406/2/1006
f 1409/2/1008 1406/2/1006 1408/2/1008
f 1408/2/1008 1410/2/1014 1409/2/1008
f 1411/2/1014 1410/2/1014 1408/2/1008
f 1411/2/1014 1412/2/1012 1410/2/1014
f 1412/2/1012 1413/2/1012 1410/2/1014
f 1414/2/502 1415/2/502 1416/2/502
f 1416/2/502 1415/2/502 1417/2/502
f 1415/2/502 1414/2/502 1418/2/502
f 1418/2/502 1414/2/502 1419/2/502
f 1420/2/502 1421/2/502 1422/2/502
f 1423/2/502 1421/2/502 1420/2/502
f 1421/2/502 1423/2/502 1424/2/502
f 1424/2/502 1423/2/502 1425/2/502
f 1426/2/527 1427/2/527 1428/2/527
f 1427/2/527 1426/2/527 1429/2/527
f 1430/2/527 1428/2/527 1427/2/527
f 1428/2/527 1430/2/527 1431/2/527
f 1432/2/527 1433/2/527 1434/2/527
f 1433/2/527 1432/2/527 1435/2/527
f 1436/2/527 1435/2/527 1432/2/527
f 1435/2/527 1436/2/527 1437/2/527
f 1438/2/1015 1439/2/512 1440/2/512
f 1439/2/512 1438/2/1015 1441/2/1016
f 1438/2/1015 1442/2/1017 1441/2/1016
f 1443/2/1017 1442/2/1017 1438/2/1015
f 1443/2/1017 1444/2/1018 1442/2/1017
f 1443/2/1017 1445/2/1019 1444/2/1018
f 1445/2/1019 1446/2/1020 1444/2/1018
f 1445/2/1019 1447/2/1020 1446/2/1020
f 1447/2/1020 1448/2/425 1446/2/1020
f 1447/2/1020 1449/2/425 1448/2/425
f 1450/2/1021 1451/2/1022 1452/2/1023
f 1451/2/1022 1453/2/1024 1452/2/1023
f 1451/2/1022 1454/2/1025 1453/2/1024
f 1454/2/1025 1455/2/1026 1453/2/1024
f 1454/2/1025 1456/2/1027 1455/2/1026
f 1456/2/1027 1457/2/1028 1455/2/1026
f 1456/2/1027 1458/2/1029 1457/2/1028
f 1458/2/1029 1459/2/1030 1457/2/1028
f 634/2/593 625/2/584 1460/2/1031
f 625/2/584 617/2/576 1460/2/1031
f 1460/2/1031 617/2/576 616/2/575
f 634/2/593 1460/2/1031 1461/2/1032
f 616/2/575 1461/2/1032 1460/2/1031
f 1462/2/1033 634/2/593 1461/2/1032
f 1461/2/1032 1463/2/1034 1462/2/1033
f 616/2/575 1464/2/1035 1461/2/1032
f 1463/2/1034 1461/2/1032 1464/2/1035
f 1464/2/1035 616/2/575 1465/2/1036
f 1465/2/1036 616/2/575 621/2/580
f 1464/2/1035 1466/2/1037 1463/2/1034
f 621/2/580 1467/2/1038 1465/2/1036
f 1464/2/1035 1465/2/1036 1467/2/1038
f 1467/2/1038 621/2/580 1468/2/1039
f 1466/2/1037 1464/2/1035 1467/2/1038
f 1467/2/1038 1468/2/1039 1469/2/1040
f 1470/2/1041 1463/2/1034 1466/2/1037
f 1466/2/1037 1471/2/1042 1470/2/1041
f 1472/2/1043 1467/2/1038 1469/2/1040
f 1466/2/1037 1467/2/1038 1472/2/1043
f 1469/2/1040 1473/2/1044 1472/2/1043
f 1471/2/1042 1466/2/1037 1474/2/1045
f 1472/2/1043 1474/2/1045 1466/2/1037
f 1474/2/1045 1475/2/1046 1471/2/1042
f 1476/2/1047 1472/2/1043 1473/2/1044
f 1472/2/1043 1477/2/1048 1474/2/1045
f 1477/2/1048 1472/2/1043 1476/2/1047
f 1478/2/1049 1477/2/1048 1476/2/1047
f 1479/2/1050 1476/2/1047 1473/2/1044
f 1479/2/1050 1478/2/1049 1476/2/1047
f 1479/2/1050 1473/2/1044 1480/2/1051
f 1477/2/1048 1478/2/1049 1481/2/1052
f 1478/2/1049 1479/2/1050 1482/2/1053
f 1483/2/1054 1474/2/1045 1477/2/1048
f 1481/2/1052 1483/2/1054 1477/2/1048
f 1475/2/1046 1474/2/1045 1483/2/1054
f 1481/2/1052 1484/2/1055 1483/2/1054
f 1484/2/1055 1475/2/1046 1483/2/1054
f 1484/2/1055 1481/2/1052 1485/2/1056
f 1475/2/1046 1484/2/1055 1486/2/1057
f 1482/2/1053 1487/2/1058 1485/2/1056
f 1484/2/1055 1485/2/1056 1487/2/1058
f 1487/2/1058 1482/2/1053 1479/2/1050
f 1484/2/1055 1488/2/1059 1486/2/1057
f 1488/2/1059 1484/2/1055 1487/2/1058
f 1489/2/1060 1486/2/1057 1488/2/1059
f 1488/2/1059 1490/2/1061 1489/2/1060
f 1491/2/1062 1489/2/1060 1490/2/1061
f 1490/2/1061 1488/2/1059 1492/2/1063
f 1479/2/1050 1493/2/1064 1487/2/1058
f 1488/2/1059 1487/2/1058 1493/2/1064
f 1493/2/1064 1492/2/1063 1488/2/1059
f 1480/2/1051 1493/2/1064 1479/2/1050
f 1493/2/1064 1480/2/1051 1494/2/1065
f 1494/2/1065 1492/2/1063 1493/2/1064
f 1492/2/1063 1494/2/1065 1495/2/1066
f 1496/2/1067 1497/2/1068 1498/2/1069
f 1497/2/1068 1496/2/1067 1499/2/1070
f 1498/2/1069 1497/2/1068 1500/2/1071
f 1501/2/1072 1499/2/1070 1496/2/1067
f 1499/2/1070 1501/2/1072 1502/2/1073
f 1503/2/1074 1502/2/1073 1501/2/1072
f 1497/2/1068 1504/2/1075 1500/2/1071
f 1498/2/1069 1500/2/1071 1505/2/1076
f 1501/2/1072 1496/2/1067 1506/2/1077
f 1496/2/1067 1498/2/1069 1507/2/1078
f 1507/2/1078 1498/2/1069 1505/2/1076
f 1506/2/1077 1496/2/1067 1507/2/1078
f 1505/2/1076 1500/2/1071 1508/2/1079
f 1509/2/527 1501/2/1072 1506/2/1077
f 1507/2/1078 1505/2/1076 1510/2/1080
f 1507/2/1078 1511/2/1081 1506/2/1077
f 1510/2/1080 1512/2/1078 1507/2/1078
f 1512/2/1078 1511/2/1081 1507/2/1078
f 1512/2/1078 1510/2/1080 1513/2/1080
f 1511/2/1081 1512/2/1078 1514/2/1082
f 1515/2/1083 1501/2/1072 1509/2/527
f 1515/2/1083 1503/2/1074 1501/2/1072
f 1516/2/1084 1515/2/1083 1509/2/527
f 1517/2/1085 1503/2/1074 1515/2/1083
f 1518/2/1086 1515/2/1083 1516/2/1084
f 1518/2/1086 1517/2/1085 1515/2/1083
f 1519/2/1087 1518/2/1086 1516/2/1084
f 1520/2/1088 1517/2/1085 1518/2/1086
f 1519/2/1087 1520/2/1088 1518/2/1086
f 1517/2/1085 1520/2/1088 1521/2/1089
f 1519/2/1087 1516/2/1084 1522/2/1090
f 1522/2/1090 1523/2/1087 1519/2/1087
f 1523/2/1087 1522/2/1090 1524/2/1091
f 1523/2/1087 1525/2/1092 1519/2/1087
f 1525/2/1092 1523/2/1087 1526/2/1093
f 1519/2/1087 1525/2/1092 1527/2/1093
f 1520/2/1088 1519/2/1087 1527/2/1093
f 1527/2/1093 1528/2/1094 1520/2/1088
f 1528/2/1094 1521/2/1089 1520/2/1088
f 1529/2/1095 1530/2/1096 1531/2/1095
f 1530/2/1096 1529/2/1095 1532/2/1097
f 1529/2/1095 1533/2/1095 1532/2/1097
f 1532/2/1097 1534/2/1098 1530/2/1096
f 1530/2/1096 1534/2/1098 1535/2/1098
f 1534/2/1098 1532/2/1097 1536/2/1098
f 1537/2/1099 1538/2/1100 1539/2/1101
f 1538/2/1100 1537/2/1099 1540/2/1099
f 1539/2/1101 1541/2/1099 1537/2/1099
f 1538/2/1100 1542/2/1102 1539/2/1101
f 1539/2/1101 1542/2/1102 1543/2/1102
f 1542/2/1102 1538/2/1100 1544/2/1102
f 1521/2/1089 1528/2/1094 1545/2/1103
f 1528/2/1094 1527/2/1093 1546/2/657
f 1528/2/1094 1547/2/1104 1545/2/1103
f 1546/2/657 1548/2/1105 1528/2/1094
f 1547/2/1104 1528/2/1094 1548/2/1105
f 1548/2/1105 1546/2/657 1549/2/1106
f 1548/2/1105 1550/2/1107 1547/2/1104
f 1549/2/1106 1551/2/1108 1548/2/1105
f 1550/2/1107 1548/2/1105 1551/2/1108
f 1551/2/1108 1549/2/1106 1552/2/1109
f 1553/2/1110 1550/2/1107 1551/2/1108
f 1553/2/1110 1551/2/1108 1552/2/1109
f 1550/2/1107 1553/2/1110 1554/2/1111
f 1555/2/1112 1552/2/1109 1549/2/1106
f 1555/2/1112 1556/2/1109 1552/2/1109
f 1556/2/1109 1555/2/1112 1557/2/1113
f 1556/2/1109 1558/2/1114 1552/2/1109
f 1558/2/1114 1556/2/1109 1559/2/1114
f 1552/2/1109 1558/2/1114 1560/2/1115
f 1560/2/1115 1553/2/1110 1552/2/1109
f 1561/2/1116 1553/2/1110 1560/2/1115
f 1561/2/1116 1554/2/1111 1553/2/1110
f 1554/2/1111 1561/2/1116 1562/2/1117
f 1563/2/502 1561/2/1116 1560/2/1115
f 1564/2/1118 1562/2/1117 1561/2/1116
f 1565/2/1119 1561/2/1116 1563/2/502
f 1565/2/1119 1564/2/1118 1561/2/1116
f 1566/2/1120 1565/2/1119 1563/2/502
f 1567/2/1121 1564/2/1118 1565/2/1119
f 1568/2/1122 1565/2/1119 1566/2/1120
f 1568/2/1122 1567/2/1121 1565/2/1119
f 1569/2/1123 1568/2/1122 1566/2/1120
f 1570/2/1124 1567/2/1121 1568/2/1122
f 1570/2/1124 1568/2/1122 1569/2/1123
f 1567/2/1121 1570/2/1124 1571/2/1125
f 1569/2/1123 1566/2/1120 1572/2/1126
f 1572/2/1126 1573/2/1123 1569/2/1123
f 1573/2/1123 1572/2/1126 1574/2/1126
f 1573/2/1123 1575/2/1127 1569/2/1123
f 1575/2/1127 1573/2/1123 1576/2/1127
f 1569/2/1123 1575/2/1127 1577/2/1128
f 1577/2/1128 1570/2/1124 1569/2/1123
f 1578/2/1129 1570/2/1124 1577/2/1128
f 1578/2/1129 1571/2/1125 1570/2/1124
f 1508/2/1079 1578/2/1129 1577/2/1128
f 1571/2/1125 1578/2/1129 1579/2/1130
f 1500/2/1071 1578/2/1129 1508/2/1079
f 1504/2/1075 1579/2/1130 1578/2/1129
f 1500/2/1071 1504/2/1075 1578/2/1129
f 1580/2/498 588/2/499 587/2/555
f 588/2/499 1581/2/501 586/2/502
f 1582/2/1131 588/2/499 1580/2/498
f 588/2/499 1582/2/1131 1583/2/504
f 1583/2/504 1581/2/501 588/2/499
f 1584/2/505 1583/2/504 1582/2/1131
f 1583/2/504 1585/2/506 1581/2/501
f 1585/2/506 1586/2/1132 1581/2/501
f 1586/2/1132 1585/2/506 1587/2/1133
f 1587/2/1133 1585/2/506 1588/2/506
f 1585/2/506 1589/2/1134 1588/2/506
f 1589/2/1134 1585/2/506 1590/2/1134
f 1590/2/1134 1585/2/506 1591/2/1135
f 1592/2/510 1585/2/506 1583/2/504
f 1592/2/510 1591/2/1135 1585/2/506
f 1583/2/504 1584/2/505 1592/2/510
f 1591/2/1135 1592/2/510 1593/2/511
f 1593/2/511 1592/2/510 1584/2/505
f 1593/2/511 1594/2/512 1591/2/1135
f 1593/2/511 1584/2/505 1595/2/513
f 1594/2/512 1593/2/511 1596/2/1136
f 1595/2/513 1596/2/1136 1593/2/511
f 1596/2/1136 1595/2/513 1597/2/1137
f 1596/2/1136 1598/2/522 1594/2/512
f 1599/2/1138 1596/2/1136 1597/2/1137
f 1596/2/1136 1599/2/1138 1600/2/1139
f 1598/2/522 1596/2/1136 1600/2/1139
f 1601/2/519 1600/2/1139 1599/2/1138
f 1600/2/1139 1602/2/520 1598/2/522
f 1602/2/520 1603/2/991 1598/2/522
f 1603/2/991 1602/2/520 1604/2/522
f 1604/2/522 1602/2/520 1605/2/520
f 1606/2/1140 1605/2/520 1602/2/520
f 1602/2/520 1607/2/1140 1606/2/1140
f 1607/2/1140 1602/2/520 1608/2/523
f 1602/2/520 1600/2/1139 1609/2/525
f 1608/2/523 1602/2/520 1609/2/525
f 1600/2/1139 1601/2/519 1609/2/525
f 1608/2/523 1609/2/525 1610/2/526
f 1610/2/526 1609/2/525 1601/2/519
f 562/2/527 1608/2/523 1610/2/526
f 1601/2/519 559/2/536 1610/2/526
f 562/2/527 1610/2/526 557/2/529
f 557/2/529 1610/2/526 559/2/536
f 1611/2/568 1612/2/569 1613/2/568
f 1613/2/568 1612/2/569 1614/2/570
f 1612/2/569 1611/2/568 1615/2/571
f 1615/2/571 1616/2/572 1612/2/569
f 1617/2/572 1612/2/569 1616/2/572
f 1612/2/569 1617/2/572 1618/2/572
f 1619/2/562 1620/2/563 1621/2/562
f 1622/2/562 1620/2/563 1619/2/562
f 1620/2/563 1622/2/562 1623/2/565
f 1624/2/566 1620/2/563 1623/2/565
f 1625/2/566 1620/2/563 1624/2/566
f 1620/2/563 1625/2/566 1626/2/567
f 1627/2/530 1628/2/531 1629/2/532
f 1628/2/531 1627/2/530 1630/2/1141
f 1629/2/532 1628/2/531 1631/2/1142
f 545/2/529 1630/2/1141 1627/2/530
f 1630/2/1141 545/2/529 1632/2/535
f 545/2/529 544/2/528 1632/2/535
f 1628/2/531 1633/2/1143 1631/2/1142
f 1634/2/538 545/2/529 1627/2/530
f 1634/2/538 543/2/527 545/2/529
f 1635/2/539 1634/2/538 1627/2/530
f 1635/2/539 1627/2/530 1629/2/532
f 1635/2/539 1636/2/1144 1634/2/538
f 1636/2/1144 1635/2/539 1637/2/977
f 1637/2/977 1635/2/539 1638/2/539
f 1638/2/539 1635/2/539 1639/2/974
f 1635/2/539 1640/2/541 1639/2/974
f 1635/2/539 1641/2/541 1640/2/541
f 1635/2/539 1629/2/532 1641/2/541
f 1629/2/532 1631/2/1142 1641/2/541
f 1641/2/541 1631/2/1142 1642/2/425
f 1631/2/1142 1643/2/1145 1642/2/425
f 1631/2/1142 1633/2/1143 1643/2/1145
f 1633/2/1143 1644/2/543 1643/2/1145
f 1642/2/425 1643/2/1145 1645/2/550
f 1646/2/1146 1643/2/1145 1644/2/543
f 1643/2/1145 1646/2/1146 1647/2/1147
f 1643/2/1145 1647/2/1147 1645/2/550
f 1648/2/547 1647/2/1147 1646/2/1146
f 1645/2/550 1647/2/1147 1649/2/548
f 1649/2/548 1650/2/550 1645/2/550
f 1650/2/550 1649/2/548 1651/2/970
f 1651/2/970 1649/2/548 1652/2/548
f 1649/2/548 1653/2/551 1652/2/548
f 1653/2/551 1649/2/548 1654/2/552
f 1654/2/552 1649/2/548 1655/2/551
f 1647/2/1147 1656/2/553 1649/2/548
f 1656/2/553 1655/2/551 1649/2/548
f 1647/2/1147 1648/2/547 1656/2/553
f 1655/2/551 1656/2/553 1657/2/554
f 1648/2/547 1657/2/554 1656/2/553
f 1657/2/554 513/2/502 1655/2/551
f 511/2/500 1657/2/554 1648/2/547
f 510/2/499 513/2/502 1657/2/554
f 511/2/500 510/2/499 1657/2/554
f 1658/2/632 1659/2/633 1660/2/634
f 1659/2/633 1661/2/634 1660/2/634
f 1659/2/633 1662/2/635 1661/2/634
f 1663/2/636 1659/2/633 1658/2/632
f 1664/2/636 1659/2/633 1663/2/636
f 1659/2/633 1664/2/636 1665/2/637
f 1666/2/638 1667/2/639 1668/2/639
f 1667/2/639 1666/2/638 1669/2/640
f 1668/2/639 1670/2/641 1666/2/638
f 1671/2/642 1666/2/638 1670/2/641
f 1672/2/642 1666/2/638 1671/2/642
f 1666/2/638 1672/2/642 1673/2/643
f 1674/2/1148 1675/2/1149 1676/2/1149
f 1677/2/1150 1676/2/1149 1675/2/1149
f 1677/2/1150 1675/2/1149 1678/2/1151
f 1675/2/1149 1674/2/1148 1679/2/1152
f 1674/2/1148 1680/2/1153 1679/2/1152
f 1674/2/1148 1681/2/1154 1680/2/1153
f 1682/2/1152 1683/2/1148 1684/2/1149
f 1682/2/1152 1685/2/1153 1683/2/1148
f 1685/2/1153 1686/2/1155 1683/2/1148
f 1684/2/1149 1683/2/1148 1687/2/1156
f 1687/2/1156 1688/2/1151 1684/2/1149
f 1689/2/1151 1684/2/1149 1688/2/1151
f 1690/2/1123 1691/2/1157 1692/2/1158
f 1693/2/1159 1691/2/1157 1690/2/1123
f 1690/2/1123 1692/2/1158 1694/2/1160
f 1693/2/1159 1695/2/1161 1691/2/1157
f 1695/2/1161 1692/2/1158 1691/2/1157
f 1696/2/1079 1695/2/1161 1693/2/1159
f 1696/2/1079 1697/2/1162 1695/2/1161
f 1698/2/1163 1697/2/1162 1696/2/1079
f 1699/2/1164 1695/2/1161 1697/2/1162
f 1698/2/1163 1699/2/1164 1697/2/1162
f 1692/2/1158 1695/2/1161 1699/2/1164
f 1700/2/1078 1699/2/1164 1698/2/1163
f 1694/2/1160 1692/2/1158 1701/2/1165
f 1694/2/1160 1701/2/1165 1702/2/502
f 1700/2/1078 1703/2/1166 1699/2/1164
f 1704/2/1167 1703/2/1166 1700/2/1078
f 1705/2/1168 1699/2/1164 1703/2/1166
f 1704/2/1167 1705/2/1168 1703/2/1166
f 1705/2/1168 1692/2/1158 1699/2/1164
f 1706/2/527 1705/2/1168 1704/2/1167
f 1692/2/1158 1707/2/1169 1701/2/1165
f 1702/2/502 1701/2/1165 1707/2/1169
f 1692/2/1158 1705/2/1168 1707/2/1169
f 1702/2/502 1707/2/1169 1708/2/1114
f 1706/2/527 1709/2/1170 1705/2/1168
f 1710/2/1171 1709/2/1170 1706/2/527
f 1711/2/1172 1705/2/1168 1709/2/1170
f 1710/2/1171 1711/2/1172 1709/2/1170
f 1711/2/1172 1707/2/1169 1705/2/1168
f 1712/2/1087 1711/2/1172 1710/2/1171
f 1708/2/1114 1707/2/1169 1713/2/1173
f 1708/2/1114 1713/2/1173 1714/2/1109
f 1707/2/1169 1715/2/1174 1713/2/1173
f 1715/2/1174 1714/2/1109 1713/2/1173
f 1711/2/1172 1715/2/1174 1707/2/1169
f 1715/2/1174 1716/2/1175 1714/2/1109
f 1712/2/1087 1717/2/1176 1711/2/1172
f 1717/2/1176 1712/2/1087 1718/2/1092
f 1719/2/1177 1716/2/1175 1715/2/1174
f 1719/2/1177 1720/2/657 1716/2/1175
f 1715/2/1174 1711/2/1172 1721/2/1178
f 1715/2/1174 1721/2/1178 1719/2/1177
f 1721/2/1178 1711/2/1172 1717/2/1176
f 1721/2/1178 1720/2/657 1719/2/1177
f 1717/2/1176 1718/2/1092 1721/2/1178
f 1721/2/1178 1718/2/1092 1720/2/657
